{"type":"FeatureCollection","features":[{"type":"Feature","properties":{"id":572,"nomor_ruas":"I.10","nama_ruas":"MADUKARA-PAKELEN","titik_awal":"I.8","titik_akhir":"Masjid Dkh Pakelen","panjang_km":4.34,"lebar_m":4},"geometry":{"type":"LineString","coordinates":[[109.746618,-7.379208],[109.746939,-7.379199],[109.747045,-7.378825],[109.74722,-7.378464],[109.747418,-7.377861],[109.74751,-7.377503],[109.747521,-7.377136],[109.747384,-7.376653],[109.747381,-7.376529],[109.74748,-7.375904],[109.747461,-7.375751],[109.747407,-7.375395],[109.747375,-7.375139],[109.747233,-7.374993],[109.747099,-7.374875],[109.747049,-7.374817],[109.746881,-7.374579],[109.746798,-7.374432],[109.746802,-7.374231],[109.746767,-7.374029],[109.746729,-7.37382],[109.746692,-7.373631],[109.746495,-7.373444],[109.746388,-7.373217],[109.746263,-7.37279],[109.746141,-7.372635],[109.745925,-7.372208],[109.745902,-7.372014],[109.745838,-7.37182],[109.74575,-7.371442],[109.745881,-7.371157],[109.745881,-7.371043],[109.745788,-7.370595],[109.745841,-7.370542],[109.746088,-7.370112],[109.746215,-7.36938],[109.746212,-7.369107],[109.746295,-7.369],[109.746498,-7.368713],[109.746533,-7.368381],[109.74646,-7.368165],[109.746025,-7.367807],[109.745893,-7.36761],[109.745613,-7.367383],[109.745432,-7.367364],[109.745314,-7.367242],[109.745273,-7.36698],[109.745195,-7.366821],[109.74498,-7.36643],[109.744604,-7.365687],[109.74429,-7.365638],[109.744139,-7.365534],[109.744034,-7.365306],[109.743994,-7.365223],[109.743896,-7.365042],[109.743763,-7.364959],[109.743594,-7.364764],[109.743527,-7.3646],[109.743484,-7.364443],[109.743412,-7.36427],[109.743324,-7.364157],[109.743181,-7.364027],[109.743083,-7.363913],[109.742975,-7.363782],[109.74263,-7.363429],[109.742472,-7.363393],[109.742169,-7.363366],[109.742019,-7.363371],[109.741767,-7.363261],[109.741742,-7.363157],[109.741838,-7.363002],[109.741978,-7.362864],[109.742174,-7.362664],[109.742233,-7.362528],[109.742308,-7.36233],[109.742369,-7.362188],[109.742379,-7.36212],[109.742375,-7.361932],[109.742421,-7.361624],[109.742528,-7.361501],[109.742764,-7.361358],[109.742902,-7.361123],[109.742947,-7.360743],[109.743134,-7.360291],[109.743336,-7.360144],[109.743564,-7.359866],[109.743598,-7.35974],[109.743545,-7.359518],[109.743376,-7.359367],[109.743231,-7.359164],[109.742676,-7.35899],[109.74259,-7.358892],[109.742546,-7.358692],[109.742373,-7.358437],[109.742173,-7.358285],[109.741917,-7.358136],[109.741771,-7.357925],[109.74143,-7.357535],[109.741389,-7.357435],[109.741132,-7.357212],[109.741121,-7.356945],[109.740942,-7.356886],[109.740753,-7.356861],[109.740566,-7.356813],[109.740492,-7.356777],[109.74027,-7.356631],[109.740369,-7.356415],[109.740331,-7.356317],[109.740128,-7.355974],[109.73972,-7.355575],[109.739412,-7.355221],[109.739213,-7.354885],[109.739063,-7.354529],[109.738923,-7.354423],[109.738604,-7.354186],[109.738436,-7.354051],[109.738344,-7.353691],[109.738318,-7.353458],[109.738274,-7.353313],[109.738167,-7.353138],[109.7379,-7.352978],[109.7376,-7.352778],[109.737301,-7.352374],[109.737203,-7.352313],[109.736998,-7.352237],[109.736841,-7.352018],[109.736717,-7.351877],[109.736588,-7.351646],[109.736605,-7.351569],[109.736544,-7.351015],[109.73651,-7.350951],[109.736449,-7.350785],[109.736041,-7.35021],[109.735882,-7.350012],[109.735742,-7.349884],[109.735624,-7.349845],[109.735565,-7.349847],[109.735257,-7.349866],[109.735001,-7.349875],[109.734856,-7.349823],[109.734665,-7.349773],[109.734423,-7.349701],[109.734337,-7.349592],[109.734187,-7.34935],[109.734056,-7.349211],[109.733992,-7.349162]]}},{"type":"Feature","properties":{"id":573,"nomor_ruas":"I.11","nama_ruas":"RAKITAN-PAKELEN","titik_awal":"JL PROP KM 3 BNA","titik_akhir":"Masjid Dkh Pakelen","panjang_km":6.657,"lebar_m":4.5},"geometry":{"type":"LineString","coordinates":[[109.692417,-7.375347],[109.693287,-7.375393],[109.694596,-7.375463],[109.695147,-7.37546],[109.695707,-7.375677],[109.696048,-7.375822],[109.696212,-7.375884],[109.696615,-7.376013],[109.696767,-7.376094],[109.696959,-7.376217],[109.697133,-7.376203],[109.697151,-7.376179],[109.697244,-7.375972],[109.697411,-7.375584],[109.697502,-7.375522],[109.697676,-7.375488],[109.698092,-7.375419],[109.698181,-7.375362],[109.698402,-7.375169],[109.698442,-7.375097],[109.698525,-7.374815],[109.698579,-7.374649],[109.698722,-7.374512],[109.698905,-7.374405],[109.699186,-7.374327],[109.699347,-7.374299],[109.699633,-7.374258],[109.700081,-7.374206],[109.700391,-7.374176],[109.700692,-7.374155],[109.70097,-7.374059],[109.701139,-7.373932],[109.701512,-7.373565],[109.701601,-7.373388],[109.701684,-7.373033],[109.701735,-7.372913],[109.701869,-7.372764],[109.702025,-7.37259],[109.702491,-7.371844],[109.702699,-7.371626],[109.702954,-7.371492],[109.703136,-7.371454],[109.70335,-7.371458],[109.703529,-7.371491],[109.703647,-7.371447],[109.703802,-7.37134],[109.703942,-7.371244],[109.704057,-7.37115],[109.704264,-7.370934],[109.704382,-7.370773],[109.704557,-7.370587],[109.704787,-7.370463],[109.705016,-7.370347],[109.705165,-7.37026],[109.705292,-7.370077],[109.705392,-7.36972],[109.705439,-7.369535],[109.70551,-7.36937],[109.705709,-7.369112],[109.706193,-7.368457],[109.706261,-7.368324],[109.706375,-7.368125],[109.70647,-7.367916],[109.70656,-7.367678],[109.706565,-7.367492],[109.706455,-7.367224],[109.70647,-7.367118],[109.706896,-7.366755],[109.707115,-7.366555],[109.707246,-7.366454],[109.707348,-7.366364],[109.70748,-7.366236],[109.707576,-7.366134],[109.707708,-7.365949],[109.707855,-7.365763],[109.708346,-7.365398],[109.708515,-7.365252],[109.708671,-7.365146],[109.708828,-7.365079],[109.709006,-7.365062],[109.709153,-7.365023],[109.709261,-7.364923],[109.709467,-7.364808],[109.709669,-7.364731],[109.70978,-7.364558],[109.709804,-7.364391],[109.709919,-7.364233],[109.71009,-7.364172],[109.710236,-7.364108],[109.710344,-7.363927],[109.710446,-7.363786],[109.710556,-7.363644],[109.710628,-7.363512],[109.710867,-7.363246],[109.710966,-7.363113],[109.711082,-7.362956],[109.711204,-7.362721],[109.711224,-7.362549],[109.711281,-7.362389],[109.711439,-7.362217],[109.711597,-7.36207],[109.711744,-7.362033],[109.711881,-7.362035],[109.712084,-7.362058],[109.712243,-7.362077],[109.712396,-7.361871],[109.712423,-7.361512],[109.712532,-7.361285],[109.712734,-7.361128],[109.71287,-7.361057],[109.712997,-7.361007],[109.713289,-7.360939],[109.7135,-7.3609],[109.713614,-7.360778],[109.713782,-7.360635],[109.713984,-7.36055],[109.714157,-7.3604],[109.714146,-7.360234],[109.714134,-7.359944],[109.714091,-7.359751],[109.713916,-7.359416],[109.713904,-7.359119],[109.713932,-7.358881],[109.713995,-7.358739],[109.714132,-7.358517],[109.714163,-7.35838],[109.714098,-7.358215],[109.714022,-7.358071],[109.71389,-7.357787],[109.7138,-7.357633],[109.713804,-7.357466],[109.713866,-7.3573],[109.713995,-7.357153],[109.714124,-7.357024],[109.714247,-7.356772],[109.714358,-7.356319],[109.714399,-7.35608],[109.714413,-7.355934],[109.714412,-7.355737],[109.714454,-7.355572],[109.714592,-7.355363],[109.714732,-7.35515],[109.714904,-7.355105],[109.715048,-7.355069],[109.715203,-7.354896],[109.715404,-7.354806],[109.71552,-7.354653],[109.71556,-7.354389],[109.715557,-7.354254],[109.715555,-7.354088],[109.715556,-7.353952],[109.715528,-7.353808],[109.715436,-7.3537],[109.715315,-7.353579],[109.715079,-7.353372],[109.714897,-7.353174],[109.714869,-7.352994],[109.714916,-7.352751],[109.715022,-7.352542],[109.715187,-7.352406],[109.715266,-7.352393],[109.715466,-7.352327],[109.715599,-7.352213],[109.715769,-7.352042],[109.715905,-7.35191],[109.716058,-7.35176],[109.716094,-7.351586],[109.716096,-7.351439],[109.716091,-7.351221],[109.716092,-7.351052],[109.716003,-7.350169],[109.716163,-7.349928],[109.716224,-7.349778],[109.716248,-7.349618],[109.716294,-7.349291],[109.716379,-7.349121],[109.716481,-7.348936],[109.716579,-7.348832],[109.716666,-7.34871],[109.716736,-7.348584],[109.716854,-7.348397],[109.71698,-7.348256],[109.717055,-7.348121],[109.71712,-7.347771],[109.717183,-7.347515],[109.717264,-7.347275],[109.717378,-7.346961],[109.717448,-7.346824],[109.717618,-7.346537],[109.717758,-7.346421],[109.717997,-7.34632],[109.718176,-7.346151],[109.718314,-7.346093],[109.718574,-7.346075],[109.718665,-7.346091],[109.718894,-7.34608],[109.719109,-7.345967],[109.719247,-7.346001],[109.719383,-7.346066],[109.719598,-7.346173],[109.71965,-7.346191],[109.719973,-7.346227],[109.720014,-7.346159],[109.720014,-7.345943],[109.720018,-7.345756],[109.72007,-7.34566],[109.720173,-7.345542],[109.720462,-7.345357],[109.720547,-7.345242],[109.72058,-7.345104],[109.72073,-7.34483],[109.720888,-7.344479],[109.720865,-7.344287],[109.720847,-7.344108],[109.72094,-7.343983],[109.72104,-7.343916],[109.721257,-7.343814],[109.721296,-7.343718],[109.721319,-7.34356],[109.72137,-7.343382],[109.721364,-7.343307],[109.721347,-7.343037],[109.72146,-7.342941],[109.72149,-7.342803],[109.721419,-7.342568],[109.721514,-7.342452],[109.721571,-7.342205],[109.721551,-7.342142],[109.721213,-7.34152],[109.721299,-7.341412],[109.721425,-7.341253],[109.721689,-7.34095],[109.721746,-7.340787],[109.721812,-7.340652],[109.721856,-7.340594],[109.722003,-7.340393],[109.721994,-7.340088],[109.721918,-7.339958],[109.721752,-7.339814],[109.72172,-7.339693],[109.72185,-7.339558],[109.722189,-7.339462],[109.722522,-7.339253],[109.722729,-7.339218],[109.72296,-7.33921],[109.723066,-7.33902],[109.72325,-7.338928],[109.723424,-7.338845],[109.723403,-7.338722],[109.723212,-7.33859],[109.723171,-7.338444],[109.72323,-7.338279],[109.723278,-7.33809],[109.723411,-7.33806],[109.723532,-7.337941],[109.723497,-7.337682],[109.723524,-7.337453]]}},{"type":"Feature","properties":{"id":574,"nomor_ruas":"I.13","nama_ruas":"BLITAR-KENTENG","titik_awal":"I.12","titik_akhir":"PASAR","panjang_km":1.142,"lebar_m":3},"geometry":{"type":"LineString","coordinates":[[109.703604,-7.371482],[109.703462,-7.371697],[109.703433,-7.371788],[109.703357,-7.372002],[109.703357,-7.372159],[109.703332,-7.372515],[109.703259,-7.372676],[109.703123,-7.372811],[109.703129,-7.37283],[109.703119,-7.373018],[109.703129,-7.373201],[109.703136,-7.373385],[109.703157,-7.37368],[109.703111,-7.374458],[109.702988,-7.375083],[109.702982,-7.375318],[109.702984,-7.37552],[109.703011,-7.375775],[109.702979,-7.375882],[109.702951,-7.376117],[109.702933,-7.376163],[109.702907,-7.376331],[109.702796,-7.376719],[109.702866,-7.376875],[109.702883,-7.377029],[109.702852,-7.377073],[109.702761,-7.377263],[109.702525,-7.377438],[109.702355,-7.377748],[109.70227,-7.377868],[109.702192,-7.378072],[109.702239,-7.378241],[109.70237,-7.378349],[109.702455,-7.37847],[109.702528,-7.37871],[109.702484,-7.378994],[109.702468,-7.379241],[109.702443,-7.379437],[109.702437,-7.379643],[109.702402,-7.379877],[109.702402,-7.38018],[109.702372,-7.381219]]}},{"type":"Feature","properties":{"id":575,"nomor_ruas":"I.15","nama_ruas":"BANJARNEGARA-KEBUTUH JURANG","titik_awal":"JEMBATAN IRIGASI SIWULUH","titik_akhir":"TUGU BATAS KABUPATEN","panjang_km":14.785,"lebar_m":4},"geometry":{"type":"LineString","coordinates":[[109.686029,-7.399557],[109.686026,-7.399879],[109.686009,-7.40002],[109.685968,-7.40032],[109.685899,-7.400872],[109.686374,-7.400914],[109.686843,-7.400906],[109.687033,-7.40086],[109.687169,-7.400801],[109.687309,-7.400751],[109.687501,-7.400684],[109.687709,-7.40067],[109.687999,-7.400704],[109.688163,-7.400797],[109.688384,-7.40102],[109.688503,-7.401151],[109.688763,-7.401292],[109.689037,-7.401257],[109.689249,-7.401223],[109.689419,-7.40119],[109.689575,-7.401205],[109.689799,-7.401318],[109.689956,-7.401263],[109.690034,-7.401363],[109.689977,-7.401538],[109.689862,-7.401759],[109.689843,-7.401944],[109.689925,-7.402047],[109.690147,-7.402101],[109.690185,-7.402183],[109.690315,-7.402441],[109.690349,-7.402532],[109.690372,-7.402683],[109.690368,-7.403037],[109.690417,-7.403181],[109.690479,-7.403379],[109.690426,-7.403629],[109.690459,-7.403875],[109.690508,-7.404068],[109.6907,-7.404716],[109.690909,-7.404891],[109.691143,-7.404951],[109.691377,-7.404988],[109.691584,-7.404928],[109.691794,-7.40487],[109.692431,-7.404806],[109.692458,-7.404948],[109.692403,-7.405157],[109.692386,-7.405304],[109.692398,-7.405476],[109.69251,-7.405863],[109.692556,-7.406017],[109.692628,-7.406225],[109.692777,-7.406552],[109.692894,-7.406734],[109.693073,-7.406938],[109.693191,-7.407153],[109.6933,-7.407407],[109.693439,-7.407499],[109.693592,-7.407582],[109.693723,-7.40774],[109.693886,-7.40806],[109.694027,-7.408175],[109.694149,-7.408267],[109.694225,-7.4084],[109.694278,-7.408525],[109.694406,-7.408934],[109.694691,-7.409522],[109.69479,-7.409624],[109.694924,-7.409793],[109.694996,-7.409908],[109.695099,-7.410081],[109.695443,-7.410524],[109.695604,-7.410622],[109.695777,-7.410748],[109.695948,-7.410881],[109.696307,-7.410846],[109.696405,-7.411124],[109.696458,-7.411203],[109.696569,-7.411339],[109.696732,-7.411433],[109.696929,-7.411772],[109.69693,-7.411925],[109.696907,-7.411951],[109.696667,-7.412227],[109.696665,-7.412279],[109.696736,-7.412621],[109.696775,-7.412867],[109.696817,-7.413164],[109.696896,-7.413608],[109.696882,-7.413818],[109.696915,-7.413961],[109.69709,-7.414087],[109.697017,-7.414312],[109.697057,-7.414801],[109.697085,-7.414848],[109.696829,-7.415354],[109.696826,-7.415453],[109.696915,-7.4156],[109.696915,-7.415744],[109.696896,-7.415814],[109.696775,-7.416065],[109.696366,-7.416467],[109.696162,-7.416808],[109.695974,-7.416936],[109.695773,-7.417179],[109.695729,-7.417315],[109.695718,-7.417456],[109.695818,-7.417681],[109.695788,-7.417929],[109.695793,-7.418072],[109.695779,-7.418208],[109.695696,-7.418464],[109.695426,-7.418933],[109.695278,-7.418924],[109.695157,-7.418961],[109.694909,-7.419068],[109.694707,-7.419377],[109.694703,-7.419484],[109.694674,-7.41957],[109.694408,-7.419899],[109.694307,-7.42004],[109.694206,-7.420243],[109.694171,-7.420356],[109.694094,-7.420656],[109.694108,-7.420835],[109.694182,-7.42098],[109.694125,-7.421109],[109.693857,-7.421336],[109.693731,-7.421569],[109.693695,-7.42171],[109.693621,-7.42184],[109.693479,-7.422006],[109.693462,-7.422149],[109.693505,-7.422282],[109.693687,-7.422532],[109.693774,-7.422659],[109.693884,-7.422819],[109.693901,-7.422956],[109.693794,-7.423042],[109.693392,-7.423082],[109.693235,-7.423088],[109.693086,-7.423069],[109.692957,-7.423123],[109.69317,-7.423255],[109.693625,-7.423475],[109.694099,-7.423703],[109.694375,-7.423742],[109.694688,-7.424028],[109.695153,-7.424485],[109.695211,-7.424572],[109.695278,-7.424697],[109.695391,-7.425062],[109.695458,-7.425238],[109.695475,-7.425582],[109.695559,-7.425732],[109.69572,-7.425896],[109.695756,-7.426112],[109.695799,-7.42619],[109.695576,-7.426319],[109.695849,-7.426459],[109.695983,-7.426626],[109.695913,-7.426731],[109.695873,-7.426901],[109.695872,-7.427042],[109.695891,-7.42722],[109.695932,-7.427397],[109.695963,-7.427788],[109.695937,-7.427947],[109.695832,-7.428189],[109.695759,-7.428376],[109.695644,-7.428576],[109.695521,-7.428734],[109.695355,-7.428949],[109.69524,-7.429049],[109.695139,-7.429185],[109.695059,-7.429414],[109.695037,-7.42958],[109.695,-7.429795],[109.69492,-7.430175],[109.694855,-7.430404],[109.694739,-7.430541],[109.694667,-7.430684],[109.694645,-7.430856],[109.694572,-7.431172],[109.694528,-7.431301],[109.694492,-7.431502],[109.694477,-7.431652],[109.694448,-7.431846],[109.694318,-7.432061],[109.694267,-7.432219],[109.694202,-7.432362],[109.694101,-7.43247],[109.693934,-7.432699],[109.693919,-7.432986],[109.693998,-7.433058],[109.694372,-7.433059],[109.694466,-7.43327],[109.694466,-7.433471],[109.694515,-7.433716],[109.694629,-7.434104],[109.694664,-7.434362],[109.694714,-7.434664],[109.694641,-7.434793],[109.694638,-7.434977],[109.694752,-7.435192],[109.694895,-7.435347],[109.69519,-7.435517],[109.695222,-7.435643],[109.695247,-7.435808],[109.695242,-7.436012],[109.695125,-7.436672],[109.695089,-7.436862],[109.695063,-7.436992],[109.694951,-7.437246],[109.694857,-7.437292],[109.694699,-7.437328],[109.694472,-7.437453],[109.694242,-7.437545],[109.694177,-7.437674],[109.694187,-7.437901],[109.694165,-7.438087],[109.694121,-7.438324],[109.694063,-7.438514],[109.69385,-7.438826],[109.69359,-7.438954],[109.693245,-7.439054],[109.693252,-7.439233],[109.693017,-7.439259],[109.693185,-7.439401],[109.693261,-7.439541],[109.693267,-7.4397],[109.693348,-7.439815],[109.693455,-7.439923],[109.69364,-7.4401],[109.693698,-7.440303],[109.693745,-7.440447],[109.693905,-7.440765],[109.694037,-7.441011],[109.694145,-7.441106],[109.694303,-7.441096],[109.694415,-7.441016],[109.694672,-7.44095],[109.694832,-7.440945],[109.694986,-7.441014],[109.69507,-7.441089],[109.69531,-7.441261],[109.695541,-7.441352],[109.695773,-7.441501],[109.695773,-7.441674],[109.695654,-7.441889],[109.695545,-7.44239],[109.695489,-7.442636],[109.695448,-7.442867],[109.6954,-7.443107],[109.695222,-7.443673],[109.695038,-7.443875],[109.694692,-7.44409],[109.694604,-7.44419],[109.694457,-7.44436],[109.69405,-7.444838],[109.693909,-7.444919],[109.693479,-7.445125],[109.693393,-7.445245],[109.693377,-7.445428],[109.693421,-7.445624],[109.6935,-7.445786],[109.693558,-7.445959],[109.693591,-7.446098],[109.693608,-7.44625],[109.693593,-7.446458],[109.693558,-7.446704],[109.693466,-7.446913],[109.693281,-7.447047],[109.693126,-7.447172],[109.692847,-7.44737],[109.692655,-7.447584],[109.692323,-7.447888],[109.692188,-7.448098],[109.691685,-7.448976],[109.691574,-7.44909],[109.691372,-7.449231],[109.691072,-7.449483],[109.69087,-7.449632],[109.690509,-7.449761],[109.690465,-7.449817],[109.690346,-7.450023],[109.690214,-7.450262],[109.690172,-7.450428],[109.690109,-7.45073],[109.690166,-7.450877],[109.690193,-7.451011],[109.690248,-7.451148],[109.690625,-7.451828],[109.690605,-7.451993],[109.690582,-7.45211],[109.690528,-7.452475],[109.690455,-7.453074],[109.690415,-7.453429],[109.690391,-7.453562],[109.690347,-7.45371],[109.690281,-7.453846],[109.690118,-7.454037],[109.689882,-7.454376],[109.689936,-7.454593],[109.690021,-7.454711],[109.690116,-7.454865],[109.690436,-7.455091],[109.690801,-7.455595],[109.690811,-7.455802],[109.690921,-7.456102],[109.691096,-7.456176],[109.691224,-7.456223],[109.69151,-7.456527],[109.691531,-7.456671],[109.691517,-7.456734],[109.691384,-7.45704],[109.691389,-7.457281],[109.691453,-7.457625],[109.691672,-7.45789],[109.691753,-7.458047],[109.691824,-7.458237],[109.691922,-7.458603],[109.691907,-7.459119],[109.691806,-7.459421],[109.691695,-7.459631],[109.691572,-7.459891],[109.691592,-7.460052],[109.691548,-7.460407],[109.691368,-7.460643],[109.691337,-7.460779],[109.691305,-7.461006],[109.691244,-7.461173],[109.691151,-7.461312],[109.690802,-7.461799],[109.690782,-7.461855],[109.690739,-7.462004],[109.690634,-7.462296],[109.690609,-7.462484],[109.690377,-7.462572],[109.690248,-7.462677],[109.690109,-7.462855],[109.689955,-7.462858],[109.689807,-7.462874],[109.689634,-7.462873],[109.689527,-7.462955],[109.689487,-7.4631],[109.689383,-7.463225],[109.689307,-7.463356],[109.68925,-7.463534],[109.689258,-7.463677],[109.689226,-7.463906],[109.689037,-7.464018],[109.688891,-7.464031],[109.688621,-7.464018],[109.688631,-7.464209],[109.688683,-7.464353],[109.688726,-7.464486],[109.688734,-7.464696],[109.688744,-7.464845],[109.68874,-7.464987],[109.688616,-7.465246],[109.688568,-7.465382],[109.688498,-7.46556],[109.688436,-7.465688],[109.688342,-7.465845],[109.688318,-7.466018],[109.688364,-7.466209],[109.688264,-7.466342],[109.688082,-7.466362],[109.687955,-7.466439],[109.687849,-7.466555],[109.687796,-7.466679],[109.687764,-7.466844],[109.687652,-7.466952],[109.6875,-7.466992],[109.687355,-7.467061],[109.687183,-7.467253],[109.687043,-7.467414],[109.686997,-7.467553],[109.686915,-7.467668],[109.6867,-7.467746],[109.686544,-7.467712],[109.686477,-7.467589],[109.686447,-7.467438],[109.686337,-7.467257],[109.686118,-7.467184],[109.686186,-7.467369],[109.686243,-7.467647],[109.686182,-7.467784],[109.686215,-7.467973],[109.686302,-7.468078],[109.686489,-7.468184],[109.686685,-7.468201],[109.686826,-7.468198],[109.686848,-7.468367],[109.686675,-7.468541],[109.686536,-7.468618],[109.686463,-7.468745],[109.68643,-7.46879],[109.686437,-7.469137],[109.68655,-7.469735],[109.686456,-7.469883],[109.6864,-7.469988],[109.686309,-7.470198],[109.686159,-7.470485],[109.686044,-7.470571],[109.685845,-7.470742],[109.685848,-7.470871],[109.685892,-7.471076],[109.685961,-7.471203],[109.686082,-7.471314],[109.686264,-7.471446],[109.686361,-7.471604],[109.686388,-7.471749],[109.686409,-7.472109],[109.686456,-7.472342],[109.686487,-7.472439],[109.68654,-7.472571],[109.68663,-7.472761],[109.686719,-7.472989],[109.686807,-7.473226],[109.686848,-7.473395],[109.686977,-7.473759],[109.687271,-7.47404],[109.687392,-7.474294],[109.687422,-7.474524],[109.687394,-7.474715],[109.687281,-7.474924],[109.687224,-7.47499],[109.686948,-7.475132],[109.68676,-7.47535],[109.686573,-7.475452],[109.686195,-7.475653],[109.685695,-7.475851],[109.685164,-7.476189],[109.685073,-7.476377],[109.684935,-7.476705],[109.684848,-7.477233],[109.684764,-7.477561],[109.68467,-7.477756],[109.68461,-7.478008],[109.684576,-7.47815],[109.684517,-7.478289],[109.684397,-7.478402],[109.684145,-7.478549],[109.684006,-7.478756],[109.68387,-7.478914],[109.683671,-7.478971],[109.683493,-7.478983],[109.683279,-7.478941],[109.683152,-7.478897],[109.68294,-7.478831],[109.682757,-7.478807],[109.682576,-7.478815],[109.682335,-7.478862],[109.68225,-7.478873],[109.682095,-7.478836],[109.681845,-7.478877],[109.68168,-7.478951],[109.681558,-7.479034],[109.681365,-7.479072],[109.68113,-7.479029],[109.680466,-7.479241],[109.68016,-7.479307],[109.679854,-7.479444],[109.679809,-7.479485],[109.67973,-7.479606],[109.679351,-7.480117],[109.679193,-7.480245],[109.67908,-7.480298],[109.678905,-7.480347],[109.678612,-7.480402],[109.678368,-7.48041],[109.678282,-7.480427],[109.678064,-7.480574],[109.677884,-7.480787],[109.677746,-7.480949],[109.677666,-7.481011],[109.67749,-7.481139],[109.677349,-7.48124],[109.677211,-7.481414],[109.677143,-7.481603],[109.677096,-7.481724],[109.676869,-7.481969],[109.676494,-7.482618],[109.676414,-7.48283],[109.676324,-7.482958],[109.676305,-7.483358],[109.676236,-7.483508],[109.676055,-7.484008],[109.675954,-7.484296],[109.67594,-7.484454],[109.675902,-7.484689],[109.675803,-7.484883],[109.675728,-7.485006],[109.675578,-7.485199],[109.675413,-7.48532],[109.675271,-7.485377],[109.675147,-7.485362],[109.674381,-7.485304],[109.674263,-7.48533],[109.673879,-7.485476],[109.673685,-7.485546],[109.673535,-7.485538],[109.673303,-7.485508],[109.673032,-7.4855],[109.672755,-7.485453],[109.672601,-7.485492],[109.672438,-7.4856],[109.672258,-7.485639],[109.672163,-7.485639],[109.671979,-7.485641],[109.671796,-7.485669],[109.671636,-7.48573],[109.671452,-7.485816],[109.671197,-7.485964],[109.671038,-7.486125],[109.670996,-7.486196],[109.670917,-7.486611],[109.670807,-7.486768],[109.670479,-7.486944],[109.670163,-7.487157],[109.669965,-7.487307],[109.66989,-7.487437],[109.669798,-7.488047],[109.669698,-7.488644],[109.669655,-7.488882],[109.669613,-7.488956],[109.669315,-7.489503],[109.669182,-7.489685],[109.668934,-7.489976],[109.668694,-7.490114],[109.668594,-7.490148],[109.668459,-7.490179],[109.668108,-7.490177],[109.667854,-7.490209],[109.667711,-7.490275],[109.667581,-7.490379],[109.66739,-7.490541],[109.667155,-7.490768],[109.666977,-7.490968],[109.66685,-7.49109],[109.666673,-7.491227],[109.666442,-7.491382],[109.666376,-7.491486],[109.666243,-7.491743],[109.666096,-7.491987],[109.666069,-7.492108],[109.666039,-7.492317],[109.665954,-7.492579],[109.665858,-7.492722],[109.665801,-7.492768],[109.66557,-7.492951],[109.665486,-7.493064],[109.665389,-7.493227]]}},{"type":"Feature","properties":{"id":576,"nomor_ruas":"I.17","nama_ruas":"SOKANANDI-SEMARANG","titik_awal":"JL NASIONAL KM 3 HM 2 BNA","titik_akhir":"I.19/VI.27","panjang_km":2.706,"lebar_m":4.5},"geometry":{"type":"LineString","coordinates":[[109.71636,-7.392287],[109.715595,-7.392348],[109.715416,-7.392284],[109.715203,-7.392148],[109.715061,-7.392085],[109.714922,-7.392078],[109.713822,-7.392188],[109.713247,-7.392255],[109.713017,-7.392287],[109.712746,-7.392343],[109.712591,-7.392376],[109.711007,-7.392792],[109.710516,-7.392945],[109.709366,-7.393287],[109.708843,-7.393446],[109.707922,-7.393727],[109.707452,-7.393885],[109.707204,-7.393964],[109.705654,-7.394479],[109.70508,-7.394691],[109.704709,-7.394876],[109.7044,-7.395072],[109.704134,-7.395216],[109.703837,-7.395542],[109.703253,-7.395959],[109.703127,-7.396059],[109.70244,-7.396581],[109.70231,-7.396691],[109.702125,-7.396892],[109.70194,-7.397007],[109.701758,-7.397102],[109.701545,-7.397188],[109.701394,-7.397209],[109.701232,-7.397233],[109.700952,-7.397267],[109.700964,-7.397475],[109.700967,-7.397611],[109.700998,-7.397972],[109.701012,-7.398108],[109.701077,-7.398596],[109.701001,-7.398732],[109.700833,-7.399156],[109.700673,-7.399581],[109.7006,-7.399744],[109.70048,-7.400044],[109.700431,-7.400123],[109.700468,-7.400537],[109.700476,-7.400677],[109.70045,-7.400882],[109.700443,-7.401057],[109.700456,-7.401199],[109.700477,-7.401363],[109.700474,-7.401622],[109.700863,-7.402387],[109.700923,-7.40259],[109.700953,-7.40283],[109.700995,-7.403214],[109.701061,-7.403417],[109.701257,-7.403585],[109.701542,-7.404271],[109.701789,-7.404551]]}},{"type":"Feature","properties":{"id":577,"nomor_ruas":"I.23","nama_ruas":"KARANGTENGAH-WANGON","titik_awal":"I.15/lapangan","titik_akhir":"I.28 sta 600","panjang_km":0.962,"lebar_m":3},"geometry":{"type":"LineString","coordinates":[[109.682672,-7.407072],[109.682412,-7.40675],[109.681999,-7.406534],[109.681141,-7.406084],[109.680887,-7.405951],[109.680515,-7.405856],[109.680255,-7.405754],[109.680012,-7.40556],[109.679896,-7.405556],[109.679679,-7.405432],[109.679499,-7.405431],[109.679298,-7.405444],[109.679075,-7.405408],[109.678685,-7.405348],[109.678374,-7.405234],[109.67845,-7.404941],[109.678394,-7.404758],[109.678351,-7.404554],[109.678387,-7.404367],[109.678476,-7.40422],[109.678626,-7.404001],[109.678478,-7.403992],[109.678295,-7.403979],[109.677789,-7.403944],[109.677385,-7.403981],[109.67718,-7.404103],[109.677119,-7.404167],[109.676978,-7.404363],[109.676901,-7.404557],[109.67686,-7.404665],[109.676823,-7.404818],[109.676748,-7.405075]]}},{"type":"Feature","properties":{"id":578,"nomor_ruas":"I.25","nama_ruas":"SOKAYASA-KELAPASAWIT","titik_awal":"I.17/I.17","titik_akhir":"HUTAN","panjang_km":5.944,"lebar_m":3.2},"geometry":{"type":"LineString","coordinates":[[109.754232,-7.435303],[109.754004,-7.435151],[109.753879,-7.435093],[109.753544,-7.434872],[109.753161,-7.434422],[109.753064,-7.434177],[109.753032,-7.433954],[109.752988,-7.433258],[109.75286,-7.432837],[109.752753,-7.432698],[109.752517,-7.432475],[109.752324,-7.432188],[109.752144,-7.431805],[109.752129,-7.431652],[109.752088,-7.431315],[109.75212,-7.431092],[109.752155,-7.430944],[109.752082,-7.430595],[109.751996,-7.430469],[109.751892,-7.430186],[109.751917,-7.429994],[109.752511,-7.429283],[109.752597,-7.429165],[109.752688,-7.428943],[109.752742,-7.428826],[109.752738,-7.428558],[109.752695,-7.428409],[109.7527,-7.428242],[109.752753,-7.428051],[109.752773,-7.427898],[109.752794,-7.427684],[109.75286,-7.427553],[109.752955,-7.427085],[109.752902,-7.426959],[109.752896,-7.426886],[109.752894,-7.426675],[109.752887,-7.426403],[109.752996,-7.426237],[109.753008,-7.426199],[109.75284,-7.425999],[109.752762,-7.425921],[109.752534,-7.425691],[109.752438,-7.425585],[109.752394,-7.42549],[109.752324,-7.425352],[109.752274,-7.425116],[109.752242,-7.424958],[109.752212,-7.424763],[109.752166,-7.424628],[109.75202,-7.424262],[109.751963,-7.424093],[109.751947,-7.423951],[109.751959,-7.423679],[109.751898,-7.423361],[109.751841,-7.423201],[109.751867,-7.423132],[109.751745,-7.422399],[109.751699,-7.422187],[109.751663,-7.421972],[109.75162,-7.421778],[109.751552,-7.42144],[109.751589,-7.421155],[109.751652,-7.42092],[109.751744,-7.420645],[109.75174,-7.420457],[109.751726,-7.42031],[109.751688,-7.420045],[109.751597,-7.41956],[109.75148,-7.419429],[109.751351,-7.419479],[109.751126,-7.419538],[109.751052,-7.419533],[109.750785,-7.419409],[109.75072,-7.419328],[109.750624,-7.419165],[109.750414,-7.418932],[109.75024,-7.418832],[109.75005,-7.418783],[109.749837,-7.418764],[109.749675,-7.418727],[109.749542,-7.418535],[109.749356,-7.418348],[109.749007,-7.41835],[109.748794,-7.418309],[109.748638,-7.418328],[109.748553,-7.41836],[109.748333,-7.418451],[109.748125,-7.418487],[109.747903,-7.418446],[109.747863,-7.418416],[109.747785,-7.418301],[109.74767,-7.418131],[109.747519,-7.418004],[109.747345,-7.417881],[109.747179,-7.417735],[109.74698,-7.417565],[109.746826,-7.417569],[109.746745,-7.417609],[109.746452,-7.41774],[109.746254,-7.41778],[109.745982,-7.417692],[109.745803,-7.417577],[109.745662,-7.417426],[109.745602,-7.417339],[109.74553,-7.417187],[109.745451,-7.417023],[109.74529,-7.416826],[109.745133,-7.416741],[109.74487,-7.416627],[109.744667,-7.416534],[109.744368,-7.416458],[109.744119,-7.416427],[109.743818,-7.416381],[109.743657,-7.41626],[109.743562,-7.416162],[109.743437,-7.416075],[109.743267,-7.416015],[109.743095,-7.415933],[109.742858,-7.415793],[109.742732,-7.415712],[109.74261,-7.415634],[109.742499,-7.415533],[109.742236,-7.415256],[109.741935,-7.415032],[109.741653,-7.414815],[109.741544,-7.414631],[109.741574,-7.414452],[109.741657,-7.414245],[109.741354,-7.414039],[109.741211,-7.414048],[109.741081,-7.414008],[109.740946,-7.413905],[109.740453,-7.413236],[109.740143,-7.412796],[109.739972,-7.412711],[109.73951,-7.412434],[109.739301,-7.412347],[109.739093,-7.412156],[109.73894,-7.41189],[109.738613,-7.411746],[109.738437,-7.411728],[109.738307,-7.411773],[109.738005,-7.411855],[109.737659,-7.41217],[109.737326,-7.412592],[109.73719,-7.412608],[109.736985,-7.412541],[109.736784,-7.412544],[109.736461,-7.412447],[109.736281,-7.412263],[109.736303,-7.412159],[109.736107,-7.411952],[109.736125,-7.411698],[109.736091,-7.411549],[109.736108,-7.411326],[109.736266,-7.411334],[109.736451,-7.411334],[109.736663,-7.411265],[109.736847,-7.411306],[109.73699,-7.411276],[109.736962,-7.411142],[109.736905,-7.410966],[109.736826,-7.410769],[109.736807,-7.410549],[109.736852,-7.410414],[109.736992,-7.410378],[109.737228,-7.410366],[109.737459,-7.410288],[109.737613,-7.410142],[109.737648,-7.409908],[109.737615,-7.409676],[109.737499,-7.409519],[109.737404,-7.40936],[109.737583,-7.40936],[109.737485,-7.409198],[109.737322,-7.409046],[109.737187,-7.408943],[109.736934,-7.408875],[109.736783,-7.408831],[109.736656,-7.408744],[109.736498,-7.408699],[109.736341,-7.408668],[109.736168,-7.408561],[109.735838,-7.40837],[109.735522,-7.408085],[109.735407,-7.407958],[109.735387,-7.407761],[109.735302,-7.407542],[109.735124,-7.407311],[109.735016,-7.40718],[109.734947,-7.40691],[109.734873,-7.406742],[109.734907,-7.406586],[109.734878,-7.406437],[109.734787,-7.406296],[109.734599,-7.406177],[109.734468,-7.406138],[109.734239,-7.406053],[109.734125,-7.405931],[109.733991,-7.405812],[109.733874,-7.405672],[109.733737,-7.405616],[109.733587,-7.405685],[109.733537,-7.405822],[109.733483,-7.405988],[109.733332,-7.406064],[109.733159,-7.405991],[109.733017,-7.405868],[109.732985,-7.405707],[109.732949,-7.405508],[109.732861,-7.405387],[109.732773,-7.405222],[109.732755,-7.40504],[109.732713,-7.404864],[109.732607,-7.404752],[109.732479,-7.404685],[109.732313,-7.40466],[109.732174,-7.404689],[109.732026,-7.404636],[109.731935,-7.404519],[109.731777,-7.404472],[109.731623,-7.404415],[109.731473,-7.404308],[109.731322,-7.404313],[109.731209,-7.404238],[109.731141,-7.404082],[109.731051,-7.403901],[109.730897,-7.403824],[109.730821,-7.403577],[109.730661,-7.403202],[109.730538,-7.403052],[109.730368,-7.402982],[109.730135,-7.402947],[109.729925,-7.402871],[109.729743,-7.40264],[109.729655,-7.402472]]}},{"type":"Feature","properties":{"id":579,"nomor_ruas":"I.26","nama_ruas":"CENDANA-SOKAYASA","titik_awal":"I.17/I.25","titik_akhir":"I.17/I.17","panjang_km":0.756,"lebar_m":3},"geometry":{"type":"LineString","coordinates":[[109.730726,-7.407635],[109.730806,-7.407258],[109.730805,-7.406998],[109.730761,-7.406629],[109.730734,-7.406496],[109.730756,-7.406307],[109.730784,-7.406165],[109.730816,-7.405911],[109.730509,-7.406112],[109.730334,-7.406047],[109.730057,-7.405893],[109.729877,-7.405747],[109.729859,-7.405693],[109.729329,-7.405885],[109.729037,-7.405499],[109.728984,-7.405338],[109.728939,-7.40508],[109.728864,-7.404846],[109.72876,-7.404643],[109.728646,-7.404353],[109.728364,-7.403886],[109.728242,-7.403707],[109.727846,-7.403396],[109.727541,-7.403164]]}},{"type":"Feature","properties":{"id":580,"nomor_ruas":"I.21","nama_ruas":"ARGASOKA-PAGEDONGAN","titik_awal":"I.14/I.19","titik_akhir":"I.15/I.32","panjang_km":4.137,"lebar_m":0},"geometry":{"type":"LineString","coordinates":[[109.696307,-7.410846],[109.696405,-7.411124],[109.696458,-7.411203],[109.696569,-7.411339],[109.696732,-7.411433],[109.696929,-7.411772],[109.69693,-7.411925],[109.696907,-7.411951],[109.696667,-7.412227],[109.696665,-7.412279],[109.696736,-7.412621],[109.696775,-7.412867],[109.696817,-7.413164],[109.696896,-7.413608],[109.696882,-7.413818],[109.696915,-7.413961],[109.69709,-7.414087],[109.697017,-7.414312],[109.697057,-7.414801],[109.697085,-7.414848],[109.696829,-7.415354],[109.696826,-7.415453],[109.696915,-7.4156],[109.696915,-7.415744],[109.696896,-7.415814],[109.696775,-7.416065],[109.696366,-7.416467],[109.696162,-7.416808],[109.695974,-7.416936],[109.695773,-7.417179],[109.695729,-7.417315],[109.695718,-7.417456],[109.695818,-7.417681],[109.695788,-7.417929],[109.695793,-7.418072],[109.695779,-7.418208],[109.695696,-7.418464],[109.695426,-7.418933],[109.695278,-7.418924],[109.695157,-7.418961],[109.694909,-7.419068],[109.694707,-7.419377],[109.694703,-7.419484],[109.694674,-7.41957],[109.694408,-7.419899],[109.694307,-7.42004],[109.694206,-7.420243],[109.694163,-7.420373],[109.69403,-7.42042],[109.693869,-7.420498],[109.693662,-7.420606],[109.69324,-7.420788],[109.692931,-7.420754],[109.692931,-7.420754],[109.692769,-7.420834],[109.692488,-7.420934],[109.692348,-7.420978],[109.692196,-7.421083],[109.692089,-7.421171],[109.692003,-7.421293],[109.691942,-7.421471],[109.691856,-7.421643],[109.691775,-7.421845],[109.691692,-7.421992],[109.691586,-7.422223],[109.691453,-7.422313],[109.691287,-7.422247],[109.691068,-7.422228],[109.691011,-7.422363],[109.69079,-7.422499],[109.690751,-7.422526],[109.690413,-7.422646],[109.690251,-7.422693],[109.690142,-7.42284],[109.690138,-7.422957],[109.690393,-7.423584],[109.69032,-7.423747],[109.690258,-7.423847],[109.690161,-7.424061],[109.689965,-7.424137],[109.689841,-7.424158],[109.689661,-7.424252],[109.68954,-7.424579],[109.689443,-7.424745],[109.689289,-7.424751],[109.689174,-7.424824],[109.689156,-7.424982],[109.689064,-7.425313],[109.689027,-7.425442],[109.689038,-7.425709],[109.688969,-7.425965],[109.688947,-7.426157],[109.688815,-7.42625],[109.688703,-7.426353],[109.688841,-7.426528],[109.688927,-7.426667],[109.688985,-7.426991],[109.688945,-7.427087],[109.688817,-7.427275],[109.688869,-7.427446],[109.688974,-7.427556],[109.689107,-7.427657],[109.689275,-7.427713],[109.689436,-7.427845],[109.689533,-7.428113],[109.689393,-7.428356],[109.689349,-7.428715],[109.689291,-7.42882],[109.689291,-7.428945],[109.689352,-7.429294],[109.689323,-7.42941],[109.689265,-7.429592],[109.689117,-7.429758],[109.689094,-7.42993],[109.689222,-7.430041],[109.689353,-7.430113],[109.689412,-7.430268],[109.689396,-7.430454],[109.689276,-7.430518],[109.689029,-7.430496],[109.688843,-7.430475],[109.688653,-7.430502],[109.688464,-7.430594],[109.688317,-7.430794],[109.688294,-7.430935],[109.688307,-7.431076],[109.688316,-7.431229],[109.68837,-7.431439],[109.688463,-7.431785],[109.688378,-7.431893],[109.688293,-7.432066],[109.688181,-7.432246],[109.688039,-7.432313],[109.687703,-7.432422],[109.687572,-7.432494],[109.687406,-7.432627],[109.68728,-7.432855],[109.687323,-7.433002],[109.687489,-7.433154],[109.687613,-7.433438],[109.687708,-7.433729],[109.687798,-7.43389],[109.688097,-7.434266],[109.688145,-7.434449],[109.688031,-7.434539],[109.687865,-7.434624],[109.687816,-7.434778],[109.687913,-7.434946],[109.688045,-7.435047],[109.688338,-7.435267],[109.688281,-7.435595],[109.688205,-7.435914],[109.688181,-7.436038],[109.688126,-7.436271],[109.687991,-7.43701],[109.687904,-7.437942],[109.687818,-7.438424],[109.687707,-7.43914],[109.687815,-7.439274],[109.68802,-7.439459],[109.688069,-7.439685],[109.688047,-7.439789]]}},{"type":"Feature","properties":{"id":581,"nomor_ruas":"V.39","nama_ruas":"SUMBEREJO-SIMBAR","titik_awal":"Jalan Prov. / Pasar Kayu","titik_akhir":"Dukuh simbar","panjang_km":0.704,"lebar_m":3},"geometry":{"type":"LineString","coordinates":[[109.832337,-7.206269],[109.832744,-7.206142],[109.832745,-7.205429],[109.833382,-7.204605],[109.833934,-7.204068],[109.833879,-7.202262],[109.833964,-7.201604],[109.834889,-7.201672]]}},{"type":"Feature","properties":{"id":582,"nomor_ruas":"I.28","nama_ruas":"WANGON-SEMAMPIR","titik_awal":"Jl. Nasional Km. 1/polsek","titik_akhir":"I.32 sta 700","panjang_km":1.098,"lebar_m":3},"geometry":{"type":"LineString","coordinates":[[109.681318,-7.399797],[109.681251,-7.40008],[109.681116,-7.400337],[109.681116,-7.400461],[109.681128,-7.400634],[109.681099,-7.400989],[109.681,-7.401155],[109.680724,-7.401441],[109.680497,-7.401614],[109.680393,-7.401683],[109.680278,-7.401792],[109.680143,-7.401932],[109.679966,-7.402124],[109.679785,-7.402438],[109.679743,-7.402554],[109.679657,-7.402698],[109.679593,-7.402895],[109.679534,-7.403097],[109.67949,-7.403271],[109.679394,-7.403505],[109.679286,-7.40361],[109.67908,-7.403837],[109.678909,-7.403961],[109.678816,-7.403984],[109.678626,-7.404001],[109.678478,-7.403992],[109.678295,-7.403979],[109.677789,-7.403944],[109.677385,-7.403981],[109.67718,-7.404103],[109.677119,-7.404167],[109.676978,-7.404363],[109.676901,-7.404557],[109.67686,-7.404665],[109.676823,-7.404818],[109.676671,-7.405177],[109.676601,-7.405169],[109.676345,-7.405101],[109.676119,-7.405034],[109.675803,-7.404971],[109.675497,-7.404914],[109.67514,-7.4048],[109.674986,-7.404764],[109.674958,-7.404949]]}},{"type":"Feature","properties":{"id":583,"nomor_ruas":"I.3","nama_ruas":"BANDINGAN-SAWAL","titik_awal":"JL PROP KM 11 HM 5-6 BNA","titik_akhir":"I.4/I.4","panjang_km":2.291,"lebar_m":4.5},"geometry":{"type":"LineString","coordinates":[[109.796259,-7.41194],[109.796353,-7.412144],[109.796436,-7.412359],[109.796714,-7.412979],[109.796797,-7.413163],[109.796828,-7.413305],[109.796842,-7.413539],[109.796838,-7.413729],[109.796842,-7.413922],[109.796848,-7.414256],[109.796816,-7.414421],[109.796719,-7.414605],[109.796599,-7.414807],[109.796506,-7.414974],[109.796388,-7.415146],[109.796042,-7.415851],[109.795918,-7.415926],[109.795688,-7.415988],[109.795507,-7.41607],[109.7953,-7.416173],[109.794975,-7.416347],[109.794816,-7.416491],[109.794707,-7.416696],[109.794582,-7.416904],[109.793849,-7.417606],[109.793606,-7.417736],[109.793274,-7.417944],[109.79282,-7.418049],[109.792346,-7.418235],[109.792211,-7.418316],[109.792028,-7.418494],[109.791928,-7.418612],[109.791831,-7.418769],[109.791763,-7.418916],[109.791672,-7.419126],[109.79161,-7.41927],[109.79146,-7.419607],[109.79119,-7.420165],[109.791048,-7.420197],[109.79084,-7.420157],[109.790683,-7.420195],[109.790396,-7.420564],[109.790287,-7.420693],[109.790067,-7.420955],[109.78999,-7.421096],[109.789928,-7.42126],[109.789894,-7.421414],[109.789803,-7.421528],[109.789673,-7.421633],[109.789575,-7.421738],[109.789492,-7.421866],[109.789357,-7.421959],[109.789201,-7.422058],[109.789103,-7.42216],[109.788938,-7.422365],[109.788767,-7.42263],[109.788665,-7.42279],[109.788528,-7.422998],[109.788389,-7.423131],[109.788194,-7.423138],[109.788031,-7.423105],[109.787835,-7.42301],[109.787566,-7.42287],[109.787341,-7.422812],[109.787136,-7.422823],[109.787038,-7.422919],[109.786787,-7.422913],[109.786565,-7.422862],[109.786297,-7.422831],[109.786146,-7.42286],[109.78603,-7.422957],[109.785943,-7.423088],[109.785787,-7.423117],[109.785768,-7.422982],[109.785739,-7.422796],[109.785681,-7.422547],[109.785586,-7.422285],[109.785404,-7.422002],[109.785187,-7.421905],[109.785055,-7.421854],[109.784817,-7.421831],[109.784595,-7.421901],[109.784426,-7.422],[109.784263,-7.422215]]}},{"type":"Feature","properties":{"id":584,"nomor_ruas":"I.45","nama_ruas":"MASARAN-KUTAWULUH","titik_awal":"I.42/I.42","titik_akhir":"II.7/II.7","panjang_km":5.176,"lebar_m":3},"geometry":{"type":"LineString","coordinates":[[109.635954,-7.41033],[109.635718,-7.410339],[109.635674,-7.410366],[109.635232,-7.410816],[109.635111,-7.410988],[109.634965,-7.411209],[109.634807,-7.41137],[109.634489,-7.411528],[109.63404,-7.411672],[109.633748,-7.411734],[109.632928,-7.411885],[109.632593,-7.411993],[109.631905,-7.412181],[109.631229,-7.412396],[109.630184,-7.41266],[109.629956,-7.412618],[109.62979,-7.412558],[109.628533,-7.411942],[109.628394,-7.411867],[109.628078,-7.41174],[109.627852,-7.411687],[109.627608,-7.411671],[109.627443,-7.41169],[109.627209,-7.411786],[109.627044,-7.41184],[109.626669,-7.412119],[109.626476,-7.412221],[109.626328,-7.412314],[109.62611,-7.412416],[109.625552,-7.412966],[109.625188,-7.413259],[109.624865,-7.413526],[109.624719,-7.413634],[109.624472,-7.413786],[109.624308,-7.413819],[109.623635,-7.414078],[109.623447,-7.414139],[109.623238,-7.414187],[109.622974,-7.414211],[109.622678,-7.414172],[109.62252,-7.414089],[109.622066,-7.413716],[109.621646,-7.413214],[109.62157,-7.413145],[109.621305,-7.413034],[109.620953,-7.413011],[109.620737,-7.413068],[109.620536,-7.413184],[109.620333,-7.413397],[109.62016,-7.413675],[109.619826,-7.414566],[109.619489,-7.415408],[109.619308,-7.415675],[109.619102,-7.415846],[109.618764,-7.416019],[109.618369,-7.416116],[109.617883,-7.416163],[109.617748,-7.416178],[109.617523,-7.416239],[109.617282,-7.416323],[109.617044,-7.41647],[109.616222,-7.417135],[109.615833,-7.417435],[109.615227,-7.417874],[109.615005,-7.41799],[109.614824,-7.418061],[109.614623,-7.41816],[109.613959,-7.418291],[109.612914,-7.418427],[109.612148,-7.418529],[109.611716,-7.418618],[109.611569,-7.418694],[109.611467,-7.418795],[109.611387,-7.418934],[109.611104,-7.419584],[109.610967,-7.419883],[109.610838,-7.420074],[109.6107,-7.420186],[109.610191,-7.420491],[109.608907,-7.421135],[109.608475,-7.421365],[109.608329,-7.421441],[109.60806,-7.421489],[109.607599,-7.421545],[109.605742,-7.421802],[109.605393,-7.421921],[109.604908,-7.422315],[109.604795,-7.422454],[109.604716,-7.422572],[109.604379,-7.4232],[109.60418,-7.423333],[109.603785,-7.423539],[109.603297,-7.4238],[109.602231,-7.424303],[109.600999,-7.42498],[109.600858,-7.425081],[109.600749,-7.425182],[109.600498,-7.42552],[109.599823,-7.426327],[109.59959,-7.42648],[109.599322,-7.426495],[109.597423,-7.426354],[109.597095,-7.426317],[109.596841,-7.426179],[109.596659,-7.426059]]}},{"type":"Feature","properties":{"id":585,"nomor_ruas":"I.33","nama_ruas":"PAGEDONGAN-PESANGKALAN","titik_awal":"I.15 / I.15","titik_akhir":"BATAS KABUPATEN KEBUMEN","panjang_km":6.043,"lebar_m":3},"geometry":{"type":"LineString","coordinates":[[109.697531,-7.439705],[109.697572,-7.439728],[109.697721,-7.439814],[109.69797,-7.439929],[109.698076,-7.439955],[109.698253,-7.439975],[109.698564,-7.440038],[109.698704,-7.440122],[109.698835,-7.44027],[109.698954,-7.440308],[109.699174,-7.440309],[109.69933,-7.440254],[109.699511,-7.440173],[109.699755,-7.440071],[109.700192,-7.439922],[109.700356,-7.439957],[109.700688,-7.440193],[109.700856,-7.440155],[109.700984,-7.44001],[109.70123,-7.439976],[109.701454,-7.439989],[109.701528,-7.440044],[109.701571,-7.440225],[109.701638,-7.440406],[109.701774,-7.440487],[109.701808,-7.440485],[109.702022,-7.440422],[109.702113,-7.440377],[109.702496,-7.440067],[109.702606,-7.440026],[109.702818,-7.440019],[109.702967,-7.439939],[109.703143,-7.439958],[109.703388,-7.440014],[109.703455,-7.440079],[109.703587,-7.440329],[109.703696,-7.440348],[109.704075,-7.440562],[109.704197,-7.440725],[109.704199,-7.440957],[109.704131,-7.441112],[109.703985,-7.441338],[109.703955,-7.441515],[109.704092,-7.441556],[109.704285,-7.441481],[109.704414,-7.441482],[109.704587,-7.441483],[109.704729,-7.441498],[109.705038,-7.441669],[109.705099,-7.441905],[109.705213,-7.442051],[109.705339,-7.442152],[109.705596,-7.44239],[109.705715,-7.44254],[109.705942,-7.442816],[109.706039,-7.442867],[109.706234,-7.442869],[109.706423,-7.442823],[109.706604,-7.442872],[109.706797,-7.443018],[109.706907,-7.443104],[109.707082,-7.443162],[109.707238,-7.443165],[109.707474,-7.443212],[109.70768,-7.443294],[109.707856,-7.443269],[109.708007,-7.443296],[109.708424,-7.443821],[109.708653,-7.444234],[109.708744,-7.444414],[109.708653,-7.444603],[109.708603,-7.444768],[109.708669,-7.444929],[109.708828,-7.445077],[109.708981,-7.445172],[109.70916,-7.445228],[109.709479,-7.445199],[109.709651,-7.445331],[109.709847,-7.445382],[109.710063,-7.445369],[109.71015,-7.44542],[109.710384,-7.445424],[109.710617,-7.445568],[109.710752,-7.445721],[109.710872,-7.445631],[109.711207,-7.445707],[109.711483,-7.44566],[109.711815,-7.445718],[109.712127,-7.445731],[109.712339,-7.445872],[109.712602,-7.445953],[109.712848,-7.445996],[109.712911,-7.446131],[109.71302,-7.446403],[109.713106,-7.446582],[109.713259,-7.446957],[109.713376,-7.447112],[109.713437,-7.44736],[109.713398,-7.447499],[109.713404,-7.447659],[109.713508,-7.4478],[109.713793,-7.448018],[109.713978,-7.448204],[109.714117,-7.448316],[109.7142,-7.448425],[109.71432,-7.44862],[109.714544,-7.448962],[109.714751,-7.44893],[109.714899,-7.449059],[109.714998,-7.449262],[109.715082,-7.44953],[109.715196,-7.449618],[109.715356,-7.449828],[109.715336,-7.450041],[109.715319,-7.450319],[109.715367,-7.450453],[109.71552,-7.450719],[109.715582,-7.450927],[109.715578,-7.451129],[109.715548,-7.451885],[109.715593,-7.452143],[109.715635,-7.452294],[109.715629,-7.452506],[109.715576,-7.452693],[109.715408,-7.45298],[109.715346,-7.453419],[109.715265,-7.453715],[109.7153,-7.453981],[109.71541,-7.454499],[109.71552,-7.454938],[109.71561,-7.455132],[109.715925,-7.455486],[109.716256,-7.455792],[109.716613,-7.456119],[109.716685,-7.456367],[109.716837,-7.456866],[109.716841,-7.45704],[109.716794,-7.457238],[109.716799,-7.457401],[109.716831,-7.457606],[109.716885,-7.457888],[109.716906,-7.458163],[109.716809,-7.458401],[109.716705,-7.458624],[109.716631,-7.45891],[109.716563,-7.459124],[109.716508,-7.459349],[109.716427,-7.459669],[109.716327,-7.459953],[109.716332,-7.460089],[109.716408,-7.460356],[109.716475,-7.460616],[109.716444,-7.460812],[109.716494,-7.460954],[109.716592,-7.461103],[109.716706,-7.461281],[109.71677,-7.461496],[109.716824,-7.461737],[109.71703,-7.461898],[109.717153,-7.462036],[109.717255,-7.462197],[109.71725,-7.46243],[109.717306,-7.462661],[109.717331,-7.462933],[109.71737,-7.463256],[109.717344,-7.463464],[109.717426,-7.46389],[109.717465,-7.464068],[109.71753,-7.464307],[109.717532,-7.464523],[109.717494,-7.464847],[109.717501,-7.465022],[109.717573,-7.465255],[109.717615,-7.465435],[109.717618,-7.465573],[109.71762,-7.465717],[109.717612,-7.465975],[109.717596,-7.466187],[109.71763,-7.466426],[109.717727,-7.466946],[109.717792,-7.467236],[109.717912,-7.467786],[109.718005,-7.467946],[109.718369,-7.468396],[109.718314,-7.468923],[109.718342,-7.469201],[109.718544,-7.469464],[109.718567,-7.469656],[109.718508,-7.469957],[109.718608,-7.470125],[109.71865,-7.470297],[109.718639,-7.470443],[109.718554,-7.470589],[109.718397,-7.470759],[109.718368,-7.470935],[109.718505,-7.471033],[109.718693,-7.471172],[109.718737,-7.471346],[109.718854,-7.471537],[109.719063,-7.471592],[109.719197,-7.471618],[109.719401,-7.471674],[109.719624,-7.471715],[109.719723,-7.471882],[109.719801,-7.472017],[109.719841,-7.472174],[109.719865,-7.47235],[109.719865,-7.472496],[109.719854,-7.472634],[109.719818,-7.472775],[109.719777,-7.472957],[109.719805,-7.473106],[109.719845,-7.473249],[109.719887,-7.473391],[109.719936,-7.473596],[109.720014,-7.473872],[109.720099,-7.474182],[109.720172,-7.474326],[109.720344,-7.474499],[109.720418,-7.474623],[109.720446,-7.474771],[109.72032,-7.474936],[109.720373,-7.475173],[109.720344,-7.475299],[109.720123,-7.47553],[109.720052,-7.475665],[109.720052,-7.475865],[109.720113,-7.476052],[109.720183,-7.476238],[109.72032,-7.476338],[109.720396,-7.476477],[109.72037,-7.476618],[109.720377,-7.476706]]}},{"type":"Feature","properties":{"id":586,"nomor_ruas":"I.6","nama_ruas":"SINGAMERTA-BUKITCINTA","titik_awal":"Jl. Nasional Km.","titik_akhir":"Hutan Pinus Dkh. Bakulan","panjang_km":3.188,"lebar_m":3},"geometry":{"type":"LineString","coordinates":[[109.747867,-7.415041],[109.74781,-7.414907],[109.74772,-7.414643],[109.747619,-7.414538],[109.747275,-7.414288],[109.74705,-7.414139],[109.746964,-7.414005],[109.746883,-7.413746],[109.746812,-7.41366],[109.746452,-7.413529],[109.746381,-7.413409],[109.746267,-7.41316],[109.746075,-7.413078],[109.745965,-7.412906],[109.745899,-7.412705],[109.745813,-7.412427],[109.745703,-7.412259],[109.745598,-7.412082],[109.745498,-7.4119],[109.745058,-7.411448],[109.744934,-7.411357],[109.744738,-7.411117],[109.744542,-7.41093],[109.744413,-7.41081],[109.74425,-7.41068],[109.744117,-7.41056],[109.743982,-7.410498],[109.743729,-7.410358],[109.74358,-7.410305],[109.743413,-7.4102],[109.743293,-7.410099],[109.743131,-7.409945],[109.742939,-7.409834],[109.742623,-7.409637],[109.742427,-7.40946],[109.742365,-7.409326],[109.742294,-7.409158],[109.742141,-7.408928],[109.742099,-7.408684],[109.742162,-7.408444],[109.742301,-7.408287],[109.742383,-7.408167],[109.742451,-7.408024],[109.742547,-7.407819],[109.742696,-7.407561],[109.74285,-7.407365],[109.742956,-7.407202],[109.743168,-7.406921],[109.743319,-7.406891],[109.743506,-7.406896],[109.743794,-7.406768],[109.743929,-7.406673],[109.743977,-7.406539],[109.744011,-7.406381],[109.744098,-7.406109],[109.744151,-7.40596],[109.74419,-7.405755],[109.744238,-7.405616],[109.744268,-7.405463],[109.744268,-7.4053],[109.744259,-7.405094],[109.744231,-7.404826],[109.744198,-7.404673],[109.744146,-7.404539],[109.744026,-7.404256],[109.743931,-7.404069],[109.74385,-7.403839],[109.743789,-7.403595],[109.743737,-7.403289],[109.743737,-7.403112],[109.743757,-7.402791],[109.743724,-7.40259],[109.74373,-7.402341],[109.743726,-7.402178],[109.74376,-7.40204],[109.743779,-7.401772],[109.74378,-7.401571],[109.74379,-7.401356],[109.743786,-7.401094],[109.743792,-7.400821],[109.743725,-7.400701],[109.743735,-7.400428],[109.743846,-7.400309],[109.743971,-7.400242],[109.744134,-7.400166],[109.744197,-7.400011],[109.744251,-7.399839],[109.744362,-7.3996],[109.744395,-7.399538],[109.744434,-7.399327],[109.744488,-7.399078],[109.744507,-7.398911],[109.744498,-7.398675],[109.744466,-7.39837],[109.744432,-7.398241],[109.744381,-7.397963],[109.74438,-7.397709],[109.744316,-7.397586],[109.744201,-7.397414],[109.744008,-7.397227],[109.743728,-7.397032],[109.743592,-7.396888],[109.743398,-7.396564],[109.743306,-7.396026],[109.743249,-7.395882],[109.743199,-7.395695],[109.743042,-7.395458],[109.742956,-7.395321],[109.742849,-7.395142],[109.742698,-7.394969],[109.742528,-7.394614],[109.742457,-7.394517],[109.742331,-7.39442],[109.742066,-7.394089],[109.741966,-7.393927],[109.741737,-7.393539],[109.74154,-7.393162],[109.74139,-7.392849],[109.741383,-7.392583],[109.741493,-7.392113],[109.741576,-7.391737],[109.741452,-7.391596],[109.741324,-7.391301]]}},{"type":"Feature","properties":{"id":587,"nomor_ruas":"I.7","nama_ruas":"KUTAYASA-LARANGAN","titik_awal":"I.8/I.8","titik_akhir":"PASAR LARANGAN","panjang_km":6.084,"lebar_m":4},"geometry":{"type":"LineString","coordinates":[[109.74692,-7.382329],[109.747196,-7.382373],[109.747365,-7.38239],[109.747962,-7.382455],[109.748389,-7.382514],[109.748652,-7.382515],[109.749584,-7.38271],[109.75014,-7.38281],[109.751534,-7.383141],[109.752056,-7.383093],[109.752686,-7.382863],[109.753025,-7.382739],[109.753232,-7.3827],[109.753524,-7.382665],[109.753786,-7.382678],[109.753934,-7.382667],[109.754088,-7.382674],[109.754688,-7.382417],[109.754945,-7.382298],[109.755165,-7.382197],[109.755368,-7.382162],[109.755546,-7.382167],[109.755653,-7.382236],[109.755868,-7.38246],[109.755974,-7.382511],[109.756198,-7.382511],[109.75656,-7.382462],[109.757001,-7.382385],[109.757169,-7.382356],[109.757347,-7.382352],[109.757843,-7.382457],[109.758111,-7.382484],[109.758675,-7.382559],[109.759293,-7.382588],[109.759504,-7.382295],[109.759511,-7.382225],[109.759921,-7.382055],[109.760023,-7.381965],[109.76022,-7.381749],[109.760351,-7.381602],[109.760542,-7.38151],[109.760729,-7.381473],[109.760783,-7.381466],[109.761026,-7.381416],[109.761076,-7.38137],[109.761262,-7.381194],[109.761471,-7.380893],[109.761545,-7.380627],[109.76155,-7.380405],[109.761597,-7.380182],[109.761733,-7.379897],[109.761776,-7.379666],[109.761981,-7.379179],[109.761993,-7.37885],[109.762051,-7.378681],[109.762169,-7.378514],[109.762386,-7.378297],[109.762527,-7.378094],[109.762643,-7.377988],[109.762842,-7.377897],[109.763099,-7.377719],[109.763592,-7.377268],[109.763817,-7.377051],[109.763941,-7.376931],[109.764167,-7.376734],[109.764248,-7.376699],[109.764648,-7.376635],[109.764751,-7.376476],[109.764775,-7.37631],[109.764803,-7.376027],[109.764855,-7.375977],[109.765516,-7.375167],[109.765773,-7.374885],[109.765992,-7.374442],[109.76611,-7.373932],[109.766201,-7.373775],[109.766305,-7.373713],[109.766689,-7.373727],[109.766787,-7.373608],[109.767044,-7.373225],[109.767319,-7.372876],[109.767345,-7.372592],[109.767329,-7.372118],[109.767333,-7.371945],[109.76738,-7.371654],[109.767384,-7.371623],[109.767552,-7.371491],[109.767683,-7.371239],[109.767757,-7.371131],[109.767845,-7.371021],[109.76802,-7.370878],[109.768073,-7.37078],[109.768146,-7.370592],[109.768404,-7.370476],[109.768639,-7.370605],[109.768717,-7.37052],[109.769093,-7.370319],[109.769305,-7.370138],[109.7696,-7.369894],[109.769851,-7.369944],[109.770045,-7.369961],[109.770229,-7.36992],[109.770445,-7.369818],[109.770793,-7.36967],[109.771392,-7.369654],[109.771903,-7.369464],[109.772003,-7.369327],[109.772059,-7.369118],[109.772104,-7.368923],[109.772127,-7.368834],[109.772161,-7.368523],[109.772204,-7.368281],[109.772241,-7.367987],[109.772128,-7.367509],[109.772112,-7.366976],[109.772197,-7.366382],[109.772283,-7.366255],[109.772482,-7.365949],[109.772598,-7.365773],[109.77283,-7.365708],[109.772877,-7.365391],[109.772997,-7.365208],[109.773146,-7.365054],[109.773406,-7.364814],[109.773543,-7.364728],[109.774076,-7.364408],[109.774365,-7.364066],[109.774593,-7.363671],[109.774714,-7.363558],[109.774894,-7.363448],[109.775154,-7.363275],[109.775368,-7.363182],[109.775513,-7.363147],[109.775724,-7.363171],[109.77618,-7.363349],[109.776341,-7.363338],[109.776506,-7.36314],[109.776589,-7.362972],[109.776681,-7.362818],[109.776841,-7.362759],[109.777106,-7.362654],[109.777164,-7.362539],[109.777197,-7.362314],[109.777295,-7.36223],[109.777371,-7.362186],[109.77753,-7.362017],[109.777729,-7.361765],[109.777717,-7.361736],[109.777701,-7.361249],[109.777818,-7.3607],[109.777865,-7.360633],[109.777998,-7.360474],[109.778188,-7.360232],[109.778304,-7.360149],[109.77858,-7.360039],[109.778746,-7.359987],[109.778973,-7.359912],[109.779191,-7.359793],[109.779242,-7.359691],[109.77931,-7.359475],[109.779429,-7.359392],[109.779526,-7.35931],[109.779817,-7.359036],[109.779904,-7.358904],[109.779985,-7.358574],[109.77995,-7.358412],[109.779954,-7.358215],[109.779983,-7.358046],[109.780023,-7.357963],[109.78013,-7.357701],[109.78017,-7.357502],[109.780184,-7.357384],[109.780202,-7.35711],[109.780241,-7.356894],[109.780343,-7.356812],[109.780496,-7.356702],[109.780624,-7.356565],[109.78083,-7.35619],[109.780834,-7.356051],[109.780867,-7.355615],[109.780947,-7.355495],[109.781207,-7.355356],[109.78143,-7.355189],[109.781533,-7.355074],[109.781575,-7.355],[109.781693,-7.354826],[109.781808,-7.354669],[109.781785,-7.354459],[109.781841,-7.354327],[109.781926,-7.354119],[109.781995,-7.353646],[109.781826,-7.353596],[109.781616,-7.35345],[109.782085,-7.353638]]}},{"type":"Feature","properties":{"id":588,"nomor_ruas":"I.8","nama_ruas":"SINGAMERTA-PAGENTAN","titik_awal":"JL PROP KM 5 HM 4-5 BNA","titik_akhir":"IV.11","panjang_km":16.088,"lebar_m":4.5},"geometry":{"type":"LineString","coordinates":[[109.742835,-7.391347],[109.742836,-7.391128],[109.742778,-7.390784],[109.742827,-7.390561],[109.743089,-7.390506],[109.743307,-7.390514],[109.743708,-7.390599],[109.744014,-7.390543],[109.744188,-7.390526],[109.744445,-7.390622],[109.744739,-7.390755],[109.744961,-7.390816],[109.745259,-7.390669],[109.745493,-7.390489],[109.745537,-7.390337],[109.745588,-7.390136],[109.74567,-7.38971],[109.746116,-7.389195],[109.746224,-7.388892],[109.746402,-7.388122],[109.746592,-7.387583],[109.746594,-7.387495],[109.74657,-7.387331],[109.746638,-7.387033],[109.746688,-7.386808],[109.746645,-7.386699],[109.746374,-7.386183],[109.746316,-7.386048],[109.746163,-7.385785],[109.746048,-7.385572],[109.746162,-7.385303],[109.746229,-7.384873],[109.746632,-7.383364],[109.746731,-7.382999],[109.746777,-7.382834],[109.746832,-7.382643],[109.746895,-7.382494],[109.74687,-7.382222],[109.74675,-7.382111],[109.746117,-7.381746],[109.745833,-7.381544],[109.745779,-7.381406],[109.745771,-7.381309],[109.745743,-7.38102],[109.745672,-7.380865],[109.745588,-7.38072],[109.745572,-7.380538],[109.745626,-7.380403],[109.745965,-7.379749],[109.746048,-7.379472],[109.746115,-7.379222],[109.746194,-7.379115],[109.74627,-7.379136],[109.746473,-7.379187],[109.746899,-7.379285],[109.747207,-7.379375],[109.747585,-7.379459],[109.747884,-7.379493],[109.747968,-7.379491],[109.748193,-7.379447],[109.748574,-7.37948],[109.749076,-7.379492],[109.749405,-7.379343],[109.749565,-7.379287],[109.74979,-7.379172],[109.749903,-7.379012],[109.750152,-7.378675],[109.750253,-7.378524],[109.750353,-7.378366],[109.750467,-7.378198],[109.750775,-7.377763],[109.751057,-7.377467],[109.751334,-7.377214],[109.751526,-7.37696],[109.751609,-7.376778],[109.751639,-7.376669],[109.751667,-7.376498],[109.75175,-7.37626],[109.751892,-7.376077],[109.751972,-7.375852],[109.751957,-7.375721],[109.751886,-7.375502],[109.751915,-7.375341],[109.752412,-7.374748],[109.752538,-7.374624],[109.752668,-7.374499],[109.752743,-7.374346],[109.752854,-7.373977],[109.75295,-7.373699],[109.753035,-7.373455],[109.753191,-7.373116],[109.753297,-7.372875],[109.753406,-7.372635],[109.753537,-7.372446],[109.753622,-7.372281],[109.753734,-7.372162],[109.75387,-7.372048],[109.753953,-7.37189],[109.753942,-7.371682],[109.753934,-7.371434],[109.753925,-7.371238],[109.753915,-7.371123],[109.753925,-7.370952],[109.753988,-7.37085],[109.754132,-7.37068],[109.754422,-7.370544],[109.754594,-7.37046],[109.754702,-7.37032],[109.75469,-7.370138],[109.754688,-7.369883],[109.754737,-7.369782],[109.75478,-7.369723],[109.754877,-7.369574],[109.754987,-7.369361],[109.755085,-7.369112],[109.75515,-7.368978],[109.755336,-7.368904],[109.7555,-7.368706],[109.755726,-7.368582],[109.755985,-7.36844],[109.756168,-7.368326],[109.756856,-7.367911],[109.756993,-7.367724],[109.757028,-7.367599],[109.757125,-7.367434],[109.757229,-7.367268],[109.757365,-7.367032],[109.757392,-7.366863],[109.757442,-7.366725],[109.757514,-7.366554],[109.75766,-7.366443],[109.757829,-7.3664],[109.758015,-7.366364],[109.75828,-7.36633],[109.758425,-7.36625],[109.758531,-7.366187],[109.758664,-7.366148],[109.758825,-7.366153],[109.758979,-7.366204],[109.759073,-7.366258],[109.75932,-7.366343],[109.759451,-7.366393],[109.759636,-7.366411],[109.759875,-7.366376],[109.759948,-7.366359],[109.760263,-7.366287],[109.760389,-7.366252],[109.760622,-7.366185],[109.760905,-7.366093],[109.761048,-7.366042],[109.761229,-7.365965],[109.76134,-7.365922],[109.761538,-7.365827],[109.761566,-7.365802],[109.761674,-7.365672],[109.761765,-7.365538],[109.762008,-7.365118],[109.762184,-7.364818],[109.762305,-7.364626],[109.762424,-7.364414],[109.762533,-7.364325],[109.762715,-7.364305],[109.763102,-7.3643],[109.763492,-7.364255],[109.763758,-7.364205],[109.764113,-7.364191],[109.764309,-7.364213],[109.764474,-7.364211],[109.764602,-7.364186],[109.764816,-7.364123],[109.764961,-7.364059],[109.76525,-7.363932],[109.765391,-7.363899],[109.765607,-7.363885],[109.765726,-7.363821],[109.765806,-7.363674],[109.765907,-7.363471],[109.76604,-7.363416],[109.766237,-7.363405],[109.766447,-7.363391],[109.766601,-7.363333],[109.766723,-7.363242],[109.766803,-7.363076],[109.766769,-7.362589],[109.766766,-7.362402],[109.766854,-7.362286],[109.767022,-7.362203],[109.767103,-7.362069],[109.76718,-7.361958],[109.767072,-7.361838],[109.76691,-7.361684],[109.766533,-7.361426],[109.766393,-7.361364],[109.766169,-7.361361],[109.765952,-7.361299],[109.76587,-7.361195],[109.765792,-7.360951],[109.765805,-7.360781],[109.765798,-7.360522],[109.765739,-7.36042],[109.765677,-7.360116],[109.765684,-7.35997],[109.765606,-7.35981],[109.765529,-7.359674],[109.765542,-7.359485],[109.765583,-7.359222],[109.765543,-7.359042],[109.765437,-7.358846],[109.765275,-7.358686],[109.765205,-7.358534],[109.765218,-7.358344],[109.765191,-7.358192],[109.765124,-7.358079],[109.765008,-7.357932],[109.764883,-7.357828],[109.76474,-7.357734],[109.764606,-7.357631],[109.764449,-7.357394],[109.763946,-7.357041],[109.763871,-7.356878],[109.76393,-7.356771],[109.764071,-7.356655],[109.764247,-7.356552],[109.764379,-7.356452],[109.764442,-7.356343],[109.764454,-7.356139],[109.764433,-7.356054],[109.764369,-7.355881],[109.764309,-7.35572],[109.764339,-7.355676],[109.764347,-7.355389],[109.764369,-7.355242],[109.764408,-7.354884],[109.764428,-7.354693],[109.764437,-7.354565],[109.764463,-7.354441],[109.764521,-7.354228],[109.764486,-7.354077],[109.764408,-7.353976],[109.764335,-7.353843],[109.764296,-7.353681],[109.764357,-7.353529],[109.764466,-7.353359],[109.76446,-7.353303],[109.76463,-7.352934],[109.764639,-7.35289],[109.764612,-7.352741],[109.764601,-7.352604],[109.764622,-7.352398],[109.764674,-7.352273],[109.76473,-7.352106],[109.764753,-7.352024],[109.76475,-7.351802],[109.764743,-7.351596],[109.764775,-7.351529],[109.76489,-7.351359],[109.764938,-7.351201],[109.764936,-7.351093],[109.764961,-7.350899],[109.765046,-7.350811],[109.76519,-7.350722],[109.765133,-7.350494],[109.765107,-7.350279],[109.765149,-7.350075],[109.765174,-7.349931],[109.765159,-7.349774],[109.765036,-7.349703],[109.764866,-7.349595],[109.764793,-7.349498],[109.764784,-7.349299],[109.764738,-7.349188],[109.764684,-7.349101],[109.764476,-7.348821],[109.76446,-7.348695],[109.764477,-7.348546],[109.764426,-7.348406],[109.764362,-7.348307],[109.764282,-7.348134],[109.764337,-7.348036],[109.764457,-7.347887],[109.764538,-7.347791],[109.764612,-7.347643],[109.76464,-7.347522],[109.764644,-7.347451],[109.764634,-7.347177],[109.764682,-7.347064],[109.764816,-7.346944],[109.764935,-7.346825],[109.765014,-7.346752],[109.765207,-7.34656],[109.765299,-7.346427],[109.765345,-7.34625],[109.765355,-7.346012],[109.765345,-7.345816],[109.765337,-7.345709],[109.765322,-7.345433],[109.765322,-7.345276],[109.765372,-7.345115],[109.76542,-7.345056],[109.765524,-7.344904],[109.765651,-7.344697],[109.765763,-7.344423],[109.765789,-7.34423],[109.765776,-7.344005],[109.765738,-7.343843],[109.765724,-7.343634],[109.765724,-7.343525],[109.765737,-7.34338],[109.765796,-7.343109],[109.765828,-7.342992],[109.765876,-7.342826],[109.765942,-7.342564],[109.765946,-7.342502],[109.765979,-7.342272],[109.766042,-7.342189],[109.76615,-7.342044],[109.766236,-7.341955],[109.766423,-7.341707],[109.766436,-7.341578],[109.766471,-7.341469],[109.766581,-7.341239],[109.76665,-7.341077],[109.766711,-7.340864],[109.766728,-7.340694],[109.766672,-7.340381],[109.766647,-7.340199],[109.766641,-7.340036],[109.766632,-7.339881],[109.766675,-7.339729],[109.76673,-7.339596],[109.766761,-7.339386],[109.766773,-7.33922],[109.766852,-7.339032],[109.766985,-7.338834],[109.767183,-7.3386],[109.767323,-7.338491],[109.767505,-7.338415],[109.76776,-7.338294],[109.767931,-7.338188],[109.768084,-7.338123],[109.76834,-7.338079],[109.768519,-7.337916],[109.768566,-7.33778],[109.768594,-7.337573],[109.768712,-7.33722],[109.768798,-7.336941],[109.768781,-7.336745],[109.768813,-7.336549],[109.768971,-7.336259],[109.769106,-7.336067],[109.769217,-7.335885],[109.769353,-7.335724],[109.76946,-7.335592],[109.769584,-7.335425],[109.769711,-7.335293],[109.769871,-7.335061],[109.770097,-7.334734],[109.770158,-7.334582],[109.770184,-7.334418],[109.770192,-7.334236],[109.770218,-7.334073],[109.770278,-7.333796],[109.770299,-7.333647],[109.770468,-7.333368],[109.770626,-7.333166],[109.770814,-7.332969],[109.770883,-7.332857],[109.770994,-7.332612],[109.771099,-7.33243],[109.771291,-7.332359],[109.771359,-7.332238],[109.771469,-7.33197],[109.771523,-7.331819],[109.771511,-7.331649],[109.771576,-7.331496],[109.771625,-7.331315],[109.771774,-7.330979],[109.771883,-7.330787],[109.77201,-7.330788],[109.772219,-7.330848],[109.772398,-7.330883],[109.772724,-7.330974],[109.772791,-7.331218],[109.77291,-7.331385],[109.773063,-7.331383],[109.773683,-7.331055],[109.773959,-7.330925],[109.774088,-7.330744],[109.774216,-7.330707],[109.774603,-7.330836],[109.774817,-7.331122],[109.774971,-7.33105],[109.775198,-7.33084],[109.775434,-7.330813],[109.775656,-7.330821],[109.775814,-7.330855],[109.775975,-7.330817],[109.776143,-7.330701],[109.776323,-7.330526],[109.776464,-7.330418],[109.776753,-7.330241],[109.77689,-7.330192],[109.777074,-7.330143],[109.777257,-7.330099],[109.777555,-7.330062],[109.777724,-7.330018],[109.77797,-7.329982],[109.778156,-7.329925],[109.778322,-7.329849],[109.778663,-7.329587],[109.779044,-7.329305],[109.779199,-7.329217],[109.779366,-7.329156],[109.779535,-7.32908],[109.779655,-7.329004],[109.779827,-7.328923],[109.780007,-7.328805],[109.780162,-7.32868],[109.780439,-7.328428],[109.780548,-7.328347],[109.780671,-7.328273],[109.780789,-7.32818],[109.780988,-7.328037],[109.781191,-7.327848],[109.781349,-7.327775],[109.781415,-7.32762],[109.781439,-7.327347],[109.781478,-7.327171],[109.781549,-7.326985],[109.781676,-7.326834],[109.781839,-7.326734],[109.782064,-7.326645],[109.782154,-7.326517],[109.782126,-7.326368],[109.782139,-7.3262],[109.782186,-7.326035],[109.782288,-7.325737],[109.782362,-7.325486],[109.782372,-7.325332],[109.782374,-7.325015],[109.782343,-7.324724],[109.782296,-7.324542],[109.782284,-7.324401],[109.782317,-7.324144],[109.782368,-7.323986],[109.782461,-7.323866],[109.782506,-7.323728],[109.782513,-7.323563],[109.782516,-7.323304],[109.78245,-7.32313],[109.782309,-7.323053],[109.782385,-7.32283],[109.782485,-7.322562],[109.782469,-7.322468],[109.782465,-7.322325],[109.782445,-7.322056],[109.782395,-7.321944],[109.78225,-7.321585],[109.78234,-7.321535],[109.782478,-7.321621],[109.782579,-7.321724],[109.782878,-7.322045],[109.783009,-7.322103],[109.783255,-7.322137],[109.783325,-7.322162],[109.783527,-7.322244],[109.783766,-7.322372],[109.784058,-7.322493],[109.784339,-7.322561],[109.784498,-7.32254],[109.78467,-7.322484],[109.785118,-7.322318],[109.785318,-7.322307],[109.785465,-7.322359],[109.785642,-7.322396],[109.785709,-7.322371],[109.785853,-7.322288],[109.786064,-7.322114],[109.78616,-7.322017],[109.786325,-7.321859],[109.786385,-7.321845],[109.786615,-7.321773],[109.786771,-7.321897],[109.786857,-7.322071],[109.786966,-7.322176],[109.787111,-7.322221],[109.787258,-7.322123],[109.787392,-7.321975],[109.787572,-7.321591],[109.787624,-7.321475],[109.787671,-7.321056],[109.787706,-7.320925],[109.787893,-7.320837],[109.787928,-7.320754],[109.787953,-7.320623],[109.788002,-7.320099],[109.788174,-7.320052],[109.788355,-7.319991],[109.788462,-7.319901],[109.788564,-7.319708],[109.788586,-7.319555],[109.78857,-7.319472],[109.788524,-7.319233],[109.788519,-7.319128],[109.788454,-7.318822],[109.788372,-7.318668],[109.78839,-7.318524],[109.788395,-7.318453],[109.788385,-7.318188],[109.788711,-7.317705],[109.788765,-7.317544],[109.788802,-7.317411],[109.788926,-7.317298],[109.789393,-7.317091],[109.789623,-7.316987],[109.789929,-7.316875],[109.790012,-7.316753],[109.790071,-7.316586],[109.790143,-7.316246],[109.790185,-7.3161],[109.790275,-7.315975],[109.790428,-7.31586],[109.790553,-7.315778],[109.790703,-7.315671],[109.790995,-7.315376],[109.791197,-7.315176],[109.79151,-7.314836],[109.791676,-7.314733],[109.791807,-7.314616],[109.791922,-7.314438],[109.792013,-7.314275],[109.792073,-7.31396],[109.792179,-7.313795],[109.792273,-7.313643],[109.792447,-7.313447],[109.792633,-7.313248],[109.792839,-7.313148],[109.793006,-7.313316],[109.793398,-7.313397],[109.793586,-7.313378],[109.793814,-7.313232],[109.793858,-7.313],[109.794051,-7.312681],[109.794002,-7.312495],[109.793956,-7.312305],[109.793935,-7.312128],[109.793909,-7.311815],[109.793869,-7.311507],[109.793758,-7.311284],[109.793604,-7.31072],[109.793585,-7.310553],[109.793544,-7.310271],[109.793491,-7.309966],[109.793479,-7.309788],[109.793502,-7.30959],[109.793627,-7.308806],[109.793625,-7.308419],[109.793767,-7.308359],[109.793912,-7.30828],[109.794149,-7.308194],[109.794309,-7.30811],[109.794456,-7.308037],[109.794742,-7.307952],[109.794977,-7.308044],[109.795184,-7.307939],[109.795335,-7.307882],[109.7955,-7.30791],[109.795692,-7.307897],[109.795894,-7.307957],[109.796117,-7.308005],[109.796222,-7.308045],[109.796479,-7.308177],[109.796645,-7.308212],[109.796862,-7.308072],[109.79707,-7.308024],[109.797283,-7.307932],[109.797538,-7.307932],[109.797841,-7.307922],[109.798385,-7.307918],[109.798832,-7.307677],[109.798945,-7.307614],[109.799225,-7.307378],[109.799455,-7.307198],[109.799703,-7.307014],[109.799876,-7.306851],[109.800262,-7.306492],[109.800538,-7.306367],[109.800796,-7.306285],[109.800879,-7.306242],[109.800991,-7.306164],[109.8012,-7.306055],[109.801311,-7.306023],[109.801521,-7.30599],[109.801757,-7.30597],[109.802046,-7.305919],[109.80219,-7.305863],[109.80233,-7.305722],[109.80246,-7.305644],[109.802692,-7.305641],[109.803086,-7.305674],[109.803318,-7.305705],[109.803578,-7.30571],[109.804186,-7.30574],[109.804324,-7.305756],[109.804671,-7.305775],[109.804853,-7.305723],[109.8054,-7.305378],[109.805697,-7.304981],[109.805886,-7.304553],[109.805917,-7.304428],[109.805931,-7.30423],[109.805991,-7.304021],[109.806043,-7.303929],[109.806302,-7.303646],[109.806486,-7.303587],[109.806639,-7.303542],[109.806684,-7.303604],[109.807085,-7.303304],[109.807266,-7.303203],[109.807391,-7.303045],[109.807731,-7.302724],[109.807863,-7.30262],[109.8081,-7.302479],[109.808217,-7.302381],[109.808338,-7.302274],[109.808518,-7.302148],[109.808828,-7.301913],[109.808915,-7.3018],[109.808979,-7.301617],[109.809104,-7.301467],[109.809312,-7.301319],[109.809502,-7.301278],[109.809753,-7.301291],[109.810036,-7.301302],[109.810063,-7.301294]]}},{"type":"Feature","properties":{"id":589,"nomor_ruas":"I.35","nama_ruas":"DUREN-KEBONDALEM","titik_awal":"I.15 / I.15","titik_akhir":"I.42/I.43","panjang_km":9.414,"lebar_m":5},"geometry":{"type":"LineString","coordinates":[[109.669801,-7.48796],[109.66944,-7.487964],[109.669214,-7.487953],[109.669009,-7.48792],[109.668837,-7.487837],[109.668607,-7.487718],[109.668431,-7.487696],[109.668186,-7.487634],[109.668028,-7.487623],[109.667754,-7.487744],[109.667549,-7.48775],[109.666985,-7.48763],[109.66673,-7.487543],[109.666159,-7.48743],[109.665932,-7.487336],[109.665829,-7.487164],[109.665657,-7.487009],[109.665509,-7.486947],[109.665186,-7.486801],[109.665023,-7.486676],[109.66476,-7.486512],[109.664636,-7.486378],[109.664353,-7.486348],[109.664104,-7.486362],[109.663936,-7.486361],[109.663701,-7.486451],[109.663499,-7.486408],[109.663265,-7.486307],[109.663049,-7.486186],[109.663132,-7.485837],[109.663013,-7.485468],[109.662884,-7.48532],[109.662702,-7.485233],[109.66252,-7.485189],[109.662228,-7.485145],[109.662094,-7.485083],[109.661878,-7.485039],[109.661624,-7.485105],[109.661269,-7.484994],[109.661091,-7.485209],[109.660976,-7.485405],[109.66086,-7.485634],[109.660663,-7.485562],[109.660491,-7.485413],[109.660328,-7.485369],[109.659997,-7.485555],[109.659858,-7.485588],[109.659478,-7.486046],[109.6593,-7.486156],[109.659108,-7.486103],[109.659138,-7.48582],[109.658975,-7.485643],[109.658645,-7.485493],[109.658453,-7.48545],[109.65796,-7.485463],[109.657552,-7.485457],[109.657413,-7.485427],[109.657302,-7.485513],[109.657276,-7.485686],[109.656913,-7.485639],[109.656932,-7.485414],[109.656827,-7.48527],[109.65665,-7.485255],[109.656516,-7.485231],[109.6563,-7.485288],[109.656186,-7.484981],[109.65633,-7.484713],[109.656451,-7.484489],[109.656356,-7.484245],[109.656227,-7.484139],[109.656141,-7.483981],[109.656094,-7.483478],[109.656071,-7.483162],[109.655967,-7.482918],[109.655814,-7.482759],[109.655867,-7.482549],[109.655868,-7.482348],[109.65582,-7.482147],[109.655706,-7.482027],[109.655524,-7.481864],[109.655347,-7.481643],[109.655223,-7.481489],[109.65497,-7.481269],[109.654845,-7.481196],[109.654721,-7.481105],[109.654501,-7.480789],[109.654339,-7.480601],[109.6542,-7.480544],[109.653902,-7.480691],[109.653518,-7.480987],[109.653369,-7.481154],[109.653191,-7.481282],[109.653033,-7.481263],[109.652861,-7.480932],[109.65268,-7.480596],[109.652464,-7.480452],[109.652157,-7.480494],[109.651828,-7.480201],[109.651675,-7.480033],[109.651445,-7.479937],[109.651315,-7.480047],[109.651228,-7.480156],[109.651031,-7.480261],[109.650845,-7.480184],[109.650572,-7.479915],[109.650318,-7.479953],[109.650102,-7.479875],[109.649916,-7.479832],[109.649848,-7.480023],[109.649833,-7.480167],[109.649712,-7.480468],[109.649649,-7.48085],[109.649557,-7.481046],[109.649475,-7.481304],[109.649211,-7.481371],[109.6491,-7.481456],[109.648985,-7.481643],[109.648835,-7.481824],[109.648548,-7.481885],[109.648422,-7.482014],[109.648317,-7.482134],[109.648201,-7.482282],[109.648004,-7.482286],[109.647707,-7.482285],[109.647544,-7.482356],[109.647381,-7.482418],[109.647088,-7.482417],[109.646906,-7.482383],[109.646681,-7.48243],[109.646518,-7.482458],[109.646235,-7.482438],[109.645909,-7.482499],[109.645764,-7.482643],[109.64563,-7.482613],[109.64529,-7.482373],[109.644855,-7.482085],[109.644299,-7.481891],[109.644046,-7.481718],[109.643931,-7.481613],[109.643728,-7.481408],[109.643608,-7.481252],[109.643525,-7.481108],[109.643417,-7.480946],[109.643292,-7.480856],[109.643064,-7.48079],[109.642861,-7.480765],[109.642663,-7.480711],[109.642173,-7.480615],[109.642082,-7.480736],[109.641928,-7.480811],[109.641644,-7.480742],[109.641544,-7.480599],[109.641505,-7.480444],[109.641534,-7.480121],[109.641536,-7.479737],[109.641533,-7.479515],[109.641397,-7.479328],[109.641329,-7.479198],[109.64111,-7.479007],[109.640947,-7.478997],[109.640687,-7.479111],[109.640428,-7.479187],[109.640179,-7.479153],[109.639897,-7.479013],[109.639638,-7.478807],[109.639582,-7.478683],[109.639231,-7.478536],[109.638992,-7.478496],[109.638833,-7.478502],[109.638524,-7.478605],[109.638182,-7.478697],[109.637952,-7.478574],[109.637845,-7.478473],[109.63778,-7.478322],[109.637767,-7.47815],[109.63771,-7.477985],[109.637696,-7.477777],[109.637639,-7.47754],[109.637514,-7.477099],[109.637327,-7.476991],[109.637259,-7.476765],[109.637275,-7.476535],[109.63734,-7.476363],[109.637146,-7.476094],[109.636906,-7.47605],[109.636708,-7.475877],[109.636587,-7.47574],[109.636317,-7.47565],[109.636181,-7.475549],[109.636033,-7.475534],[109.635886,-7.475523],[109.63571,-7.475508],[109.635548,-7.475572],[109.635436,-7.475762],[109.63531,-7.475898],[109.635101,-7.475915],[109.634813,-7.475921],[109.634637,-7.475896],[109.63426,-7.475862],[109.633961,-7.47584],[109.633757,-7.475696],[109.633606,-7.475566],[109.633369,-7.475536],[109.633082,-7.475352],[109.632942,-7.475287],[109.632798,-7.475219],[109.632582,-7.475154],[109.632507,-7.475028],[109.632335,-7.474866],[109.63217,-7.474883],[109.631943,-7.474911],[109.631778,-7.474907],[109.631451,-7.474852],[109.631235,-7.474733],[109.631142,-7.474625],[109.63096,-7.47428],[109.630763,-7.474118],[109.630639,-7.474017],[109.630507,-7.474092],[109.63028,-7.474213],[109.630115,-7.474335],[109.629963,-7.474413],[109.629827,-7.474409],[109.629668,-7.474459],[109.629474,-7.474501],[109.629297,-7.474644],[109.629236,-7.474824],[109.629001,-7.475074],[109.628788,-7.475268],[109.628668,-7.475358],[109.628534,-7.475385],[109.628307,-7.475373],[109.628163,-7.475408],[109.628016,-7.475467],[109.627858,-7.475481],[109.627718,-7.475476],[109.627575,-7.4755],[109.627436,-7.475466],[109.627139,-7.475175],[109.626985,-7.47516],[109.62682,-7.475164],[109.626698,-7.475096],[109.626637,-7.474939],[109.626551,-7.474691],[109.626439,-7.474491],[109.626333,-7.474373],[109.626145,-7.474245],[109.62601,-7.474139],[109.625872,-7.473905],[109.625811,-7.473703],[109.625644,-7.473088],[109.625459,-7.472804],[109.62523,-7.472503],[109.625154,-7.47238],[109.625045,-7.472104],[109.624998,-7.47192],[109.624918,-7.471808],[109.624542,-7.471562],[109.624376,-7.471412],[109.624225,-7.471258],[109.623928,-7.471048],[109.62347,-7.470646],[109.623401,-7.470618],[109.623081,-7.470422],[109.623036,-7.470294],[109.622978,-7.470057],[109.622925,-7.469967],[109.622699,-7.469624],[109.622719,-7.469581],[109.622822,-7.469457],[109.622983,-7.469278],[109.623094,-7.46912],[109.623192,-7.468882],[109.62313,-7.468799],[109.622929,-7.468701],[109.62278,-7.468597],[109.622662,-7.468486],[109.622505,-7.468358],[109.622383,-7.468275],[109.622235,-7.468275],[109.62198,-7.468309],[109.621839,-7.468295],[109.621689,-7.468365],[109.621421,-7.46842],[109.621201,-7.468455],[109.620984,-7.468449],[109.620837,-7.468405],[109.620328,-7.468209],[109.620101,-7.468166],[109.619926,-7.468178],[109.619144,-7.468259],[109.618889,-7.468275],[109.618211,-7.468317],[109.618068,-7.468314],[109.617889,-7.468293],[109.617479,-7.4682],[109.616827,-7.468047],[109.616693,-7.467993],[109.616569,-7.467892],[109.61634,-7.467677],[109.616213,-7.467615],[109.616015,-7.467537],[109.61591,-7.467449],[109.615637,-7.46703],[109.615515,-7.466917],[109.615237,-7.466717],[109.615117,-7.466585],[109.61494,-7.466391],[109.614818,-7.466237],[109.614496,-7.465648],[109.614265,-7.465469],[109.613779,-7.465274],[109.613608,-7.465347],[109.613455,-7.465382],[109.613181,-7.465421],[109.613082,-7.46552],[109.612971,-7.465728],[109.612867,-7.465838],[109.612723,-7.465891],[109.612561,-7.465923],[109.611856,-7.466034],[109.611604,-7.466085],[109.611368,-7.466231],[109.611429,-7.466309],[109.611416,-7.466523],[109.611262,-7.466551],[109.61111,-7.466558],[109.61096,-7.466541],[109.61054,-7.466464],[109.610255,-7.46646],[109.610114,-7.466479],[109.609735,-7.466526],[109.609567,-7.466533],[109.609264,-7.466505],[109.60898,-7.466555],[109.608941,-7.466556],[109.608671,-7.466552],[109.608515,-7.466538],[109.608302,-7.466627],[109.608228,-7.466779],[109.608126,-7.466871],[109.607992,-7.466906],[109.607816,-7.466878],[109.607721,-7.466772],[109.607586,-7.466582],[109.607431,-7.46637]]}},{"type":"Feature","properties":{"id":590,"nomor_ruas":"I.36","nama_ruas":"PAGEDONGAN-MAJALENGKA","titik_awal":"I.36.I.36","titik_akhir":"I.35/I.42/I.43","panjang_km":10.369,"lebar_m":3},"geometry":{"type":"LineString","coordinates":[[109.675285,-7.437737],[109.675117,-7.43773],[109.67484,-7.437841],[109.674318,-7.43791],[109.674113,-7.43796],[109.673821,-7.438209],[109.6737,-7.438337],[109.67355,-7.43854],[109.673444,-7.439107],[109.673386,-7.439329],[109.673303,-7.439591],[109.673082,-7.439934],[109.673099,-7.440207],[109.673087,-7.440459],[109.672928,-7.440512],[109.6727,-7.440539],[109.672682,-7.440743],[109.672702,-7.440991],[109.672651,-7.441282],[109.6726,-7.44198],[109.672614,-7.44218],[109.672675,-7.442313],[109.672764,-7.442436],[109.672885,-7.442549],[109.672984,-7.442755],[109.673002,-7.443003],[109.672928,-7.44347],[109.672954,-7.443689],[109.673068,-7.444207],[109.67322,-7.444386],[109.673366,-7.44455],[109.673505,-7.444825],[109.673625,-7.444933],[109.673693,-7.445063],[109.673753,-7.445217],[109.673797,-7.445571],[109.67383,-7.445862],[109.673887,-7.446134],[109.673897,-7.446308],[109.673872,-7.446465],[109.673779,-7.446795],[109.673787,-7.447216],[109.673925,-7.447738],[109.673939,-7.448066],[109.67398,-7.44849],[109.674051,-7.448777],[109.674178,-7.449259],[109.674282,-7.449667],[109.674295,-7.449872],[109.674279,-7.45012],[109.674214,-7.450344],[109.674179,-7.450697],[109.673825,-7.451114],[109.673606,-7.451568],[109.673393,-7.451655],[109.673009,-7.451789],[109.672882,-7.451954],[109.67265,-7.45241],[109.672606,-7.452553],[109.672573,-7.452741],[109.672566,-7.453005],[109.672531,-7.453159],[109.672445,-7.45352],[109.672266,-7.454098],[109.672212,-7.454419],[109.672119,-7.454813],[109.671964,-7.455075],[109.671762,-7.455354],[109.671617,-7.455494],[109.671364,-7.455736],[109.671273,-7.455877],[109.671091,-7.456131],[109.670949,-7.456343],[109.670827,-7.456643],[109.670575,-7.456732],[109.6701,-7.456577],[109.669777,-7.456471],[109.669393,-7.456294],[109.669148,-7.456247],[109.669026,-7.456175],[109.668688,-7.455965],[109.668516,-7.455962],[109.668265,-7.455972],[109.667982,-7.456127],[109.66766,-7.456199],[109.667381,-7.456167],[109.667032,-7.456248],[109.666773,-7.456329],[109.666614,-7.456759],[109.666513,-7.456988],[109.666359,-7.456965],[109.666089,-7.456848],[109.665924,-7.456829],[109.665693,-7.456806],[109.665388,-7.456656],[109.66509,-7.456391],[109.664826,-7.456423],[109.664693,-7.456569],[109.664258,-7.457102],[109.664016,-7.457281],[109.663868,-7.457279],[109.663711,-7.457262],[109.663491,-7.457348],[109.66303,-7.45749],[109.66296,-7.457651],[109.662977,-7.457911],[109.66288,-7.458108],[109.662702,-7.458135],[109.662424,-7.458103],[109.662268,-7.458114],[109.662055,-7.458211],[109.661918,-7.458318],[109.661804,-7.458477],[109.661568,-7.45875],[109.66143,-7.458849],[109.661179,-7.459049],[109.660881,-7.459244],[109.660535,-7.459755],[109.660356,-7.460028],[109.660207,-7.460324],[109.659927,-7.461012],[109.659675,-7.461542],[109.659502,-7.461816],[109.659401,-7.461943],[109.658992,-7.462092],[109.658203,-7.462264],[109.657427,-7.462487],[109.657317,-7.462641],[109.657178,-7.463366],[109.657147,-7.463615],[109.657141,-7.464123],[109.657112,-7.464265],[109.657051,-7.46445],[109.656914,-7.464689],[109.656765,-7.464855],[109.656553,-7.465006],[109.656417,-7.465096],[109.656313,-7.465225],[109.656219,-7.465359],[109.656175,-7.465488],[109.656152,-7.465648],[109.656143,-7.465821],[109.656103,-7.46595],[109.655987,-7.466076],[109.655831,-7.466176],[109.655654,-7.466264],[109.655467,-7.466314],[109.655151,-7.466356],[109.655103,-7.466534],[109.654969,-7.466713],[109.654707,-7.466924],[109.654579,-7.467066],[109.65462,-7.467277],[109.65467,-7.467323],[109.654916,-7.467482],[109.654938,-7.46764],[109.654825,-7.467867],[109.654819,-7.468043],[109.654784,-7.468226],[109.654628,-7.468544],[109.654457,-7.468554],[109.65431,-7.468588],[109.65424,-7.468652],[109.653891,-7.468872],[109.653744,-7.468887],[109.653512,-7.468998],[109.653358,-7.46903],[109.653062,-7.469117],[109.652773,-7.469283],[109.652598,-7.469323],[109.652533,-7.469354],[109.652099,-7.469632],[109.651994,-7.469657],[109.651733,-7.469688],[109.651506,-7.469868],[109.651251,-7.470083],[109.651157,-7.470224],[109.65116,-7.470392],[109.651072,-7.470715],[109.650901,-7.471032],[109.650801,-7.47108],[109.650523,-7.471081],[109.65041,-7.471082],[109.650108,-7.471068],[109.649849,-7.471145],[109.649697,-7.471289],[109.649559,-7.471387],[109.649308,-7.471652],[109.649105,-7.471738],[109.649004,-7.47173],[109.648771,-7.471604],[109.648692,-7.471518],[109.648523,-7.471329],[109.648343,-7.471331],[109.648324,-7.471369],[109.648278,-7.471709],[109.648108,-7.471846],[109.648047,-7.471912],[109.647852,-7.472203],[109.647656,-7.472326],[109.647534,-7.472411],[109.647422,-7.472504],[109.647293,-7.472653],[109.647099,-7.472841],[109.646948,-7.473091],[109.646863,-7.473253],[109.646672,-7.473274],[109.646427,-7.473217],[109.646244,-7.473243],[109.646122,-7.473268],[109.645852,-7.473263],[109.645708,-7.473225],[109.645526,-7.473147],[109.645521,-7.473449],[109.645395,-7.473575],[109.645304,-7.47376],[109.645214,-7.473867],[109.645154,-7.473998],[109.645141,-7.474178],[109.645105,-7.474387],[109.644966,-7.474644],[109.644773,-7.474913],[109.644659,-7.475128],[109.644533,-7.475049],[109.644305,-7.475138],[109.644167,-7.475222],[109.644154,-7.475545],[109.644057,-7.475786],[109.643975,-7.475958],[109.643941,-7.476034],[109.643772,-7.476182],[109.643667,-7.476253],[109.643331,-7.476401],[109.643229,-7.476568],[109.643056,-7.476845],[109.643008,-7.477019],[109.642954,-7.47723],[109.642874,-7.477348],[109.642655,-7.47747],[109.6425,-7.477527],[109.642388,-7.477609],[109.642309,-7.477734],[109.64224,-7.477853],[109.641891,-7.477798],[109.641809,-7.477578],[109.641713,-7.47742],[109.641472,-7.477301],[109.641209,-7.477394],[109.641112,-7.477422],[109.640896,-7.477529],[109.640748,-7.477586],[109.640565,-7.477463],[109.640408,-7.477316],[109.640307,-7.477358],[109.640188,-7.477444],[109.639937,-7.477465],[109.639598,-7.477417],[109.639379,-7.477392],[109.639261,-7.477179],[109.638999,-7.477043],[109.638859,-7.477072],[109.638693,-7.477114],[109.638445,-7.47721],[109.638268,-7.477242],[109.638063,-7.477256],[109.637912,-7.47727],[109.637736,-7.477226],[109.637514,-7.477099],[109.637327,-7.476991],[109.637259,-7.476765],[109.637275,-7.476535],[109.63734,-7.476363],[109.637146,-7.476094],[109.636906,-7.47605],[109.636708,-7.475877],[109.636587,-7.47574],[109.636317,-7.47565],[109.636181,-7.475549],[109.636033,-7.475534],[109.635886,-7.475523],[109.63571,-7.475508],[109.635548,-7.475572],[109.635436,-7.475762],[109.63531,-7.475898],[109.635101,-7.475915],[109.634813,-7.475921],[109.634637,-7.475896],[109.63426,-7.475862],[109.633961,-7.47584],[109.633757,-7.475696],[109.633606,-7.475566],[109.633369,-7.475536],[109.633082,-7.475352],[109.632942,-7.475287],[109.632798,-7.475219],[109.632582,-7.475154],[109.632507,-7.475028],[109.632335,-7.474866],[109.63217,-7.474883],[109.631943,-7.474911],[109.631778,-7.474907],[109.631451,-7.474852],[109.631235,-7.474733],[109.631142,-7.474625],[109.63096,-7.47428],[109.630763,-7.474118],[109.630639,-7.474017],[109.630507,-7.474092],[109.63028,-7.474213],[109.630115,-7.474335],[109.629963,-7.474413],[109.629827,-7.474409],[109.629668,-7.474459],[109.629474,-7.474501],[109.629297,-7.474644],[109.629236,-7.474824],[109.629001,-7.475074],[109.628788,-7.475268],[109.628668,-7.475358],[109.628534,-7.475385],[109.628307,-7.475373],[109.628163,-7.475408],[109.628016,-7.475467],[109.627858,-7.475481],[109.627718,-7.475476],[109.627575,-7.4755],[109.627436,-7.475466],[109.627139,-7.475175],[109.626985,-7.47516],[109.62682,-7.475164],[109.626698,-7.475096],[109.626637,-7.474939],[109.626551,-7.474691],[109.626439,-7.474491],[109.626333,-7.474373],[109.626145,-7.474245],[109.62601,-7.474139],[109.625872,-7.473905],[109.625811,-7.473703],[109.625644,-7.473088],[109.625459,-7.472804],[109.62523,-7.472503],[109.625154,-7.47238],[109.625045,-7.472104],[109.624998,-7.47192],[109.624918,-7.471808],[109.624542,-7.471562],[109.624376,-7.471412],[109.624225,-7.471258],[109.623928,-7.471048],[109.62347,-7.470646],[109.623401,-7.470618],[109.623081,-7.470422],[109.623036,-7.470294],[109.622978,-7.470057],[109.622925,-7.469967],[109.622699,-7.469624],[109.622719,-7.469581],[109.622822,-7.469457],[109.622983,-7.469278],[109.623094,-7.46912],[109.623192,-7.468882],[109.62313,-7.468799],[109.622929,-7.468701],[109.62278,-7.468597],[109.622662,-7.468486],[109.622505,-7.468358],[109.622383,-7.468275],[109.622235,-7.468275],[109.621962,-7.4682],[109.621544,-7.468291]]}},{"type":"Feature","properties":{"id":591,"nomor_ruas":"II.1","nama_ruas":"PURWANEGARA-PUCUNGBEDUG","titik_awal":"JL NAS. KM 34 HM 8 BMS","titik_akhir":"II.7/II.6","panjang_km":6.19,"lebar_m":4},"geometry":{"type":"LineString","coordinates":[[109.561591,-7.434617],[109.561615,-7.434784],[109.561632,-7.434962],[109.561691,-7.435139],[109.561781,-7.435276],[109.561967,-7.435294],[109.562101,-7.436044],[109.562233,-7.436919],[109.562312,-7.437486],[109.56238,-7.438014],[109.5625,-7.438791],[109.562545,-7.439159],[109.562628,-7.439926],[109.562644,-7.440153],[109.562661,-7.440369],[109.562679,-7.440667],[109.562707,-7.440831],[109.562745,-7.442465],[109.562766,-7.442683],[109.563147,-7.443645],[109.563234,-7.444544],[109.563403,-7.445117],[109.563841,-7.445122],[109.564055,-7.445015],[109.564326,-7.444963],[109.564946,-7.445083],[109.565254,-7.444959],[109.566887,-7.444838],[109.567313,-7.444721],[109.567481,-7.444685],[109.567731,-7.444679],[109.567988,-7.444624],[109.568405,-7.444481],[109.568894,-7.444461],[109.569223,-7.444389],[109.56933,-7.444302],[109.569471,-7.444076],[109.569802,-7.443628],[109.569901,-7.443476],[109.570106,-7.4433],[109.570261,-7.443263],[109.570643,-7.443191],[109.570802,-7.443162],[109.571073,-7.443127],[109.571462,-7.443162],[109.571749,-7.443217],[109.572056,-7.443292],[109.572378,-7.443382],[109.572654,-7.443312],[109.572931,-7.443181],[109.573113,-7.443111],[109.573789,-7.442806],[109.573936,-7.442787],[109.574085,-7.442797],[109.57435,-7.442773],[109.574403,-7.442629],[109.574389,-7.442463],[109.574366,-7.442262],[109.57437,-7.442154],[109.574437,-7.442029],[109.574597,-7.441971],[109.574727,-7.442061],[109.575897,-7.442298],[109.576003,-7.442293],[109.576701,-7.44201],[109.576966,-7.441917],[109.577079,-7.441925],[109.577928,-7.442115],[109.578165,-7.442161],[109.578728,-7.442126],[109.579054,-7.442107],[109.579468,-7.442051],[109.579705,-7.441992],[109.579939,-7.441919],[109.580128,-7.44207],[109.580621,-7.442353],[109.580819,-7.442515],[109.581093,-7.442813],[109.581279,-7.443055],[109.581398,-7.443224],[109.581494,-7.443496],[109.581586,-7.44365],[109.582027,-7.443814],[109.582192,-7.443908],[109.582461,-7.444132],[109.58265,-7.444355],[109.582824,-7.444561],[109.583031,-7.444831],[109.583368,-7.445234],[109.583511,-7.445306],[109.583956,-7.445356],[109.584494,-7.445373],[109.585114,-7.445378],[109.585393,-7.445346],[109.586195,-7.445275],[109.587286,-7.445131],[109.587456,-7.445131],[109.588363,-7.44523],[109.589189,-7.445445],[109.59001,-7.445553],[109.590544,-7.445706],[109.5915,-7.446101],[109.591702,-7.446285],[109.591962,-7.446222],[109.592393,-7.446235],[109.592949,-7.446226],[109.593796,-7.446293],[109.593676,-7.446425],[109.593583,-7.446539],[109.593362,-7.44689],[109.593246,-7.447222],[109.593155,-7.447733],[109.593159,-7.447839],[109.59314,-7.448324],[109.593137,-7.448513],[109.593135,-7.44872],[109.59313,-7.448957],[109.593143,-7.449154],[109.593148,-7.44988],[109.593194,-7.450275],[109.593341,-7.450587],[109.593727,-7.451321],[109.593893,-7.45165],[109.594155,-7.452114],[109.594578,-7.452654],[109.595109,-7.453173],[109.59573,-7.453937],[109.596039,-7.454204],[109.596242,-7.454405],[109.596502,-7.454834],[109.596601,-7.455201],[109.596584,-7.455776],[109.596556,-7.456253]]}},{"type":"Feature","properties":{"id":592,"nomor_ruas":"V.12","nama_ruas":"JL KH. ACMAD DAHLAN","titik_awal":"VI.2/VI.14","titik_akhir":"VI.9/VI.11","panjang_km":0.192,"lebar_m":8},"geometry":{"type":"LineString","coordinates":[[109.69441,-7.397032],[109.694418,-7.395303]]}},{"type":"Feature","properties":{"id":593,"nomor_ruas":"II.14","nama_ruas":"LINGKAR TERMINAL MANDIRAJA","titik_awal":"Jalan Nas.","titik_akhir":"II.11/II.12","panjang_km":0.185,"lebar_m":3},"geometry":{"type":"LineString","coordinates":[[109.522724,-7.452985],[109.522806,-7.452968],[109.522785,-7.453504],[109.522763,-7.453803],[109.522895,-7.453825],[109.523118,-7.453847],[109.523508,-7.453891]]}},{"type":"Feature","properties":{"id":594,"nomor_ruas":"I.42","nama_ruas":"MANTRIANOM-KEBONDALEM","titik_awal":"JL PROP. KM 6 HM 5-6 BNA","titik_akhir":"I.42/I.43","panjang_km":9.38,"lebar_m":4.5},"geometry":{"type":"LineString","coordinates":[[109.604504,-7.464188],[109.604416,-7.464047],[109.604382,-7.463952],[109.604292,-7.463471],[109.604263,-7.463253],[109.604313,-7.463057],[109.60444,-7.462591],[109.604604,-7.462127],[109.604751,-7.461829],[109.604871,-7.461574],[109.604942,-7.461397],[109.605074,-7.461026],[109.605152,-7.460777],[109.605328,-7.46012],[109.605439,-7.459557],[109.605573,-7.4592],[109.60556,-7.459105],[109.605648,-7.458754],[109.605658,-7.458558],[109.605658,-7.458485],[109.605657,-7.458366],[109.605674,-7.458095],[109.60571,-7.457788],[109.605753,-7.457401],[109.605767,-7.457109],[109.605761,-7.456138],[109.605763,-7.45542],[109.605807,-7.455027],[109.605857,-7.454722],[109.60582,-7.454576],[109.605874,-7.454053],[109.605843,-7.453568],[109.605915,-7.453236],[109.606234,-7.45272],[109.606355,-7.452538],[109.606452,-7.452412],[109.606656,-7.45222],[109.606749,-7.452148],[109.606952,-7.451927],[109.607022,-7.451742],[109.607122,-7.451426],[109.607198,-7.451325],[109.607423,-7.451109],[109.60757,-7.450925],[109.607779,-7.450713],[109.608015,-7.450689],[109.608192,-7.450717],[109.608504,-7.450849],[109.608838,-7.450932],[109.609128,-7.450848],[109.609287,-7.450821],[109.609536,-7.450757],[109.609804,-7.450677],[109.61003,-7.450683],[109.610215,-7.450709],[109.610369,-7.450683],[109.610436,-7.450602],[109.610841,-7.450214],[109.611314,-7.449881],[109.611729,-7.449548],[109.611886,-7.449425],[109.612106,-7.44927],[109.612319,-7.44917],[109.612572,-7.4491],[109.612803,-7.448927],[109.612792,-7.448771],[109.612733,-7.44868],[109.612572,-7.448478],[109.612534,-7.448429],[109.612521,-7.448188],[109.612602,-7.447941],[109.613056,-7.447041],[109.613248,-7.445832],[109.613305,-7.445374],[109.613415,-7.444872],[109.613517,-7.444457],[109.61357,-7.444345],[109.613737,-7.444191],[109.613852,-7.444143],[109.614104,-7.444058],[109.61436,-7.443995],[109.614686,-7.443914],[109.614898,-7.44389],[109.615193,-7.44384],[109.615516,-7.443772],[109.616408,-7.443477],[109.616575,-7.443423],[109.617002,-7.443255],[109.618176,-7.442877],[109.618683,-7.442741],[109.619053,-7.442638],[109.61927,-7.442587],[109.619774,-7.442528],[109.619969,-7.442461],[109.619946,-7.442381],[109.620069,-7.442159],[109.620262,-7.441757],[109.620339,-7.441165],[109.620396,-7.440957],[109.620451,-7.440677],[109.620609,-7.440279],[109.620923,-7.43953],[109.621279,-7.438862],[109.62137,-7.438724],[109.621477,-7.438414],[109.621601,-7.438201],[109.621767,-7.437986],[109.622537,-7.43722],[109.622827,-7.437119],[109.622951,-7.43702],[109.623052,-7.436903],[109.623263,-7.436705],[109.623551,-7.436153],[109.623532,-7.435922],[109.623508,-7.435808],[109.623434,-7.435629],[109.623218,-7.435332],[109.62313,-7.435137],[109.623014,-7.434863],[109.622929,-7.434558],[109.62291,-7.434347],[109.622945,-7.434177],[109.622958,-7.434065],[109.62295,-7.433914],[109.622918,-7.433651],[109.622873,-7.433007],[109.622874,-7.432516],[109.622753,-7.4317],[109.622769,-7.431498],[109.622806,-7.431398],[109.622876,-7.431253],[109.622996,-7.431087],[109.623091,-7.430979],[109.623293,-7.430819],[109.623605,-7.430617],[109.624037,-7.43066],[109.624372,-7.430727],[109.624696,-7.430641],[109.624721,-7.4304],[109.624553,-7.430267],[109.624431,-7.430153],[109.624334,-7.429965],[109.624321,-7.429837],[109.624356,-7.429691],[109.6244,-7.429608],[109.624568,-7.429458],[109.624614,-7.42931],[109.624757,-7.42906],[109.624813,-7.428924],[109.624893,-7.428698],[109.62495,-7.428507],[109.625035,-7.428227],[109.625085,-7.428012],[109.625119,-7.427853],[109.625159,-7.427707],[109.625206,-7.427553],[109.625269,-7.427297],[109.625283,-7.427207],[109.625318,-7.426989],[109.625324,-7.426912],[109.625344,-7.426622],[109.625358,-7.426379],[109.625385,-7.426309],[109.625409,-7.426139],[109.625516,-7.425942],[109.625596,-7.425898],[109.62583,-7.425858],[109.626032,-7.42587],[109.626161,-7.425815],[109.626369,-7.425737],[109.626423,-7.425612],[109.626477,-7.42534],[109.626527,-7.42517],[109.626539,-7.424959],[109.626517,-7.424824],[109.626475,-7.424567],[109.626465,-7.424391],[109.626459,-7.424178],[109.626433,-7.42403],[109.62637,-7.423866],[109.626325,-7.423716],[109.626348,-7.423508],[109.626367,-7.423338],[109.626343,-7.423112],[109.626304,-7.422954],[109.626256,-7.422791],[109.626205,-7.422619],[109.626169,-7.422432],[109.626156,-7.42227],[109.626136,-7.42208],[109.626111,-7.421912],[109.626056,-7.421643],[109.625945,-7.421184],[109.625941,-7.420985],[109.625964,-7.420762],[109.625984,-7.420528],[109.626058,-7.420336],[109.626121,-7.420182],[109.626217,-7.420013],[109.626294,-7.419853],[109.626355,-7.419704],[109.626452,-7.419442],[109.626612,-7.419009],[109.626666,-7.4187],[109.62669,-7.418566],[109.626661,-7.418383],[109.626731,-7.418087],[109.626924,-7.418066],[109.627734,-7.417707],[109.628336,-7.417149],[109.628385,-7.416748],[109.628367,-7.416573],[109.628329,-7.416475],[109.628276,-7.416351],[109.628152,-7.416118],[109.628049,-7.4159],[109.627987,-7.415699],[109.627907,-7.415363],[109.627839,-7.415129],[109.627714,-7.415037],[109.627571,-7.415056],[109.627422,-7.414983],[109.627639,-7.414853],[109.628081,-7.414645],[109.628383,-7.414517],[109.62859,-7.414433],[109.628899,-7.41432],[109.629004,-7.414233],[109.629181,-7.414042],[109.629244,-7.413893],[109.629206,-7.413749],[109.629157,-7.413555],[109.629126,-7.413401],[109.629106,-7.413259],[109.62908,-7.41298],[109.629042,-7.412724],[109.628923,-7.412525],[109.628803,-7.412354],[109.628612,-7.412134],[109.628533,-7.411942],[109.628394,-7.411867],[109.628078,-7.41174],[109.627852,-7.411687],[109.627608,-7.411671],[109.62759,-7.411078],[109.627531,-7.410705],[109.62748,-7.410435],[109.627387,-7.410275],[109.627607,-7.410179],[109.627611,-7.409995],[109.627653,-7.409816],[109.627767,-7.409673],[109.627945,-7.409578],[109.628298,-7.409445],[109.628367,-7.409292],[109.628305,-7.409126],[109.628124,-7.409094],[109.627948,-7.408935],[109.627957,-7.408819],[109.628103,-7.40816],[109.628155,-7.407949],[109.628215,-7.407768],[109.628273,-7.407558],[109.628308,-7.407394],[109.628356,-7.407257],[109.62838,-7.407088],[109.628384,-7.40691],[109.628374,-7.406747],[109.628388,-7.406577],[109.628365,-7.406342],[109.628318,-7.406216],[109.628245,-7.405977],[109.628171,-7.405741],[109.628074,-7.4055],[109.628063,-7.40542],[109.628049,-7.405206],[109.627987,-7.40485],[109.628019,-7.404743],[109.628058,-7.404573],[109.628054,-7.404428],[109.627904,-7.404384],[109.627717,-7.404308],[109.626928,-7.403837],[109.626618,-7.403611],[109.626549,-7.403455],[109.626529,-7.403302],[109.626553,-7.403144],[109.626627,-7.402992],[109.626727,-7.402821],[109.626821,-7.402668],[109.627122,-7.402179],[109.627377,-7.401765],[109.627578,-7.401438],[109.627677,-7.401217],[109.627711,-7.401034],[109.627706,-7.400858],[109.627687,-7.400708],[109.627659,-7.400516],[109.627498,-7.400322],[109.62752,-7.40016],[109.627555,-7.399942],[109.62737,-7.39955],[109.627281,-7.399389]]}},{"type":"Feature","properties":{"id":595,"nomor_ruas":"I.43","nama_ruas":"KEBONDALEM-SILANGIT","titik_awal":"BATAS DESA","titik_akhir":"TUGU BATAS","panjang_km":4.667,"lebar_m":3},"geometry":{"type":"LineString","coordinates":[[109.616629,-7.495274],[109.616774,-7.495088],[109.616897,-7.49493],[109.617128,-7.494673],[109.6172,-7.494529],[109.61738,-7.494401],[109.617488,-7.494286],[109.617475,-7.493992],[109.61754,-7.49387],[109.617692,-7.49359],[109.617801,-7.493167],[109.617859,-7.493024],[109.617852,-7.492866],[109.617839,-7.492572],[109.617839,-7.492421],[109.617948,-7.49222],[109.618035,-7.492113],[109.617927,-7.491897],[109.617784,-7.491897],[109.617647,-7.491918],[109.617374,-7.491903],[109.617295,-7.491809],[109.617296,-7.491522],[109.617375,-7.491393],[109.617656,-7.491336],[109.617822,-7.491201],[109.617765,-7.490963],[109.617852,-7.490863],[109.618032,-7.490713],[109.61814,-7.490484],[109.618234,-7.490376],[109.618386,-7.490291],[109.618638,-7.490205],[109.61871,-7.489935],[109.618711,-7.489804],[109.618682,-7.48966],[109.618633,-7.489523],[109.618597,-7.489279],[109.61851,-7.489119],[109.618494,-7.488913],[109.618404,-7.488716],[109.618373,-7.488493],[109.61833,-7.488364],[109.618155,-7.488008],[109.618015,-7.487814],[109.617811,-7.487548],[109.617765,-7.487375],[109.617765,-7.487178],[109.617691,-7.486905],[109.617609,-7.48652],[109.617564,-7.48623],[109.617482,-7.485906],[109.6174,-7.485497],[109.617269,-7.485176],[109.617072,-7.48496],[109.616857,-7.484911],[109.616593,-7.484857],[109.616432,-7.484778],[109.61624,-7.484634],[109.616031,-7.484454],[109.615894,-7.484256],[109.615439,-7.483986],[109.61514,-7.483775],[109.614895,-7.483685],[109.614697,-7.483541],[109.614626,-7.483319],[109.614657,-7.48311],[109.614664,-7.482829],[109.614664,-7.482631],[109.614683,-7.482482],[109.61445,-7.482158],[109.61384,-7.481708],[109.613523,-7.481485],[109.613416,-7.481335],[109.613321,-7.481126],[109.613213,-7.480402],[109.613046,-7.480138],[109.612867,-7.479982],[109.612612,-7.479747],[109.612649,-7.47956],[109.612692,-7.47941],[109.612632,-7.47923],[109.612643,-7.478993],[109.612605,-7.478839],[109.612551,-7.478598],[109.612347,-7.478272],[109.612267,-7.478129],[109.612237,-7.477908],[109.612209,-7.477736],[109.612157,-7.477573],[109.611978,-7.477476],[109.611862,-7.477326],[109.611865,-7.477096],[109.611837,-7.476916],[109.611773,-7.476744],[109.611679,-7.476474],[109.611591,-7.476259],[109.611646,-7.476119],[109.61167,-7.475758],[109.611655,-7.475573],[109.611626,-7.475372],[109.611542,-7.474906],[109.611433,-7.474589],[109.611382,-7.47439],[109.6114,-7.474174],[109.611344,-7.473581],[109.611414,-7.473408],[109.611467,-7.473254],[109.611553,-7.473092],[109.611608,-7.472966],[109.611608,-7.472691],[109.611513,-7.472475],[109.61143,-7.472314],[109.6113,-7.472072],[109.611293,-7.472068],[109.61116,-7.471529],[109.611137,-7.471465],[109.611039,-7.471248],[109.610979,-7.470985],[109.610809,-7.470607],[109.610716,-7.470504],[109.610603,-7.470391],[109.610399,-7.470107],[109.610391,-7.469948],[109.610349,-7.469783],[109.610338,-7.469772],[109.609722,-7.469247],[109.609337,-7.468923],[109.609102,-7.46868],[109.608813,-7.468406],[109.608778,-7.468387],[109.60837,-7.468264],[109.608276,-7.468212],[109.608134,-7.468073],[109.608105,-7.468028],[109.608006,-7.467846],[109.607912,-7.467675],[109.607802,-7.467423],[109.607758,-7.467284],[109.607772,-7.467112],[109.607754,-7.466982],[109.607603,-7.466839],[109.607526,-7.466636],[109.607467,-7.466546],[109.607106,-7.465807],[109.60701,-7.465693],[109.606884,-7.465612],[109.606708,-7.465563],[109.60613,-7.465457],[109.605978,-7.465342],[109.605941,-7.465185],[109.60594,-7.465039],[109.605959,-7.464858],[109.606002,-7.464644],[109.606062,-7.464417],[109.606094,-7.464156],[109.605986,-7.464127],[109.605673,-7.464152],[109.605343,-7.464241],[109.605167,-7.464232],[109.604838,-7.464257],[109.604643,-7.464235],[109.604454,-7.464392],[109.604278,-7.464367],[109.603846,-7.464487],[109.603635,-7.464547],[109.603456,-7.46457],[109.603185,-7.464583],[109.603014,-7.464542],[109.602866,-7.464826]]}},{"type":"Feature","properties":{"id":596,"nomor_ruas":"II.15","nama_ruas":"SIMBANG-GLEMPANG","titik_awal":"II.19","titik_akhir":"Jalan Prov Gandulekor-Gombong","panjang_km":1.406,"lebar_m":3},"geometry":{"type":"LineString","coordinates":[[109.488079,-7.473563],[109.487863,-7.474533],[109.487783,-7.474874],[109.487663,-7.475443],[109.48715,-7.475484],[109.486785,-7.475492],[109.486112,-7.475949],[109.485368,-7.476401],[109.484873,-7.476706],[109.484215,-7.477063],[109.483667,-7.477324],[109.483384,-7.477404],[109.482708,-7.477526],[109.482031,-7.47772],[109.481779,-7.477777],[109.481153,-7.477918],[109.480865,-7.478037],[109.480451,-7.478447],[109.48025,-7.478508],[109.47989,-7.478507],[109.47931,-7.478534],[109.478504,-7.478545],[109.477896,-7.478548],[109.477639,-7.478549]]}},{"type":"Feature","properties":{"id":597,"nomor_ruas":"I.47","nama_ruas":"PUCANG-JENGGAWUR","titik_awal":"Jalan Nasional","titik_akhir":"III.4/III.4","panjang_km":1.977,"lebar_m":6},"geometry":{"type":"LineString","coordinates":[[109.658799,-7.398132],[109.658782,-7.397818],[109.658849,-7.397129],[109.658962,-7.395371],[109.658892,-7.395017],[109.658875,-7.394746],[109.658859,-7.394363],[109.658878,-7.39415],[109.658894,-7.393823],[109.658901,-7.393655],[109.658908,-7.393497],[109.658961,-7.393102],[109.659052,-7.391574],[109.659066,-7.390631],[109.659126,-7.390312],[109.659182,-7.390065],[109.659256,-7.389692],[109.65939,-7.389136],[109.659474,-7.388836],[109.659546,-7.388596],[109.65971,-7.38808],[109.659977,-7.387757],[109.660684,-7.387078],[109.661174,-7.386641],[109.661462,-7.386484],[109.662059,-7.385817],[109.662162,-7.38556],[109.662667,-7.385246],[109.663245,-7.384871],[109.663533,-7.384761],[109.663714,-7.384705],[109.663858,-7.384702],[109.66404,-7.384718],[109.664197,-7.384737],[109.664346,-7.384761],[109.664576,-7.384794],[109.664732,-7.384815],[109.664894,-7.384826],[109.665101,-7.384832],[109.665239,-7.38481],[109.665409,-7.384727],[109.665562,-7.384589],[109.665702,-7.38437],[109.665712,-7.384237]]}},{"type":"Feature","properties":{"id":598,"nomor_ruas":"II.22","nama_ruas":"BANTAR-KERTAYASA","titik_awal":"Jalan Nasional","titik_akhir":"II.11","panjang_km":0.982,"lebar_m":4},"geometry":{"type":"LineString","coordinates":[[109.498397,-7.451862],[109.498382,-7.452097],[109.498365,-7.452343],[109.498329,-7.452877],[109.498365,-7.453064],[109.49825,-7.45426],[109.498099,-7.455107],[109.497849,-7.456527],[109.497698,-7.457678],[109.49769,-7.457854],[109.497649,-7.458276],[109.497601,-7.458721],[109.497479,-7.4597],[109.497398,-7.460394],[109.497366,-7.460621]]}},{"type":"Feature","properties":{"id":599,"nomor_ruas":"II.12","nama_ruas":"MANDIRAJA-BANJENGAN","titik_awal":"JL NAS.","titik_akhir":"II.11","panjang_km":0.677,"lebar_m":3.5},"geometry":{"type":"LineString","coordinates":[[109.521507,-7.45285],[109.521491,-7.453082],[109.521494,-7.453517],[109.521321,-7.453765],[109.520895,-7.453744],[109.520732,-7.453794],[109.520618,-7.453922],[109.520445,-7.454923],[109.520206,-7.456448],[109.519944,-7.457859],[109.519925,-7.458217]]}},{"type":"Feature","properties":{"id":600,"nomor_ruas":"II.18","nama_ruas":"KERTAYASA-SIMBANG","titik_awal":"II.11","titik_akhir":"II.20","panjang_km":1.462,"lebar_m":3},"geometry":{"type":"LineString","coordinates":[[109.496582,-7.460541],[109.496488,-7.461347],[109.496407,-7.46216],[109.496409,-7.463056],[109.496391,-7.463285],[109.496324,-7.463805],[109.496279,-7.4642],[109.49623,-7.464612],[109.496176,-7.465233],[109.49598,-7.466276],[109.494728,-7.466444],[109.493371,-7.466626],[109.492253,-7.46678],[109.491284,-7.466919],[109.490397,-7.467046],[109.489238,-7.467204],[109.488612,-7.467271]]}},{"type":"Feature","properties":{"id":601,"nomor_ruas":"II.20","nama_ruas":"CANDIWULAN-SIMBANG","titik_awal":"II.11","titik_akhir":"II.19/II.17","panjang_km":1.118,"lebar_m":3},"geometry":{"type":"LineString","coordinates":[[109.488086,-7.461499],[109.48821,-7.462099],[109.488344,-7.462729],[109.488412,-7.463047],[109.488475,-7.463389],[109.48853,-7.463996],[109.488526,-7.464331],[109.488506,-7.464587],[109.488477,-7.464983],[109.488481,-7.465345],[109.488503,-7.465661],[109.488511,-7.466039],[109.488523,-7.466278],[109.488532,-7.466462],[109.488685,-7.467313],[109.487919,-7.467436],[109.487939,-7.467562],[109.488012,-7.46796],[109.488168,-7.46869],[109.488237,-7.46899],[109.488337,-7.46935],[109.488495,-7.469991],[109.488658,-7.470765]]}},{"type":"Feature","properties":{"id":602,"nomor_ruas":"II.21","nama_ruas":"PANGGISARI-CANDIWULAN","titik_awal":"Jalan Nasional","titik_akhir":"II.11","panjang_km":1.889,"lebar_m":3},"geometry":{"type":"LineString","coordinates":[[109.487447,-7.450655],[109.487418,-7.450895],[109.487254,-7.451088],[109.487099,-7.451046],[109.486881,-7.450895],[109.486748,-7.450794],[109.486581,-7.450757],[109.486365,-7.450767],[109.485746,-7.450878],[109.485504,-7.451016],[109.485327,-7.451061],[109.485197,-7.450995],[109.484968,-7.450872],[109.484779,-7.450797],[109.484622,-7.45084],[109.4844,-7.450971],[109.484282,-7.450889],[109.484058,-7.45071],[109.48349,-7.450693],[109.483464,-7.450888],[109.483411,-7.451346],[109.483365,-7.451737],[109.483278,-7.452108],[109.483171,-7.452209],[109.482977,-7.452392],[109.482631,-7.452736],[109.482258,-7.453082],[109.481877,-7.453439],[109.481463,-7.453823],[109.481115,-7.454139],[109.480822,-7.454408],[109.480498,-7.454713],[109.480113,-7.455079],[109.479883,-7.455292],[109.479364,-7.455786],[109.479007,-7.456117],[109.478819,-7.456296],[109.478706,-7.456391],[109.478579,-7.456459],[109.478186,-7.456683],[109.477691,-7.456956],[109.477433,-7.457084],[109.477236,-7.457118],[109.476952,-7.457157],[109.476505,-7.457222],[109.476157,-7.457235],[109.476167,-7.457386],[109.476205,-7.458199],[109.476248,-7.45927]]}},{"type":"Feature","properties":{"id":603,"nomor_ruas":"VI.14","nama_ruas":"JL KAPTEN P. TENDEAN","titik_awal":"VI.2//VI.12","titik_akhir":"VI.15","panjang_km":0.118,"lebar_m":7},"geometry":{"type":"LineString","coordinates":[[109.694411,-7.397058],[109.694441,-7.398122]]}},{"type":"Feature","properties":{"id":604,"nomor_ruas":"II.34","nama_ruas":"GUMELEM KULON-DERIK","titik_awal":"II.33","titik_akhir":"II.35","panjang_km":2.534,"lebar_m":3},"geometry":{"type":"LineString","coordinates":[[109.409336,-7.500062],[109.410081,-7.49994],[109.411178,-7.499759],[109.411303,-7.499738],[109.412111,-7.499606],[109.4129,-7.499487],[109.413703,-7.499363],[109.413792,-7.499351],[109.413947,-7.499331],[109.41424,-7.499292],[109.414309,-7.499282],[109.414618,-7.499239],[109.415267,-7.499161],[109.415477,-7.499134],[109.41576,-7.499102],[109.41672,-7.498992],[109.416984,-7.498957],[109.417304,-7.498923],[109.417888,-7.498859],[109.418027,-7.498841],[109.418491,-7.498779],[109.418848,-7.498729],[109.418951,-7.498698],[109.419002,-7.49868],[109.419204,-7.498605],[109.419725,-7.498413],[109.420052,-7.498285],[109.420174,-7.498236],[109.420472,-7.498118],[109.420575,-7.498085],[109.420783,-7.498026],[109.42087,-7.498003],[109.421357,-7.497875],[109.421902,-7.497721],[109.422154,-7.497649],[109.422702,-7.497498],[109.423042,-7.497404],[109.423397,-7.4973],[109.42354,-7.49726],[109.424128,-7.497095],[109.424248,-7.497063],[109.425051,-7.496852],[109.425461,-7.496737],[109.426292,-7.4965],[109.426504,-7.496441],[109.427017,-7.496296],[109.427183,-7.496248],[109.427769,-7.49609],[109.427926,-7.496065],[109.42805,-7.496054],[109.428104,-7.496052],[109.428643,-7.496034],[109.428845,-7.496029],[109.429114,-7.496016],[109.429269,-7.495994],[109.429421,-7.495967],[109.429639,-7.495929],[109.430453,-7.495786],[109.430576,-7.495768],[109.430806,-7.495741],[109.43086,-7.495738],[109.431365,-7.495721],[109.431418,-7.49572],[109.431616,-7.495723],[109.431801,-7.495725]]}},{"type":"Feature","properties":{"id":605,"nomor_ruas":"II.35","nama_ruas":"KARANGJATI-GLEMPANG","titik_awal":"JL NAS. KM 16 HM 6-5 BMS","titik_akhir":"JL.Provinsi Gandulekor-Gombong","panjang_km":7.902,"lebar_m":4},"geometry":{"type":"LineString","coordinates":[[109.483352,-7.494395],[109.483198,-7.494518],[109.48256,-7.494645],[109.482383,-7.494654],[109.482077,-7.494457],[109.481617,-7.494331],[109.481382,-7.494139],[109.48096,-7.494147],[109.480544,-7.494098],[109.479925,-7.494029],[109.479475,-7.493998],[109.479293,-7.493758],[109.47927,-7.493591],[109.479189,-7.493351],[109.478922,-7.493092],[109.478707,-7.492838],[109.478175,-7.492625],[109.477658,-7.492478],[109.477462,-7.492422],[109.477078,-7.492392],[109.476776,-7.492434],[109.476488,-7.492533],[109.475005,-7.492978],[109.474352,-7.493153],[109.473388,-7.493355],[109.472203,-7.493418],[109.471192,-7.493482],[109.47005,-7.493516],[109.469038,-7.49356],[109.467931,-7.493599],[109.466747,-7.493576],[109.466363,-7.493618],[109.466027,-7.493598],[109.464373,-7.493664],[109.464175,-7.493722],[109.463811,-7.493703],[109.463188,-7.493748],[109.462133,-7.493783],[109.461543,-7.493896],[109.461278,-7.493873],[109.460546,-7.493811],[109.459793,-7.493765],[109.459156,-7.493686],[109.458519,-7.493574],[109.457766,-7.493571],[109.456692,-7.493477],[109.455916,-7.493402],[109.455542,-7.493367],[109.455135,-7.493337],[109.454799,-7.493374],[109.454123,-7.493348],[109.453971,-7.493361],[109.453418,-7.49337],[109.452541,-7.493438],[109.451663,-7.493569],[109.451188,-7.493611],[109.450737,-7.493652],[109.449941,-7.49374],[109.449788,-7.493737],[109.449243,-7.493783],[109.449067,-7.493802],[109.448995,-7.493812],[109.448282,-7.493912],[109.448121,-7.49393],[109.448067,-7.493933],[109.447688,-7.493952],[109.447584,-7.493945],[109.447068,-7.493895],[109.446494,-7.493839],[109.446337,-7.493844],[109.446212,-7.493844],[109.445653,-7.49383],[109.444736,-7.493803],[109.444592,-7.493793],[109.444159,-7.493758],[109.444088,-7.493755],[109.443945,-7.493752],[109.443465,-7.493742],[109.443093,-7.493738],[109.442967,-7.493781],[109.44291,-7.493822],[109.442755,-7.49394],[109.442489,-7.494145],[109.442418,-7.494223],[109.44237,-7.494474],[109.442114,-7.494692],[109.441923,-7.49477],[109.441805,-7.494792],[109.441594,-7.494821],[109.441017,-7.494906],[109.440263,-7.495024],[109.440147,-7.495045],[109.439731,-7.495126],[109.439346,-7.495201],[109.439245,-7.495231],[109.439061,-7.49529],[109.43879,-7.495372],[109.438555,-7.495438],[109.43776,-7.495652],[109.437657,-7.495677],[109.437435,-7.495729],[109.437331,-7.495755],[109.436883,-7.495864],[109.436775,-7.495868],[109.436487,-7.495864],[109.436037,-7.495858],[109.435914,-7.495847],[109.435209,-7.495783],[109.435066,-7.495769],[109.434333,-7.495695],[109.434263,-7.495691],[109.434053,-7.495684],[109.433848,-7.495684],[109.433795,-7.495685],[109.433455,-7.495696],[109.433079,-7.49571],[109.432584,-7.495727],[109.432067,-7.495736],[109.431809,-7.495729],[109.431801,-7.495725],[109.431616,-7.495721],[109.431541,-7.495239],[109.431288,-7.493608],[109.430763,-7.490286],[109.430632,-7.489414],[109.42949,-7.489522],[109.429377,-7.489214],[109.429301,-7.488906],[109.429228,-7.488535],[109.429178,-7.488282],[109.429152,-7.48811],[109.429129,-7.487956],[109.429071,-7.487341],[109.429007,-7.486699],[109.428966,-7.486274],[109.428913,-7.485532],[109.428877,-7.485034],[109.428871,-7.48489],[109.428786,-7.484764],[109.428322,-7.484777],[109.427815,-7.484793],[109.427074,-7.484815],[109.42666,-7.484803],[109.426074,-7.48483],[109.425643,-7.484821],[109.425254,-7.483998],[109.425011,-7.483534],[109.424572,-7.482545]]}},{"type":"Feature","properties":{"id":606,"nomor_ruas":"II.25","nama_ruas":"KLAMPOK-PURWAREJA","titik_awal":"Jalan Nasional","titik_akhir":"Jalan Nasional","panjang_km":1.999,"lebar_m":3.2},"geometry":{"type":"LineString","coordinates":[[109.439588,-7.460219],[109.439782,-7.460781],[109.440715,-7.463153],[109.441206,-7.464424],[109.441499,-7.465183],[109.441698,-7.465951],[109.440867,-7.466068],[109.440185,-7.466165],[109.438799,-7.466385],[109.437539,-7.466581],[109.436411,-7.46675],[109.43511,-7.466931],[109.433905,-7.4671],[109.432712,-7.467215],[109.431131,-7.467369],[109.430649,-7.467411],[109.430228,-7.467448],[109.429835,-7.46749]]}},{"type":"Feature","properties":{"id":607,"nomor_ruas":"II.26","nama_ruas":"KLAMPOK-BTS KAB.PURBALINGGA","titik_awal":"Jalan Nasional","titik_akhir":"SUNGAI SERAYU","panjang_km":1.059,"lebar_m":5},"geometry":{"type":"LineString","coordinates":[[109.429266,-7.472582],[109.428965,-7.472537],[109.42731,-7.472574],[109.426016,-7.47267],[109.424498,-7.472736],[109.423196,-7.472767],[109.422117,-7.472842],[109.419675,-7.473003]]}},{"type":"Feature","properties":{"id":608,"nomor_ruas":"II.29","nama_ruas":"PEKIRINGAN-PWJ KLAMPOK","titik_awal":"Jalan Prov.","titik_akhir":"II.26","panjang_km":2.182,"lebar_m":3},"geometry":{"type":"LineString","coordinates":[[109.433618,-7.460426],[109.433172,-7.460507],[109.432294,-7.46059],[109.431391,-7.460619],[109.430597,-7.460602],[109.429737,-7.460595],[109.428796,-7.460556],[109.427767,-7.460542],[109.427436,-7.460544],[109.426782,-7.460524],[109.426052,-7.460525],[109.426086,-7.461189],[109.426125,-7.462287],[109.426144,-7.463013],[109.426202,-7.4636],[109.42627,-7.464629],[109.426444,-7.466358],[109.426566,-7.467453],[109.426715,-7.469326],[109.426823,-7.470833],[109.426893,-7.471569],[109.426968,-7.472599]]}},{"type":"Feature","properties":{"id":609,"nomor_ruas":"II.33","nama_ruas":"SUSUKAN-BTS KEBUMEN","titik_awal":"Jalan Nasional KM 13 HM 8 BMS","titik_akhir":"Batas Kab.Kebumen-Kab Banyumas","panjang_km":7.365,"lebar_m":4},"geometry":{"type":"LineString","coordinates":[[109.410366,-7.489801],[109.410326,-7.490029],[109.410239,-7.490273],[109.41007,-7.490745],[109.410002,-7.490998],[109.409838,-7.491603],[109.409721,-7.491882],[109.409577,-7.492286],[109.40951,-7.49247],[109.409251,-7.493171],[109.408984,-7.493901],[109.408942,-7.49404],[109.408843,-7.494424],[109.408774,-7.494686],[109.408749,-7.494827],[109.408757,-7.494969],[109.408778,-7.495182],[109.408814,-7.495572],[109.408835,-7.495785],[109.408916,-7.49651],[109.408933,-7.496653],[109.409009,-7.49727],[109.409125,-7.498218],[109.409226,-7.499014],[109.409252,-7.499226],[109.409336,-7.500062],[109.409405,-7.500757],[109.409417,-7.500951],[109.409456,-7.501637],[109.409473,-7.501817],[109.409496,-7.502094],[109.409416,-7.50221],[109.40929,-7.502345],[109.409257,-7.502482],[109.409221,-7.502694],[109.409192,-7.502859],[109.409166,-7.503012],[109.409164,-7.503154],[109.409184,-7.503455],[109.409205,-7.503792],[109.409216,-7.504014],[109.409229,-7.504153],[109.409263,-7.504436],[109.409305,-7.504771],[109.409347,-7.504907],[109.409445,-7.505175],[109.409581,-7.505544],[109.409655,-7.505659],[109.40975,-7.50578],[109.409842,-7.505914],[109.410042,-7.506215],[109.410117,-7.506337],[109.410317,-7.506676],[109.410479,-7.506953],[109.410511,-7.507087],[109.410517,-7.507228],[109.410523,-7.50742],[109.41039,-7.507459],[109.410198,-7.507409],[109.40999,-7.507356],[109.409852,-7.507321],[109.409683,-7.507302],[109.40956,-7.507369],[109.409439,-7.507448],[109.409212,-7.507594],[109.408959,-7.507763],[109.408882,-7.50788],[109.40876,-7.508122],[109.408694,-7.508251],[109.40862,-7.508395],[109.40856,-7.508525],[109.408527,-7.508663],[109.408475,-7.508926],[109.408389,-7.509381],[109.408386,-7.509525],[109.408391,-7.509832],[109.408387,-7.509993],[109.408373,-7.510188],[109.408347,-7.510323],[109.408312,-7.51046],[109.408224,-7.510787],[109.408204,-7.510925],[109.408209,-7.511076],[109.408276,-7.511198],[109.408396,-7.511376],[109.408614,-7.511702],[109.408709,-7.511831],[109.409161,-7.512427],[109.409234,-7.512546],[109.409353,-7.512773],[109.409307,-7.512901],[109.409232,-7.513015],[109.409202,-7.51315],[109.409166,-7.513502],[109.40915,-7.513644],[109.409169,-7.513787],[109.409287,-7.513877],[109.40942,-7.513934],[109.409559,-7.514009],[109.409638,-7.51412],[109.409717,-7.514256],[109.40977,-7.514384],[109.409798,-7.514521],[109.409862,-7.514829],[109.409968,-7.514935],[109.410103,-7.515023],[109.410268,-7.515131],[109.410402,-7.515219],[109.410524,-7.515291],[109.410661,-7.515331],[109.410853,-7.515375],[109.411306,-7.515482],[109.411458,-7.515532],[109.411694,-7.515615],[109.411821,-7.515674],[109.41202,-7.515778],[109.412164,-7.515843],[109.412411,-7.51594],[109.412608,-7.516019],[109.412753,-7.516039],[109.412877,-7.515976],[109.413023,-7.515902],[109.413159,-7.515883],[109.413257,-7.515979],[109.413376,-7.516112],[109.413491,-7.516218],[109.413625,-7.516252],[109.413836,-7.516283],[109.414223,-7.516341],[109.414418,-7.516369],[109.414667,-7.516403],[109.414917,-7.516436],[109.415074,-7.516466],[109.4152,-7.516534],[109.41542,-7.516671],[109.41563,-7.516802],[109.415775,-7.516872],[109.41591,-7.516919],[109.416064,-7.51696],[109.416206,-7.516948],[109.416419,-7.516912],[109.416542,-7.516846],[109.416666,-7.516756],[109.416804,-7.51679],[109.41693,-7.516852],[109.417072,-7.516905],[109.417205,-7.516873],[109.417372,-7.516813],[109.417605,-7.516728],[109.417752,-7.516672],[109.4179,-7.516628],[109.418042,-7.516634],[109.418237,-7.516652],[109.418451,-7.516669],[109.418591,-7.516689],[109.418723,-7.51674],[109.418844,-7.516815],[109.41911,-7.516992],[109.419243,-7.517081],[109.419396,-7.517156],[109.419535,-7.51714],[109.419694,-7.517109],[109.419905,-7.517069],[109.420047,-7.517042],[109.420221,-7.517027],[109.420351,-7.517077],[109.420481,-7.517135],[109.420676,-7.517221],[109.420807,-7.517278],[109.420942,-7.517353],[109.421009,-7.517473],[109.421085,-7.517654],[109.421224,-7.517981],[109.421288,-7.518106],[109.421359,-7.518235],[109.421381,-7.518373],[109.421439,-7.51875],[109.421541,-7.518843],[109.421746,-7.51899],[109.421863,-7.519075],[109.422052,-7.519213],[109.422181,-7.519285],[109.42232,-7.51931],[109.422531,-7.519339],[109.422883,-7.519388],[109.423023,-7.519413],[109.423373,-7.519482],[109.423652,-7.519537],[109.423783,-7.519584],[109.423893,-7.519671],[109.424077,-7.519835],[109.424158,-7.51996],[109.42425,-7.520106],[109.42436,-7.520194],[109.424541,-7.520309],[109.424753,-7.520444],[109.424917,-7.520543],[109.425053,-7.520628],[109.425204,-7.520722],[109.425258,-7.520858],[109.42521,-7.520987],[109.425179,-7.521128],[109.42514,-7.52134],[109.425102,-7.521535],[109.425087,-7.521673],[109.425169,-7.521797],[109.425375,-7.522015],[109.425456,-7.522128],[109.425585,-7.522332],[109.425737,-7.52257],[109.425816,-7.522687],[109.425917,-7.522785],[109.426064,-7.522911],[109.426178,-7.523025],[109.426372,-7.523238],[109.42653,-7.52341],[109.426607,-7.523524],[109.42662,-7.523663],[109.426626,-7.523877],[109.42664,-7.524285],[109.426658,-7.524445],[109.426703,-7.524728],[109.426752,-7.525028],[109.426813,-7.525154],[109.42692,-7.525246],[109.427051,-7.52534],[109.427167,-7.525423],[109.427297,-7.525517],[109.427411,-7.525604],[109.427523,-7.525706],[109.427652,-7.525763],[109.427854,-7.525839],[109.428072,-7.525922],[109.428209,-7.525962],[109.428351,-7.525971],[109.428549,-7.525974],[109.428722,-7.525995],[109.428822,-7.526088],[109.428833,-7.526226],[109.428832,-7.52644],[109.428833,-7.526902],[109.428832,-7.527166],[109.428818,-7.527304],[109.428766,-7.527431],[109.428665,-7.527632],[109.428569,-7.527732],[109.428354,-7.527916],[109.428216,-7.527918],[109.428095,-7.527855],[109.428005,-7.527961],[109.427893,-7.528146],[109.427779,-7.528329],[109.427716,-7.528451],[109.427755,-7.528593],[109.427857,-7.528801],[109.427933,-7.52896],[109.428007,-7.529119],[109.428066,-7.529281],[109.42817,-7.529642],[109.428193,-7.529796],[109.428165,-7.529944],[109.428113,-7.530174],[109.428049,-7.530469],[109.42801,-7.530625],[109.427939,-7.530852],[109.427804,-7.530874],[109.427438,-7.53079],[109.427301,-7.530774],[109.427168,-7.530821],[109.42702,-7.530891],[109.426797,-7.531002],[109.426769,-7.531136],[109.426788,-7.531296],[109.426814,-7.531527],[109.426832,-7.531704],[109.426863,-7.531859],[109.426935,-7.531979],[109.427074,-7.532185],[109.427104,-7.532322],[109.427042,-7.53245],[109.42695,-7.532581],[109.426847,-7.532701],[109.426721,-7.532847],[109.426592,-7.532918],[109.426437,-7.53296],[109.426377,-7.533082],[109.426319,-7.533234],[109.426246,-7.533417],[109.426161,-7.533541],[109.426103,-7.533668],[109.426017,-7.5339],[109.425941,-7.534099],[109.425905,-7.534233],[109.425931,-7.534368],[109.426001,-7.534605],[109.426058,-7.534752],[109.42613,-7.534912],[109.426192,-7.535076],[109.426258,-7.535279],[109.426287,-7.535416],[109.426343,-7.535779],[109.426347,-7.535922],[109.426311,-7.536087],[109.426212,-7.536183],[109.426106,-7.536276],[109.425981,-7.536368],[109.425848,-7.536413],[109.425692,-7.536457],[109.425542,-7.5365]]}},{"type":"Feature","properties":{"id":610,"nomor_ruas":"VI.37","nama_ruas":"JL FLAMBOYAN","titik_awal":"VI.38","titik_akhir":"VI.35","panjang_km":0.073,"lebar_m":3},"geometry":{"type":"LineString","coordinates":[[109.723994,-7.38945],[109.723452,-7.389072]]}},{"type":"Feature","properties":{"id":611,"nomor_ruas":"II.38","nama_ruas":"BRENGKOK-KEMARANGGON","titik_awal":"Jalan Nasional","titik_akhir":"II.36","panjang_km":2.387,"lebar_m":3},"geometry":{"type":"LineString","coordinates":[[109.375752,-7.501106],[109.375625,-7.500741],[109.375655,-7.500349],[109.375885,-7.499135],[109.376106,-7.497729],[109.376108,-7.497121],[109.376038,-7.496705],[109.376006,-7.496149],[109.376197,-7.495088],[109.376457,-7.493513],[109.376715,-7.492105],[109.376867,-7.491205],[109.376957,-7.490668],[109.377069,-7.489535],[109.377174,-7.488647],[109.377304,-7.487616],[109.377869,-7.487634],[109.378462,-7.487684],[109.379522,-7.487712],[109.381044,-7.487807],[109.382045,-7.487811],[109.382854,-7.487814],[109.383692,-7.487996],[109.384573,-7.488089],[109.385148,-7.488055]]}},{"type":"Feature","properties":{"id":612,"nomor_ruas":"VI.49","nama_ruas":"RSUD","titik_awal":null,"titik_akhir":null,"panjang_km":0.077,"lebar_m":10},"geometry":{"type":"LineString","coordinates":[[109.692825,-7.392615],[109.692787,-7.391923]]}},{"type":"Feature","properties":{"id":613,"nomor_ruas":"II.4","nama_ruas":"PURWONEGORO-KINCANG","titik_awal":"JL NAS KM 34 HM 8-9 BMS","titik_akhir":"III.17/III.17","panjang_km":1.971,"lebar_m":4},"geometry":{"type":"LineString","coordinates":[[109.561407,-7.434459],[109.561249,-7.433936],[109.561024,-7.433534],[109.560552,-7.432239],[109.560156,-7.43127],[109.560059,-7.431045],[109.559959,-7.430793],[109.559845,-7.430516],[109.559842,-7.430351],[109.559889,-7.430179],[109.559872,-7.430003],[109.559721,-7.429999],[109.559538,-7.429905],[109.558891,-7.429749],[109.558418,-7.429524],[109.55807,-7.429251],[109.557709,-7.428942],[109.557525,-7.428754],[109.55744,-7.428492],[109.55746,-7.428108],[109.557464,-7.427827],[109.557461,-7.427507],[109.55742,-7.426891],[109.557381,-7.426622],[109.557316,-7.426395],[109.557231,-7.426233],[109.557055,-7.42587],[109.556994,-7.425652],[109.556983,-7.425517],[109.557019,-7.425202],[109.556978,-7.424803],[109.556973,-7.424557],[109.55696,-7.424136],[109.556935,-7.423548],[109.556911,-7.422976],[109.55689,-7.422636],[109.556844,-7.421459],[109.556851,-7.420582],[109.556844,-7.420352],[109.556838,-7.420121],[109.556846,-7.419634],[109.55679,-7.419294],[109.556747,-7.41861]]}},{"type":"Feature","properties":{"id":614,"nomor_ruas":"II.41","nama_ruas":"SIRKANDI-SALAMERTA","titik_awal":"II.23","titik_akhir":"Jalan Desa Sirkandi","panjang_km":1.011,"lebar_m":3},"geometry":{"type":"LineString","coordinates":[[109.465228,-7.484688],[109.464175,-7.493722]]}},{"type":"Feature","properties":{"id":615,"nomor_ruas":"II.6","nama_ruas":"PUCUNGBEDUG- MERDEN","titik_awal":"II.7","titik_akhir":"II.2/II.3/II.5","panjang_km":7.134,"lebar_m":3},"geometry":{"type":"LineString","coordinates":[[109.596511,-7.456328],[109.596536,-7.456615],[109.596318,-7.457284],[109.596255,-7.457533],[109.596144,-7.457864],[109.596054,-7.458161],[109.595945,-7.458446],[109.595896,-7.458574],[109.595793,-7.458775],[109.595622,-7.459075],[109.595573,-7.459309],[109.595275,-7.459606],[109.595097,-7.459973],[109.595028,-7.460062],[109.594893,-7.460174],[109.594608,-7.460379],[109.594409,-7.460541],[109.594263,-7.460687],[109.594126,-7.460927],[109.594048,-7.461127],[109.593962,-7.461326],[109.593817,-7.461693],[109.593632,-7.46197],[109.592794,-7.46346],[109.592579,-7.463692],[109.592327,-7.464051],[109.592174,-7.464217],[109.592019,-7.464331],[109.591827,-7.464441],[109.591544,-7.464586],[109.590754,-7.464882],[109.590201,-7.465107],[109.58929,-7.465607],[109.589051,-7.465776],[109.588913,-7.46592],[109.588842,-7.466026],[109.588721,-7.466328],[109.58838,-7.466311],[109.58802,-7.466302],[109.587586,-7.466282],[109.587361,-7.466289],[109.587121,-7.466318],[109.586684,-7.466417],[109.586292,-7.46651],[109.586088,-7.466553],[109.585773,-7.466608],[109.585571,-7.466687],[109.585343,-7.466761],[109.585209,-7.466778],[109.585069,-7.466781],[109.584392,-7.466858],[109.584141,-7.466855],[109.583934,-7.466873],[109.583755,-7.466932],[109.58333,-7.467079],[109.582531,-7.46741],[109.581956,-7.467639],[109.581207,-7.467952],[109.580746,-7.468195],[109.580123,-7.468599],[109.579955,-7.468694],[109.57975,-7.468789],[109.579606,-7.468848],[109.57926,-7.468965],[109.578887,-7.469064],[109.578717,-7.469098],[109.578034,-7.46922],[109.577348,-7.469527],[109.577268,-7.469731],[109.577143,-7.46986],[109.576972,-7.469886],[109.57661,-7.470051],[109.575829,-7.470454],[109.575396,-7.470625],[109.575301,-7.470603],[109.574943,-7.470614],[109.574549,-7.47042],[109.574438,-7.470253],[109.574287,-7.469881],[109.574148,-7.46958],[109.574068,-7.469494],[109.573942,-7.469405],[109.573785,-7.469333],[109.573187,-7.469142],[109.572955,-7.469032],[109.572699,-7.468923],[109.572402,-7.468798],[109.572178,-7.468606],[109.572074,-7.468151],[109.57203,-7.468013],[109.571868,-7.467686],[109.571752,-7.467617],[109.571209,-7.467538],[109.570743,-7.467377],[109.569909,-7.467063],[109.569665,-7.467008],[109.569409,-7.467026],[109.569163,-7.467114],[109.568385,-7.467517],[109.567456,-7.46798],[109.567212,-7.468067],[109.56704,-7.468128],[109.566907,-7.468172],[109.566245,-7.468392],[109.565653,-7.468566],[109.565335,-7.468624],[109.565148,-7.468624],[109.564889,-7.46858],[109.564399,-7.468509],[109.564347,-7.468496],[109.563652,-7.468458],[109.56346,-7.46844],[109.563101,-7.468373],[109.562947,-7.46835],[109.562092,-7.468262],[109.561955,-7.468233],[109.561637,-7.468149],[109.56149,-7.468115],[109.56078,-7.468043],[109.559446,-7.467857],[109.559322,-7.467835],[109.558453,-7.46779],[109.557337,-7.467722],[109.556655,-7.467699],[109.555372,-7.467688],[109.554461,-7.467659],[109.55366,-7.467575],[109.552864,-7.467472],[109.552696,-7.467457],[109.551945,-7.46754],[109.551701,-7.467547],[109.551465,-7.467522],[109.551213,-7.467436],[109.550604,-7.467241],[109.549976,-7.467027],[109.549617,-7.466714],[109.549755,-7.466522],[109.549706,-7.466429],[109.549617,-7.466397],[109.549118,-7.466343],[109.548669,-7.466318],[109.548417,-7.466331],[109.548069,-7.466398],[109.547201,-7.466531],[109.546586,-7.4666],[109.545834,-7.466609],[109.545346,-7.466655],[109.544881,-7.466664],[109.544247,-7.466682],[109.544098,-7.46668],[109.543203,-7.466683],[109.542984,-7.466684],[109.542784,-7.466685],[109.541896,-7.466651],[109.541438,-7.466587],[109.541175,-7.466577]]}},{"type":"Feature","properties":{"id":616,"nomor_ruas":"II.7","nama_ruas":"GUMIWANG-WANADRI","titik_awal":"JL NAS. BNA-BMS","titik_akhir":"I.42","panjang_km":5.392,"lebar_m":3},"geometry":{"type":"LineString","coordinates":[[109.592672,-7.417521],[109.592858,-7.417799],[109.593247,-7.418556],[109.593633,-7.419153],[109.59387,-7.419471],[109.593954,-7.41958],[109.594182,-7.41991],[109.594226,-7.420141],[109.594213,-7.42024],[109.594067,-7.42069],[109.594089,-7.420881],[109.594191,-7.421],[109.594328,-7.420989],[109.594541,-7.421127],[109.594698,-7.421341],[109.59475,-7.421433],[109.594841,-7.421615],[109.594876,-7.42201],[109.595078,-7.422362],[109.595163,-7.422659],[109.595282,-7.422983],[109.596061,-7.424615],[109.596676,-7.425934],[109.596652,-7.426162],[109.596316,-7.427409],[109.595903,-7.429005],[109.595933,-7.429235],[109.596042,-7.429569],[109.596081,-7.429562],[109.596375,-7.429882],[109.596678,-7.430128],[109.597056,-7.430446],[109.597951,-7.431285],[109.597988,-7.431454],[109.597971,-7.431617],[109.597887,-7.432197],[109.598031,-7.43227],[109.598374,-7.432209],[109.598531,-7.432218],[109.598763,-7.432244],[109.599057,-7.43249],[109.599281,-7.432947],[109.599597,-7.433559],[109.599921,-7.434208],[109.600205,-7.43477],[109.600414,-7.435288],[109.600628,-7.435558],[109.600917,-7.435749],[109.60098,-7.435879],[109.601012,-7.436034],[109.600979,-7.436278],[109.601056,-7.436512],[109.601424,-7.436834],[109.601577,-7.437038],[109.60168,-7.437813],[109.601681,-7.438022],[109.601663,-7.438711],[109.60166,-7.438951],[109.601668,-7.439131],[109.601672,-7.439531],[109.601636,-7.439816],[109.601566,-7.440184],[109.601541,-7.440633],[109.601732,-7.442012],[109.601783,-7.442325],[109.601892,-7.443111],[109.601972,-7.443583],[109.602003,-7.443876],[109.601995,-7.44412],[109.601959,-7.444329],[109.601921,-7.444564],[109.601878,-7.445063],[109.601868,-7.445477],[109.601897,-7.44581],[109.601943,-7.446244],[109.601989,-7.44673],[109.602242,-7.447558],[109.602251,-7.447905],[109.602243,-7.448385],[109.602247,-7.448853],[109.602245,-7.449251],[109.602255,-7.44962],[109.602279,-7.449971],[109.60232,-7.450272],[109.602367,-7.450613],[109.602485,-7.451122],[109.60251,-7.451511],[109.602475,-7.451892],[109.602337,-7.452329],[109.602155,-7.452838],[109.602038,-7.453156],[109.601959,-7.453249],[109.601732,-7.453543],[109.601652,-7.453668],[109.601608,-7.453817],[109.601593,-7.45409],[109.60163,-7.454522],[109.601604,-7.454798],[109.601583,-7.455004],[109.601563,-7.45514],[109.601518,-7.455641],[109.601574,-7.456191],[109.601554,-7.456398],[109.601488,-7.45659],[109.6013,-7.456705],[109.601017,-7.456885],[109.600855,-7.45692],[109.600399,-7.456901],[109.600085,-7.456863],[109.599398,-7.456744],[109.598978,-7.456688],[109.598644,-7.456616],[109.597945,-7.456506],[109.597562,-7.456446],[109.597268,-7.45643],[109.59691,-7.456329],[109.596623,-7.456319],[109.596511,-7.456328]]}},{"type":"Feature","properties":{"id":617,"nomor_ruas":"II.8","nama_ruas":"MERDEN-KEDUNGPANE","titik_awal":"II.3","titik_akhir":"JL.PROV Gandulekor-Gombong","panjang_km":0.028,"lebar_m":4},"geometry":{"type":"LineString","coordinates":[[109.499803,-7.483513],[109.500013,-7.483659]]}},{"type":"Feature","properties":{"id":618,"nomor_ruas":"II.9","nama_ruas":"SOMAWANGI-KALITENGAH","titik_awal":"II.8","titik_akhir":"II.3","panjang_km":5.789,"lebar_m":3},"geometry":{"type":"LineString","coordinates":[[109.522989,-7.476026],[109.523179,-7.476188],[109.52325,-7.476483],[109.523472,-7.476749],[109.52367,-7.476843],[109.523813,-7.47689],[109.524061,-7.476952],[109.524277,-7.477003],[109.524446,-7.477075],[109.524549,-7.47728],[109.524668,-7.477399],[109.524937,-7.4775],[109.525113,-7.477589],[109.525375,-7.477721],[109.525736,-7.477194],[109.525974,-7.476962],[109.526244,-7.47687],[109.526428,-7.476881],[109.526737,-7.476972],[109.526955,-7.477094],[109.527034,-7.47721],[109.527023,-7.4774],[109.526982,-7.477708],[109.52677,-7.478809],[109.526845,-7.478921],[109.527053,-7.478979],[109.527197,-7.478972],[109.527427,-7.479073],[109.527609,-7.479426],[109.527738,-7.479642],[109.527885,-7.479818],[109.528143,-7.479962],[109.528412,-7.480214],[109.528264,-7.480483],[109.528098,-7.480719],[109.527863,-7.480966],[109.527794,-7.481167],[109.527786,-7.481393],[109.527891,-7.48223],[109.527982,-7.48293],[109.528204,-7.483239],[109.528322,-7.48348],[109.52824,-7.484305],[109.528179,-7.484477],[109.527777,-7.485204],[109.527578,-7.485573],[109.52758,-7.486079],[109.527661,-7.486629],[109.527689,-7.486808],[109.527584,-7.487063],[109.527583,-7.487232],[109.527525,-7.487361],[109.527276,-7.487571],[109.526967,-7.487588],[109.526715,-7.487774],[109.526492,-7.487766],[109.526402,-7.48782],[109.526195,-7.488268],[109.526108,-7.488486],[109.525905,-7.488888],[109.525854,-7.489279],[109.526221,-7.489678],[109.526561,-7.48999],[109.526794,-7.490179],[109.527015,-7.490485],[109.527152,-7.490799],[109.52709,-7.491221],[109.527074,-7.49152],[109.527007,-7.491819],[109.527078,-7.492035],[109.527186,-7.492203],[109.527317,-7.492323],[109.5274,-7.492515],[109.527376,-7.49273],[109.527195,-7.492849],[109.527075,-7.492932],[109.527003,-7.493135],[109.527038,-7.493291],[109.527158,-7.493411],[109.527349,-7.493519],[109.527396,-7.493675],[109.527361,-7.493979],[109.52762,-7.494073],[109.528137,-7.494175],[109.528619,-7.494163],[109.528985,-7.494257],[109.529186,-7.494394],[109.529473,-7.494768],[109.529565,-7.495242],[109.529635,-7.495831],[109.529742,-7.496133],[109.529848,-7.496456],[109.529898,-7.496765],[109.529811,-7.497002],[109.529616,-7.497166],[109.529551,-7.497324],[109.529506,-7.497697],[109.52957,-7.497984],[109.529793,-7.497935],[109.530045,-7.497885],[109.530282,-7.497922],[109.530835,-7.498161],[109.531029,-7.498319],[109.531403,-7.498364],[109.531784,-7.498293],[109.532057,-7.498466],[109.532258,-7.49856],[109.532488,-7.498547],[109.532733,-7.498339],[109.532978,-7.498268],[109.533251,-7.498391],[109.533423,-7.498428],[109.533632,-7.498271],[109.533871,-7.49802],[109.534036,-7.498021],[109.534281,-7.498029],[109.534296,-7.497756],[109.534347,-7.497433],[109.53442,-7.497276],[109.534687,-7.496989],[109.534853,-7.49671],[109.534997,-7.49661],[109.535235,-7.496453],[109.535963,-7.495967],[109.536114,-7.495932],[109.536423,-7.495969],[109.536934,-7.495992],[109.537632,-7.496069],[109.538133,-7.496154],[109.538567,-7.496245],[109.538837,-7.496418],[109.539418,-7.496646],[109.539655,-7.496726],[109.539792,-7.496754],[109.54014,-7.496779],[109.540338,-7.496875],[109.540535,-7.496952],[109.540668,-7.497099],[109.540896,-7.497241],[109.541015,-7.497466],[109.541197,-7.49749],[109.541399,-7.497348],[109.54161,-7.49736],[109.541842,-7.497497],[109.542026,-7.497484],[109.542211,-7.497508],[109.542393,-7.49759],[109.54264,-7.497557],[109.542889,-7.497613],[109.543083,-7.49765],[109.543316,-7.497641],[109.543637,-7.497475],[109.544057,-7.497404],[109.544417,-7.497346],[109.54457,-7.497521],[109.544747,-7.497512],[109.544913,-7.497547],[109.544926,-7.497741],[109.54503,-7.497914],[109.545145,-7.498065],[109.545313,-7.498148],[109.545557,-7.498328],[109.545568,-7.498436],[109.54548,-7.49869],[109.545534,-7.498888],[109.545667,-7.498971],[109.545922,-7.499072],[109.546101,-7.499198],[109.546251,-7.499073],[109.546127,-7.499521],[109.545949,-7.500037]]}},{"type":"Feature","properties":{"id":619,"nomor_ruas":"III.1","nama_ruas":"GRIPIT-KALIBENING","titik_awal":"JL Provinsi KM 9 HM 9 BNA","titik_akhir":"Jalan Provinsi Kalibening-Pekalongan","panjang_km":23.556,"lebar_m":4.5},"geometry":{"type":"LineString","coordinates":[[109.693077,-7.342329],[109.692981,-7.342402],[109.692757,-7.342359],[109.692535,-7.342341],[109.692291,-7.342415],[109.692196,-7.342448],[109.691979,-7.34248],[109.691674,-7.342552],[109.691485,-7.342475],[109.690868,-7.342106],[109.690729,-7.342137],[109.690353,-7.342523],[109.690315,-7.342895],[109.690244,-7.343161],[109.690296,-7.343423],[109.690324,-7.343641],[109.690342,-7.343963],[109.690368,-7.34423],[109.690444,-7.344637],[109.690472,-7.344698],[109.690659,-7.344984],[109.690371,-7.345286],[109.690216,-7.345572],[109.690173,-7.345814],[109.690184,-7.345998],[109.690162,-7.34632],[109.689992,-7.347134],[109.689957,-7.347369],[109.689965,-7.34753],[109.690044,-7.347744],[109.690123,-7.347875],[109.690118,-7.348046],[109.690017,-7.348203],[109.689852,-7.348474],[109.689642,-7.34859],[109.689462,-7.348509],[109.689353,-7.348415],[109.6891,-7.348307],[109.688838,-7.34832],[109.688669,-7.348407],[109.688561,-7.3485],[109.688459,-7.348596],[109.68833,-7.348688],[109.688146,-7.348738],[109.687855,-7.348772],[109.687688,-7.348816],[109.687594,-7.348929],[109.68752,-7.349166],[109.687562,-7.349364],[109.68772,-7.349459],[109.687886,-7.349449],[109.688003,-7.349537],[109.687995,-7.349725],[109.687912,-7.349927],[109.687836,-7.350119],[109.687803,-7.35025],[109.687783,-7.350533],[109.687845,-7.350685],[109.687965,-7.350889],[109.688083,-7.351005],[109.688203,-7.351072],[109.688342,-7.351108],[109.688513,-7.351121],[109.688688,-7.351113],[109.688987,-7.351099],[109.689158,-7.351123],[109.689299,-7.351181],[109.689509,-7.351286],[109.689682,-7.351398],[109.689935,-7.351483],[109.690103,-7.351473],[109.690222,-7.351558],[109.690394,-7.351763],[109.690516,-7.352012],[109.690543,-7.352259],[109.690423,-7.352371],[109.690589,-7.352458],[109.690916,-7.35261],[109.690983,-7.352735],[109.690918,-7.352898],[109.690741,-7.353039],[109.690526,-7.353219],[109.690512,-7.3534],[109.690549,-7.353581],[109.690629,-7.353896],[109.690699,-7.354164],[109.690716,-7.354342],[109.69064,-7.354485],[109.690536,-7.354573],[109.690366,-7.354693],[109.690201,-7.354802],[109.69002,-7.354906],[109.689895,-7.355054],[109.689975,-7.355172],[109.690086,-7.355255],[109.689808,-7.355588],[109.689674,-7.355648],[109.689567,-7.355664],[109.689328,-7.355611],[109.688998,-7.355567],[109.688413,-7.35538],[109.68823,-7.355384],[109.687971,-7.355489],[109.687782,-7.355481],[109.687413,-7.355318],[109.687082,-7.355245],[109.686809,-7.355124],[109.68607,-7.354791],[109.685919,-7.354791],[109.685841,-7.354826],[109.685365,-7.355074],[109.685048,-7.355225],[109.684776,-7.355247],[109.684543,-7.355273],[109.684258,-7.355303],[109.683735,-7.355334],[109.683569,-7.355327],[109.683394,-7.355288],[109.683101,-7.355157],[109.682635,-7.354899],[109.682456,-7.354888],[109.682297,-7.354972],[109.682095,-7.355017],[109.681917,-7.355013],[109.681791,-7.35495],[109.68162,-7.354858],[109.681465,-7.354925],[109.681311,-7.354978],[109.6811,-7.354995],[109.680982,-7.355095],[109.681014,-7.355281],[109.680835,-7.35556],[109.680754,-7.355632],[109.680383,-7.355778],[109.680262,-7.35591],[109.680128,-7.356029],[109.679987,-7.356131],[109.679818,-7.356129],[109.679692,-7.356059],[109.6795,-7.356009],[109.679366,-7.356099],[109.679229,-7.356247],[109.679108,-7.356424],[109.678979,-7.3565],[109.678861,-7.356513],[109.678669,-7.356504],[109.678578,-7.356484],[109.678322,-7.356414],[109.678477,-7.356024],[109.678488,-7.355813],[109.678426,-7.355625],[109.678293,-7.355248],[109.678215,-7.355084],[109.678044,-7.355022],[109.678027,-7.354885],[109.677576,-7.354598],[109.677487,-7.354578],[109.677264,-7.35455],[109.677145,-7.354578],[109.676923,-7.354645],[109.676813,-7.354665],[109.676514,-7.354555],[109.67628,-7.354409],[109.676157,-7.354287],[109.675937,-7.354062],[109.675816,-7.353906],[109.675817,-7.353522],[109.675697,-7.353269],[109.675571,-7.353255],[109.675368,-7.353312],[109.675091,-7.3533],[109.675048,-7.353091],[109.67499,-7.352845],[109.674953,-7.352708],[109.674898,-7.352572],[109.674823,-7.352425],[109.674759,-7.352259],[109.674703,-7.3521],[109.674654,-7.351903],[109.674556,-7.351504],[109.674521,-7.351318],[109.674502,-7.351083],[109.674511,-7.350894],[109.674576,-7.35077],[109.67466,-7.350585],[109.674706,-7.350447],[109.674688,-7.350289],[109.674587,-7.350058],[109.674554,-7.349926],[109.67453,-7.34974],[109.674517,-7.349548],[109.674524,-7.349348],[109.674542,-7.349204],[109.674585,-7.349047],[109.674721,-7.348721],[109.674835,-7.348489],[109.674983,-7.348342],[109.675106,-7.3482],[109.675158,-7.34805],[109.675199,-7.347804],[109.675273,-7.347662],[109.675328,-7.347488],[109.675414,-7.347345],[109.675663,-7.347114],[109.675852,-7.346947],[109.675984,-7.346743],[109.676109,-7.34659],[109.676258,-7.34647],[109.676545,-7.346322],[109.676726,-7.346193],[109.676923,-7.346048],[109.677012,-7.345935],[109.677063,-7.345809],[109.677047,-7.345668],[109.676968,-7.345435],[109.676833,-7.345348],[109.676732,-7.345255],[109.676689,-7.345119],[109.676698,-7.344935],[109.676792,-7.344571],[109.676846,-7.344257],[109.676917,-7.344045],[109.676976,-7.343916],[109.677098,-7.343823],[109.677392,-7.343628],[109.677497,-7.343521],[109.677617,-7.343367],[109.677739,-7.343189],[109.677838,-7.342933],[109.677833,-7.34279],[109.677887,-7.342615],[109.677981,-7.342493],[109.678129,-7.342359],[109.678269,-7.342173],[109.678336,-7.342039],[109.678351,-7.341824],[109.678316,-7.341603],[109.678297,-7.34146],[109.678291,-7.341318],[109.678354,-7.340971],[109.678378,-7.340664],[109.678448,-7.340434],[109.678524,-7.340178],[109.678623,-7.340034],[109.678828,-7.339905],[109.678913,-7.339777],[109.678942,-7.33959],[109.679013,-7.339464],[109.679205,-7.33931],[109.679366,-7.339258],[109.679498,-7.339199],[109.679622,-7.339055],[109.679682,-7.338881],[109.679705,-7.338738],[109.679759,-7.338531],[109.679807,-7.338399],[109.679799,-7.338205],[109.679798,-7.337891],[109.679762,-7.337625],[109.679748,-7.337435],[109.679708,-7.337287],[109.679685,-7.33713],[109.679664,-7.336985],[109.679596,-7.336822],[109.679563,-7.336455],[109.679585,-7.336356],[109.679607,-7.336186],[109.67968,-7.336021],[109.679781,-7.335821],[109.679879,-7.335628],[109.679939,-7.335494],[109.679969,-7.335326],[109.679954,-7.335189],[109.67996,-7.335044],[109.679995,-7.334846],[109.679958,-7.334703],[109.679817,-7.334465],[109.679911,-7.334321],[109.680096,-7.334143],[109.680171,-7.333995],[109.68025,-7.333826],[109.680483,-7.333335],[109.680639,-7.333011],[109.68068,-7.332832],[109.680709,-7.332612],[109.68067,-7.332389],[109.680576,-7.332227],[109.68052,-7.3321],[109.680491,-7.331919],[109.680423,-7.331247],[109.680403,-7.331027],[109.680374,-7.330434],[109.680358,-7.33018],[109.680334,-7.330035],[109.680228,-7.329886],[109.680046,-7.329812],[109.679951,-7.329663],[109.67995,-7.329421],[109.679974,-7.329282],[109.680028,-7.329133],[109.680116,-7.328971],[109.680233,-7.328863],[109.680159,-7.328701],[109.680114,-7.328496],[109.680081,-7.328153],[109.680075,-7.327998],[109.680062,-7.327775],[109.68002,-7.327612],[109.679858,-7.327562],[109.67964,-7.327481],[109.679529,-7.327355],[109.679459,-7.327177],[109.679418,-7.326963],[109.679252,-7.32674],[109.679124,-7.326539],[109.67852,-7.32583],[109.678365,-7.325765],[109.677769,-7.325533],[109.677747,-7.325364],[109.677766,-7.325148],[109.677807,-7.324495],[109.677898,-7.324319],[109.678172,-7.324186],[109.678263,-7.32406],[109.678504,-7.323624],[109.67861,-7.323442],[109.678688,-7.323289],[109.678898,-7.322924],[109.678939,-7.322775],[109.678952,-7.322597],[109.67894,-7.322354],[109.678918,-7.32221],[109.678886,-7.322074],[109.678844,-7.321819],[109.678635,-7.321387],[109.678619,-7.321252],[109.678595,-7.320987],[109.678581,-7.320677],[109.67856,-7.320519],[109.678521,-7.320346],[109.678418,-7.320022],[109.678281,-7.319652],[109.678228,-7.319461],[109.678174,-7.319237],[109.678065,-7.318954],[109.678021,-7.3188],[109.677967,-7.318661],[109.67788,-7.318499],[109.677821,-7.318378],[109.67773,-7.318153],[109.67763,-7.318016],[109.677527,-7.317922],[109.67743,-7.317813],[109.677339,-7.317673],[109.677196,-7.317439],[109.677071,-7.31727],[109.677016,-7.31718],[109.676988,-7.317044],[109.676985,-7.31668],[109.676957,-7.316488],[109.677161,-7.316257],[109.677297,-7.316147],[109.677325,-7.316068],[109.677376,-7.315876],[109.677436,-7.315648],[109.677458,-7.315536],[109.677492,-7.315397],[109.677559,-7.315265],[109.677675,-7.315121],[109.677697,-7.314945],[109.67772,-7.314726],[109.677816,-7.314548],[109.677797,-7.314394],[109.677791,-7.314243],[109.677718,-7.31409],[109.677544,-7.31393],[109.677461,-7.313746],[109.67736,-7.31358],[109.677233,-7.313506],[109.676898,-7.313528],[109.676919,-7.313095],[109.677027,-7.312703],[109.67698,-7.312563],[109.676906,-7.312445],[109.676858,-7.312302],[109.676834,-7.312021],[109.676765,-7.311562],[109.676688,-7.311433],[109.676581,-7.311256],[109.676528,-7.311109],[109.676487,-7.310798],[109.676417,-7.310578],[109.676356,-7.31042],[109.676324,-7.310265],[109.676311,-7.309946],[109.676307,-7.309642],[109.676279,-7.309427],[109.676193,-7.30922],[109.676172,-7.309082],[109.67617,-7.308893],[109.676182,-7.308712],[109.676256,-7.308201],[109.676282,-7.307927],[109.676319,-7.307733],[109.676407,-7.307214],[109.676346,-7.307044],[109.676208,-7.306745],[109.67609,-7.306644],[109.675958,-7.306485],[109.676009,-7.306358],[109.676141,-7.306138],[109.676006,-7.305776],[109.67596,-7.305635],[109.6759,-7.305501],[109.675883,-7.305359],[109.675872,-7.30516],[109.675816,-7.304993],[109.675747,-7.304842],[109.675677,-7.304618],[109.675607,-7.304442],[109.675477,-7.304233],[109.675352,-7.304111],[109.675234,-7.304007],[109.674899,-7.303675],[109.674817,-7.30356],[109.674743,-7.303428],[109.674648,-7.303236],[109.674603,-7.30317],[109.674472,-7.303088],[109.674034,-7.302962],[109.673658,-7.302859],[109.673484,-7.302852],[109.672872,-7.302567],[109.67263,-7.302478],[109.672462,-7.302455],[109.672292,-7.302409],[109.672099,-7.302317],[109.67156,-7.302049],[109.671282,-7.301859],[109.670646,-7.301634],[109.670294,-7.301439],[109.670134,-7.301428],[109.669988,-7.301419],[109.669804,-7.301226],[109.66964,-7.301128],[109.669342,-7.30087],[109.66922,-7.300718],[109.669101,-7.300625],[109.668965,-7.300583],[109.668833,-7.300487],[109.668695,-7.300383],[109.668517,-7.300282],[109.668349,-7.300294],[109.668291,-7.300167],[109.668191,-7.300046],[109.668209,-7.299852],[109.668061,-7.299593],[109.668029,-7.299419],[109.667978,-7.299289],[109.667936,-7.299109],[109.667687,-7.299037],[109.667392,-7.298829],[109.667297,-7.298714],[109.667202,-7.298555],[109.667098,-7.298318],[109.667067,-7.29818],[109.667077,-7.29804],[109.667097,-7.297692],[109.667082,-7.297475],[109.66705,-7.2973],[109.667025,-7.29713],[109.666933,-7.296632],[109.666915,-7.296425],[109.666927,-7.296254],[109.667041,-7.296031],[109.667233,-7.29589],[109.667407,-7.295796],[109.667556,-7.295797],[109.667705,-7.295821],[109.667854,-7.29579],[109.667983,-7.295628],[109.668045,-7.295501],[109.668098,-7.295295],[109.668115,-7.295058],[109.668128,-7.294779],[109.668149,-7.294416],[109.668184,-7.294151],[109.668026,-7.293725],[109.667994,-7.293579],[109.667998,-7.293382],[109.667913,-7.293228],[109.667705,-7.29305],[109.667373,-7.292719],[109.667219,-7.292416],[109.667033,-7.292227],[109.666844,-7.292011],[109.666538,-7.29167],[109.666259,-7.291291],[109.666169,-7.291098],[109.666115,-7.290837],[109.665937,-7.290328],[109.665611,-7.290082],[109.665533,-7.289904],[109.665517,-7.28969],[109.665516,-7.289272],[109.665507,-7.289063],[109.665431,-7.288927],[109.665206,-7.288609],[109.665031,-7.288426],[109.664781,-7.288217],[109.664468,-7.287804],[109.664208,-7.287135],[109.664064,-7.28679],[109.664103,-7.286578],[109.664043,-7.286359],[109.663941,-7.286056],[109.663899,-7.285925],[109.663765,-7.285273],[109.663722,-7.285032],[109.663722,-7.284733],[109.663732,-7.284178],[109.663752,-7.283882],[109.663809,-7.283375],[109.664031,-7.282705],[109.664015,-7.282526],[109.663925,-7.282288],[109.663872,-7.282056],[109.663571,-7.28155],[109.663544,-7.281338],[109.663508,-7.281207],[109.663414,-7.281092],[109.663303,-7.280941],[109.663275,-7.280769],[109.663337,-7.280641],[109.663419,-7.28042],[109.66344,-7.280238],[109.663409,-7.28],[109.66344,-7.279737],[109.66329,-7.279499],[109.663158,-7.279201],[109.663077,-7.279053],[109.662942,-7.278873],[109.662749,-7.278689],[109.662524,-7.278348],[109.662283,-7.277738],[109.662319,-7.277461],[109.662371,-7.277156],[109.662357,-7.276929],[109.662308,-7.276651],[109.662354,-7.27645],[109.662434,-7.276271],[109.662551,-7.276125],[109.662769,-7.275672],[109.662911,-7.275233],[109.663032,-7.274953],[109.663124,-7.274747],[109.663191,-7.274265],[109.663213,-7.274087],[109.663126,-7.273604],[109.663021,-7.273375],[109.662596,-7.273325],[109.662446,-7.273145],[109.662494,-7.272919],[109.66255,-7.272711],[109.662604,-7.272459],[109.662756,-7.272175],[109.662848,-7.271772],[109.662883,-7.271583],[109.66296,-7.271264],[109.663027,-7.270995],[109.663078,-7.27083],[109.66317,-7.270567],[109.663247,-7.270272],[109.663261,-7.270107],[109.663256,-7.269862],[109.663237,-7.269702],[109.663226,-7.269513],[109.663226,-7.26933],[109.663231,-7.269138],[109.663205,-7.268987],[109.663293,-7.268779],[109.663523,-7.26814],[109.663586,-7.267171],[109.663419,-7.266967],[109.663446,-7.266451],[109.663521,-7.266276],[109.663512,-7.265948],[109.663699,-7.265633],[109.663669,-7.265455],[109.663687,-7.264929],[109.663863,-7.264414],[109.663889,-7.264246],[109.663993,-7.263929],[109.664019,-7.263754],[109.664013,-7.263369],[109.663993,-7.26317],[109.664,-7.262721],[109.663946,-7.262584],[109.663954,-7.262181],[109.663938,-7.262043],[109.663894,-7.261864],[109.663887,-7.261794],[109.663873,-7.261597],[109.663804,-7.261411],[109.663783,-7.261345],[109.66354,-7.260941],[109.663539,-7.260805],[109.6636,-7.26055],[109.663597,-7.260435],[109.663574,-7.260248],[109.663576,-7.260133],[109.663608,-7.259886],[109.663572,-7.25958],[109.663684,-7.259068],[109.663753,-7.258945],[109.663852,-7.258832],[109.664121,-7.258494],[109.664084,-7.258356],[109.664106,-7.258217],[109.664123,-7.258097],[109.664123,-7.257821],[109.664183,-7.257606],[109.664267,-7.257395],[109.664407,-7.257021],[109.664464,-7.256854],[109.664496,-7.256608],[109.664564,-7.256223],[109.66454,-7.256105],[109.664415,-7.255883],[109.664285,-7.255737],[109.664269,-7.255619],[109.664108,-7.255298],[109.663953,-7.255104],[109.663866,-7.254919],[109.663782,-7.254556],[109.663776,-7.254335],[109.663799,-7.254156],[109.663816,-7.254005],[109.663739,-7.253778],[109.66368,-7.253373],[109.663776,-7.253347],[109.664034,-7.253358],[109.66406,-7.253216],[109.664101,-7.253031],[109.663999,-7.252734],[109.664114,-7.252622],[109.664279,-7.252545],[109.664352,-7.252421],[109.664363,-7.252285],[109.664372,-7.252082],[109.664391,-7.251831],[109.66447,-7.251692],[109.664418,-7.251479],[109.664464,-7.251401],[109.66454,-7.251284],[109.664613,-7.251082],[109.664737,-7.250845],[109.664738,-7.250763],[109.66475,-7.250529],[109.664658,-7.250351],[109.664585,-7.250339],[109.66431,-7.250305],[109.664102,-7.250217],[109.663998,-7.25012],[109.663833,-7.249969],[109.663678,-7.249873],[109.6636,-7.24977],[109.663438,-7.249609],[109.663259,-7.249615],[109.663049,-7.249595],[109.662988,-7.249548],[109.662436,-7.249053],[109.662194,-7.248862],[109.66201,-7.248742],[109.661851,-7.248639],[109.661706,-7.248578],[109.661525,-7.248551],[109.661401,-7.248549],[109.661184,-7.248527],[109.661126,-7.248512],[109.660889,-7.248472],[109.6607,-7.24848],[109.660591,-7.24848],[109.660389,-7.248434],[109.660265,-7.248385],[109.660103,-7.248328],[109.659963,-7.248305],[109.659828,-7.248284],[109.659557,-7.248239],[109.659407,-7.248187],[109.659261,-7.248092],[109.659097,-7.24792],[109.659027,-7.247744],[109.658893,-7.246933],[109.658787,-7.246531],[109.658357,-7.245977],[109.658171,-7.245811],[109.657956,-7.245423],[109.657979,-7.245071],[109.658023,-7.244748],[109.658391,-7.244297],[109.658572,-7.243716],[109.658271,-7.243607],[109.657739,-7.24352],[109.657725,-7.243326],[109.657726,-7.243103],[109.657662,-7.242938],[109.657532,-7.242895],[109.657309,-7.24298],[109.657129,-7.243066],[109.656878,-7.242957],[109.656469,-7.242662],[109.656398,-7.242468],[109.656463,-7.242231],[109.656163,-7.241807],[109.655862,-7.241329],[109.655619,-7.240944],[109.655267,-7.240842],[109.654828,-7.240877],[109.654556,-7.240725],[109.654139,-7.240767],[109.653693,-7.240859],[109.653276,-7.240678],[109.652967,-7.240642],[109.652694,-7.240784],[109.652492,-7.240949],[109.652169,-7.240926],[109.651882,-7.24061],[109.651716,-7.240853],[109.651435,-7.240953],[109.650709,-7.241037],[109.650479,-7.240986],[109.650249,-7.240949],[109.6501,-7.240901],[109.649532,-7.240567],[109.649294,-7.24053],[109.649007,-7.240565],[109.648842,-7.240522],[109.648505,-7.240234],[109.648448,-7.239946],[109.648348,-7.239781],[109.648228,-7.239048],[109.647732,-7.238982],[109.647387,-7.238866],[109.647079,-7.238578],[109.647022,-7.238399],[109.646966,-7.238054],[109.646715,-7.237867],[109.646385,-7.237406],[109.645772,-7.236992],[109.645359,-7.236714],[109.645144,-7.236764],[109.644935,-7.236835],[109.644791,-7.236834],[109.64467,-7.236619],[109.644656,-7.236317],[109.64414,-7.235713],[109.643581,-7.235374],[109.64315,-7.235322],[109.642927,-7.23535],[109.642711,-7.23527],[109.64259,-7.235141],[109.642281,-7.234874],[109.641376,-7.23457],[109.641139,-7.234656],[109.640787,-7.234597],[109.640608,-7.234467],[109.640185,-7.234086],[109.639646,-7.233869],[109.639345,-7.233796],[109.6391,-7.233767],[109.638771,-7.233421],[109.638211,-7.233075],[109.638024,-7.233046],[109.637687,-7.232793],[109.637436,-7.232699],[109.637379,-7.232498],[109.637085,-7.232246],[109.636928,-7.231879],[109.636591,-7.231699],[109.63644,-7.231548],[109.635614,-7.231258],[109.635435,-7.231157],[109.635443,-7.230899],[109.634842,-7.230043],[109.634772,-7.229461],[109.634852,-7.22911],[109.63481,-7.228758],[109.634739,-7.228198],[109.63479,-7.227939],[109.635311,-7.226879],[109.635629,-7.226384],[109.635673,-7.226226],[109.635846,-7.226048],[109.635947,-7.225797],[109.635969,-7.22561],[109.636257,-7.225396],[109.636488,-7.22508],[109.636855,-7.224974],[109.63704,-7.224945],[109.637186,-7.224774],[109.637569,-7.224201],[109.637596,-7.224057],[109.637642,-7.223813],[109.637665,-7.223239],[109.637553,-7.22232],[109.637358,-7.221176]]}},{"type":"Feature","properties":{"id":620,"nomor_ruas":"III.15","nama_ruas":"WANADADI-PADEPOKAN","titik_awal":"III.17","titik_akhir":"Padepokan tapak suci","panjang_km":0.423,"lebar_m":3},"geometry":{"type":"LineString","coordinates":[[109.626495,-7.36834],[109.62648,-7.369712],[109.626481,-7.370052],[109.626474,-7.370206],[109.626487,-7.370736],[109.626489,-7.372147]]}},{"type":"Feature","properties":{"id":621,"nomor_ruas":"III.16","nama_ruas":"WANADADI-PUNGGELAN","titik_awal":"III.15/III.17","titik_akhir":"TUGU BATAS KABUPATEN PURBALINGGA","panjang_km":13.96,"lebar_m":0},"geometry":{"type":"LineString","coordinates":[[109.626468,-7.368399],[109.626471,-7.367622],[109.626473,-7.367475],[109.626455,-7.366721],[109.626429,-7.366633],[109.62639,-7.366381],[109.626434,-7.366112],[109.626562,-7.36602],[109.626817,-7.365973],[109.626956,-7.365943],[109.627921,-7.365546],[109.627917,-7.365389],[109.627936,-7.365123],[109.627818,-7.364902],[109.627605,-7.364812],[109.62679,-7.364768],[109.626635,-7.364683],[109.626578,-7.364608],[109.626156,-7.363638],[109.62602,-7.363554],[109.625495,-7.36261],[109.625,-7.36275],[109.62447,-7.362749],[109.623966,-7.36272],[109.623435,-7.36269],[109.623291,-7.362704],[109.623115,-7.362838],[109.623001,-7.362817],[109.622825,-7.362869],[109.62266,-7.362862],[109.622285,-7.362798],[109.621748,-7.362647],[109.621745,-7.362541],[109.621731,-7.36237],[109.621595,-7.362174],[109.62142,-7.362205],[109.621109,-7.362257],[109.620937,-7.362277],[109.620782,-7.362278],[109.620605,-7.36227],[109.620372,-7.36226],[109.620163,-7.362307],[109.620069,-7.362294],[109.620073,-7.362112],[109.620022,-7.361963],[109.619979,-7.361774],[109.61999,-7.36157],[109.620025,-7.361383],[109.6201,-7.361108],[109.620036,-7.360977],[109.619885,-7.360859],[109.619757,-7.360683],[109.61977,-7.36052],[109.619824,-7.360388],[109.619797,-7.360254],[109.619643,-7.360135],[109.619484,-7.360073],[109.619297,-7.360107],[109.619,-7.360166],[109.618954,-7.360021],[109.61885,-7.359919],[109.618683,-7.35991],[109.618567,-7.359837],[109.618493,-7.359702],[109.618435,-7.359579],[109.618284,-7.359425],[109.618211,-7.359272],[109.618113,-7.359104],[109.617918,-7.358962],[109.617789,-7.358884],[109.617488,-7.358727],[109.617209,-7.358564],[109.616945,-7.358396],[109.616761,-7.358309],[109.616554,-7.358317],[109.616372,-7.358228],[109.616177,-7.358068],[109.616062,-7.357942],[109.615944,-7.35779],[109.615819,-7.357607],[109.615756,-7.357467],[109.615719,-7.357286],[109.615669,-7.357018],[109.615605,-7.356788],[109.615554,-7.356605],[109.615239,-7.356624],[109.615098,-7.356577],[109.615022,-7.356424],[109.614931,-7.356181],[109.614876,-7.355934],[109.614815,-7.355722],[109.614769,-7.355507],[109.614717,-7.355307],[109.614583,-7.355174],[109.614429,-7.355131],[109.614243,-7.355123],[109.614107,-7.355198],[109.614002,-7.355362],[109.613927,-7.355513],[109.61381,-7.35577],[109.613719,-7.356002],[109.613613,-7.356482],[109.613558,-7.356639],[109.613405,-7.356747],[109.613153,-7.35679],[109.612982,-7.356859],[109.612673,-7.356769],[109.61249,-7.356769],[109.612347,-7.356741],[109.612216,-7.35663],[109.611746,-7.356059],[109.6116,-7.355867],[109.611471,-7.355724],[109.611296,-7.35567],[109.611107,-7.355742],[109.610954,-7.355906],[109.610802,-7.355876],[109.610694,-7.355751],[109.610611,-7.355639],[109.61046,-7.355528],[109.610285,-7.355479],[109.609947,-7.355463],[109.609749,-7.355417],[109.609579,-7.355315],[109.609414,-7.355272],[109.609235,-7.355258],[109.609079,-7.355163],[109.608862,-7.354867],[109.608675,-7.354705],[109.608505,-7.354578],[109.608342,-7.354503],[109.608049,-7.354412],[109.60785,-7.354489],[109.607748,-7.354662],[109.607596,-7.355015],[109.607416,-7.355062],[109.607099,-7.355058],[109.606829,-7.355268],[109.606719,-7.355403],[109.606587,-7.355436],[109.606326,-7.355598],[109.606219,-7.355781],[109.606039,-7.355887],[109.605891,-7.355868],[109.605772,-7.355776],[109.605656,-7.355664],[109.60542,-7.355538],[109.605168,-7.355533],[109.605034,-7.355602],[109.604762,-7.355817],[109.604599,-7.355815],[109.604286,-7.355709],[109.604127,-7.355673],[109.603732,-7.355697],[109.603468,-7.355947],[109.603047,-7.355894],[109.602391,-7.355831],[109.602392,-7.355692],[109.602593,-7.355298],[109.602718,-7.354984],[109.602809,-7.35487],[109.603028,-7.354577],[109.603091,-7.354432],[109.602917,-7.354189],[109.602706,-7.353891],[109.602652,-7.353739],[109.602616,-7.353296],[109.602589,-7.353085],[109.602516,-7.352699],[109.602469,-7.352537],[109.60241,-7.352407],[109.602163,-7.351914],[109.602054,-7.351777],[109.601924,-7.35168],[109.601778,-7.351607],[109.601313,-7.351425],[109.600908,-7.35123],[109.600358,-7.350926],[109.600056,-7.350699],[109.600255,-7.350361],[109.600242,-7.350181],[109.600193,-7.350021],[109.600103,-7.349965],[109.599829,-7.349642],[109.5992,-7.34887],[109.599055,-7.348669],[109.59854,-7.347991],[109.598385,-7.347865],[109.598219,-7.347786],[109.598043,-7.347768],[109.597508,-7.347823],[109.597152,-7.347857],[109.596971,-7.347857],[109.596751,-7.347825],[109.596558,-7.34783],[109.596413,-7.347851],[109.596116,-7.347875],[109.595858,-7.347921],[109.595721,-7.347993],[109.595483,-7.348145],[109.59529,-7.348202],[109.595188,-7.348202],[109.594811,-7.348191],[109.59423,-7.347977],[109.593829,-7.347757],[109.5937,-7.347843],[109.593398,-7.348104],[109.593118,-7.348284],[109.592618,-7.348709],[109.592489,-7.348761],[109.592274,-7.348803],[109.592052,-7.348907],[109.591252,-7.348935],[109.591132,-7.349004],[109.590951,-7.3492],[109.590862,-7.349324],[109.590698,-7.350366],[109.590629,-7.350754],[109.590568,-7.350879],[109.590463,-7.350976],[109.59037,-7.351039],[109.590079,-7.351226],[109.589119,-7.351673],[109.588726,-7.351854],[109.588269,-7.351893],[109.588093,-7.351842],[109.587517,-7.351486],[109.587378,-7.351454],[109.587254,-7.351504],[109.58711,-7.351625],[109.586956,-7.351715],[109.586719,-7.35162],[109.586622,-7.351711],[109.586277,-7.35169],[109.585933,-7.351675],[109.585623,-7.351662],[109.585327,-7.351651],[109.585214,-7.351651],[109.584787,-7.351689],[109.584678,-7.351741],[109.584389,-7.351971],[109.584074,-7.352293],[109.583851,-7.352539],[109.583764,-7.352648],[109.583438,-7.353054],[109.583312,-7.353091],[109.582721,-7.353069],[109.582372,-7.353142],[109.581357,-7.353456],[109.581216,-7.353497],[109.581032,-7.353596],[109.580914,-7.353694],[109.580791,-7.353787],[109.5807,-7.353838],[109.580591,-7.353931],[109.580351,-7.354078],[109.580041,-7.354252],[109.579783,-7.354405],[109.579401,-7.354608],[109.579292,-7.354682],[109.579023,-7.35487],[109.578905,-7.354931],[109.578439,-7.355075],[109.578046,-7.355182],[109.577739,-7.355209],[109.577393,-7.355235],[109.576511,-7.355132],[109.576184,-7.355091],[109.575476,-7.354988],[109.574915,-7.354911],[109.574526,-7.35479],[109.574253,-7.354775],[109.573786,-7.354759],[109.572698,-7.354719],[109.572453,-7.354707],[109.572273,-7.354687],[109.571996,-7.354631],[109.571148,-7.354544],[109.570887,-7.354561],[109.570254,-7.354698],[109.569795,-7.354832],[109.569373,-7.354935],[109.569227,-7.355042],[109.569133,-7.355141],[109.568909,-7.355425],[109.568124,-7.355997],[109.568015,-7.356069],[109.567713,-7.356125],[109.567159,-7.356183],[109.566842,-7.35624],[109.566641,-7.356321],[109.566463,-7.356502],[109.566404,-7.356603],[109.566359,-7.356739],[109.566314,-7.357032],[109.566287,-7.357227],[109.566228,-7.35724],[109.565793,-7.357679],[109.56544,-7.358104],[109.565241,-7.358226],[109.565074,-7.358313],[109.564237,-7.358435],[109.563974,-7.358473],[109.563882,-7.358487],[109.563736,-7.358509],[109.563358,-7.358572],[109.562931,-7.358645],[109.56277,-7.35868],[109.562425,-7.358729],[109.561917,-7.358752],[109.561767,-7.358726],[109.561411,-7.358661],[109.561231,-7.358619],[109.560979,-7.358589],[109.560801,-7.358564],[109.560676,-7.358552],[109.560243,-7.358537],[109.559703,-7.358552],[109.559219,-7.358589],[109.558983,-7.358573],[109.558768,-7.358551],[109.558156,-7.358348],[109.557971,-7.358326],[109.557489,-7.358317],[109.557029,-7.358251],[109.556476,-7.357984],[109.556132,-7.3578],[109.555625,-7.357649],[109.555543,-7.357546],[109.555411,-7.357478],[109.555179,-7.357295],[109.555129,-7.357237],[109.555042,-7.357109],[109.55489,-7.356893],[109.554735,-7.356802],[109.554683,-7.356801],[109.554285,-7.35676],[109.553979,-7.356533],[109.553802,-7.356289],[109.5537,-7.356066],[109.553328,-7.355562],[109.552848,-7.355087],[109.551887,-7.35438],[109.550753,-7.353661],[109.550689,-7.35364],[109.549841,-7.353465],[109.549496,-7.353403],[109.549054,-7.3532],[109.548936,-7.353071],[109.548519,-7.352926],[109.547985,-7.352961],[109.547435,-7.353075],[109.54724,-7.353086],[109.547066,-7.353081],[109.546508,-7.353042],[109.546255,-7.353039],[109.545941,-7.353053],[109.5457,-7.353075],[109.544858,-7.353309],[109.544096,-7.353605],[109.543819,-7.353718],[109.543633,-7.353802],[109.543309,-7.353977],[109.543156,-7.353855],[109.543013,-7.353921],[109.543035,-7.354113],[109.542769,-7.354236],[109.542541,-7.354346],[109.54233,-7.354436],[109.54225,-7.354472],[109.542096,-7.354568],[109.541848,-7.354716],[109.541649,-7.354827],[109.541319,-7.354999],[109.541057,-7.355128],[109.540751,-7.355308],[109.540346,-7.355536],[109.539941,-7.355747],[109.539823,-7.355821],[109.539722,-7.355922],[109.539598,-7.356179],[109.539538,-7.356329],[109.539328,-7.35652],[109.53904,-7.356717],[109.538615,-7.356914],[109.53831,-7.35701],[109.538161,-7.357066],[109.53802,-7.357133],[109.537851,-7.357233],[109.537433,-7.357635],[109.537296,-7.357878],[109.537119,-7.358003],[109.537005,-7.358033],[109.536748,-7.358046],[109.536539,-7.358119],[109.53614,-7.358309],[109.535978,-7.358363],[109.535697,-7.358352],[109.535105,-7.35834],[109.534806,-7.358362],[109.534642,-7.358395],[109.534058,-7.35847],[109.533546,-7.358559],[109.533367,-7.35859],[109.532986,-7.35864],[109.532238,-7.358642],[109.531745,-7.358631],[109.531419,-7.358616]]}},{"type":"Feature","properties":{"id":622,"nomor_ruas":"III.17","nama_ruas":"BANJARMANGU-RAKIT","titik_awal":"JL PROP KM 5 HM 5 BNA","titik_akhir":"TUGU BTS KAB. PURBALINGGA","panjang_km":24.212,"lebar_m":4},"geometry":{"type":"LineString","coordinates":[[109.688085,-7.360468],[109.687997,-7.360605],[109.68785,-7.360806],[109.687728,-7.360891],[109.687571,-7.360998],[109.687402,-7.361148],[109.687179,-7.361366],[109.686915,-7.361612],[109.686425,-7.361922],[109.686299,-7.361999],[109.686058,-7.362112],[109.685789,-7.362259],[109.685611,-7.362426],[109.685209,-7.362768],[109.685132,-7.362982],[109.684937,-7.362928],[109.684246,-7.363358],[109.683919,-7.363696],[109.683906,-7.363875],[109.68386,-7.36408],[109.683768,-7.364289],[109.683712,-7.364528],[109.683581,-7.364576],[109.683337,-7.364829],[109.683377,-7.364923],[109.683561,-7.365138],[109.683536,-7.365272],[109.683426,-7.365272],[109.683284,-7.365272],[109.683139,-7.36531],[109.682853,-7.36549],[109.682723,-7.365487],[109.68251,-7.365453],[109.682331,-7.365497],[109.68216,-7.365566],[109.682062,-7.365586],[109.681897,-7.365732],[109.68182,-7.365938],[109.681772,-7.365985],[109.681531,-7.366065],[109.681442,-7.366083],[109.681245,-7.366101],[109.681217,-7.365942],[109.681147,-7.365801],[109.681055,-7.365636],[109.68087,-7.365517],[109.680172,-7.365952],[109.679679,-7.366264],[109.679439,-7.366453],[109.679187,-7.366693],[109.679005,-7.366832],[109.678796,-7.366982],[109.678643,-7.366992],[109.678456,-7.366998],[109.678061,-7.367005],[109.677813,-7.367024],[109.677523,-7.367127],[109.676941,-7.367235],[109.676614,-7.367201],[109.676363,-7.367293],[109.67595,-7.367452],[109.675776,-7.367509],[109.675531,-7.367578],[109.675342,-7.367607],[109.675022,-7.367647],[109.674553,-7.367695],[109.674025,-7.367724],[109.67335,-7.367825],[109.67188,-7.368019],[109.671482,-7.368107],[109.670644,-7.368231],[109.67018,-7.368328],[109.669862,-7.368356],[109.66952,-7.368454],[109.66937,-7.368475],[109.669234,-7.368523],[109.668848,-7.368752],[109.668348,-7.368824],[109.668093,-7.368856],[109.667813,-7.368839],[109.667661,-7.36882],[109.667518,-7.368806],[109.667377,-7.368795],[109.667221,-7.36879],[109.66693,-7.368814],[109.666506,-7.36883],[109.666117,-7.36885],[109.665726,-7.36889],[109.665361,-7.368982],[109.664566,-7.368903],[109.664284,-7.368902],[109.663335,-7.368785],[109.663074,-7.368743],[109.662739,-7.368634],[109.661482,-7.36829],[109.660326,-7.368017],[109.659596,-7.367899],[109.659396,-7.367916],[109.659134,-7.367963],[109.6588,-7.367996],[109.65832,-7.368018],[109.657835,-7.368015],[109.657428,-7.367985],[109.65718,-7.3679],[109.656871,-7.367805],[109.656549,-7.367745],[109.656407,-7.367762],[109.656117,-7.36783],[109.655851,-7.367889],[109.655338,-7.367998],[109.655155,-7.368044],[109.654942,-7.368063],[109.654753,-7.367999],[109.653861,-7.367818],[109.653175,-7.367743],[109.652761,-7.367725],[109.652364,-7.36767],[109.652022,-7.367633],[109.651574,-7.367576],[109.651364,-7.367535],[109.651005,-7.367515],[109.650023,-7.367569],[109.649883,-7.367523],[109.649622,-7.367342],[109.649497,-7.367248],[109.649378,-7.367127],[109.649289,-7.366991],[109.649208,-7.366875],[109.649062,-7.366748],[109.648785,-7.36656],[109.648676,-7.366438],[109.648492,-7.366186],[109.64836,-7.366111],[109.648145,-7.36617],[109.647844,-7.366238],[109.647554,-7.366244],[109.647306,-7.366119],[109.647008,-7.36598],[109.646498,-7.365831],[109.645841,-7.365593],[109.645203,-7.365532],[109.644715,-7.36544],[109.643879,-7.365294],[109.643416,-7.365239],[109.643151,-7.365178],[109.642922,-7.365156],[109.642707,-7.365175],[109.642509,-7.365227],[109.642212,-7.365248],[109.641776,-7.365224],[109.64132,-7.365221],[109.640686,-7.365154],[109.640454,-7.365131],[109.640248,-7.36509],[109.639397,-7.364853],[109.639149,-7.364802],[109.638908,-7.364837],[109.638643,-7.364963],[109.638442,-7.365037],[109.638216,-7.365087],[109.63747,-7.365267],[109.636798,-7.365405],[109.63487,-7.366034],[109.634595,-7.366106],[109.634351,-7.366157],[109.634007,-7.366234],[109.633394,-7.366353],[109.633199,-7.3664],[109.632969,-7.366474],[109.632554,-7.366661],[109.632229,-7.366795],[109.631919,-7.366933],[109.63179,-7.366988],[109.631535,-7.367099],[109.630789,-7.367348],[109.630625,-7.367392],[109.630151,-7.36752],[109.62999,-7.367563],[109.629681,-7.36764],[109.628857,-7.367854],[109.627682,-7.368113],[109.626468,-7.368399],[109.626075,-7.368481],[109.625595,-7.368573],[109.625018,-7.368666],[109.624926,-7.368679],[109.624729,-7.368738],[109.62448,-7.368853],[109.624117,-7.368946],[109.623717,-7.36902],[109.623341,-7.369053],[109.623045,-7.369127],[109.622772,-7.369212],[109.622631,-7.369299],[109.621792,-7.369856],[109.621421,-7.370121],[109.620759,-7.370557],[109.620409,-7.370802],[109.620105,-7.371193],[109.619369,-7.3718],[109.619278,-7.371944],[109.619228,-7.372097],[109.61915,-7.372402],[109.619103,-7.372656],[109.618776,-7.373342],[109.618602,-7.37347],[109.618361,-7.37382],[109.61794,-7.374355],[109.617635,-7.374653],[109.617549,-7.374758],[109.617318,-7.375031],[109.616979,-7.375293],[109.61673,-7.37543],[109.616287,-7.375588],[109.61586,-7.375703],[109.615553,-7.375758],[109.614799,-7.375601],[109.614581,-7.375578],[109.614428,-7.375612],[109.61421,-7.375679],[109.614069,-7.375716],[109.613902,-7.375735],[109.613707,-7.375743],[109.61346,-7.375743],[109.613166,-7.37576],[109.611938,-7.376243],[109.611584,-7.37642],[109.611041,-7.376722],[109.61058,-7.377015],[109.610383,-7.377186],[109.610102,-7.377451],[109.609943,-7.37758],[109.609729,-7.377725],[109.60951,-7.377866],[109.609263,-7.378041],[109.609163,-7.37816],[109.609082,-7.378302],[109.608989,-7.378406],[109.608107,-7.379227],[109.607961,-7.37935],[109.60784,-7.37948],[109.60774,-7.379641],[109.607488,-7.380029],[109.606796,-7.381111],[109.606651,-7.381358],[109.606549,-7.381474],[109.60634,-7.381698],[109.606017,-7.381982],[109.605874,-7.382137],[109.60573,-7.382307],[109.605485,-7.382617],[109.605276,-7.382905],[109.604397,-7.384328],[109.603965,-7.384886],[109.60367,-7.385343],[109.603454,-7.385632],[109.603251,-7.385803],[109.602992,-7.385956],[109.60243,-7.386135],[109.602125,-7.386234],[109.601827,-7.386396],[109.601199,-7.386815],[109.600646,-7.387147],[109.600334,-7.387358],[109.599879,-7.387754],[109.599547,-7.387979],[109.599365,-7.388094],[109.598813,-7.388445],[109.598482,-7.388633],[109.598004,-7.38889],[109.597791,-7.389004],[109.59744,-7.389181],[109.596657,-7.389671],[109.595602,-7.390297],[109.59506,-7.390627],[109.594476,-7.390985],[109.594127,-7.391206],[109.593888,-7.391387],[109.593621,-7.391698],[109.59346,-7.391795],[109.59323,-7.391851],[109.593084,-7.391884],[109.592856,-7.391957],[109.592711,-7.391999],[109.592575,-7.392021],[109.592412,-7.392023],[109.591465,-7.391983],[109.590527,-7.391994],[109.590241,-7.392053],[109.589557,-7.3922],[109.589358,-7.39227],[109.588515,-7.392638],[109.587968,-7.392977],[109.587188,-7.393519],[109.586918,-7.393572],[109.585789,-7.393647],[109.585593,-7.393699],[109.584226,-7.394245],[109.583981,-7.394266],[109.58251,-7.394347],[109.580807,-7.394393],[109.58042,-7.394425],[109.579213,-7.394542],[109.5781,-7.394716],[109.576776,-7.394862],[109.57611,-7.394872],[109.575483,-7.394975],[109.575257,-7.395009],[109.574552,-7.395101],[109.574163,-7.395139],[109.573456,-7.395204],[109.573284,-7.39523],[109.573079,-7.395258],[109.572676,-7.395285],[109.571388,-7.39533],[109.570875,-7.395313],[109.570391,-7.395384],[109.570245,-7.395393],[109.570033,-7.395368],[109.569561,-7.395444],[109.569485,-7.395612],[109.569388,-7.395799],[109.56918,-7.396211],[109.569097,-7.396352],[109.569011,-7.396487],[109.56877,-7.396817],[109.568661,-7.396978],[109.568433,-7.397339],[109.568348,-7.397507],[109.568177,-7.39791],[109.567923,-7.398441],[109.567886,-7.3986],[109.567772,-7.398809],[109.567721,-7.399133],[109.56764,-7.399646],[109.567613,-7.400393],[109.567611,-7.400583],[109.567607,-7.401015],[109.567615,-7.401467],[109.567485,-7.401641],[109.567454,-7.401789],[109.567247,-7.402206],[109.567163,-7.402376],[109.567057,-7.402698],[109.566944,-7.402917],[109.56702,-7.403027],[109.566988,-7.40317],[109.566941,-7.403319],[109.566885,-7.403477],[109.566682,-7.403773],[109.566624,-7.404077],[109.566506,-7.404337],[109.566383,-7.404476],[109.565911,-7.405371],[109.565686,-7.405642],[109.565641,-7.4058],[109.565596,-7.406207],[109.565551,-7.40637],[109.565539,-7.406535],[109.565511,-7.406684],[109.565454,-7.406811],[109.565362,-7.406966],[109.565354,-7.40731],[109.565345,-7.407564],[109.565336,-7.407934],[109.565336,-7.408078],[109.565349,-7.40833],[109.565394,-7.408542],[109.565395,-7.408889],[109.565631,-7.409335],[109.565645,-7.409533],[109.56565,-7.409804],[109.565645,-7.409952],[109.565563,-7.41044],[109.56557,-7.411165],[109.565523,-7.411366],[109.565453,-7.411554],[109.565336,-7.411842],[109.565254,-7.41202],[109.565167,-7.412213],[109.565094,-7.412379],[109.565024,-7.412543],[109.564899,-7.412701],[109.564536,-7.413193],[109.564268,-7.413489],[109.564088,-7.413687],[109.563809,-7.413979],[109.563673,-7.414104],[109.563456,-7.414275],[109.56311,-7.414522],[109.562952,-7.414633],[109.562706,-7.414728],[109.562577,-7.414863],[109.562304,-7.415021],[109.562073,-7.415155],[109.561904,-7.415267],[109.561722,-7.415386],[109.561565,-7.415481],[109.561405,-7.415574],[109.561252,-7.415659],[109.561092,-7.415749],[109.560911,-7.41586],[109.56074,-7.41596],[109.560526,-7.416092],[109.560379,-7.416187],[109.560129,-7.416348],[109.559969,-7.416454],[109.559794,-7.416477],[109.559578,-7.416612],[109.559384,-7.416745],[109.559185,-7.416882],[109.558938,-7.417059],[109.558778,-7.417171],[109.558629,-7.417272],[109.558485,-7.417498],[109.558317,-7.417501],[109.558092,-7.417663],[109.557845,-7.417836],[109.557668,-7.41796],[109.557438,-7.417993],[109.557346,-7.418187],[109.557067,-7.41828],[109.557028,-7.418406],[109.556856,-7.418529],[109.556744,-7.418607],[109.556527,-7.418736],[109.55633,-7.418839],[109.556186,-7.418909],[109.556048,-7.418971],[109.555718,-7.419121],[109.555534,-7.419212],[109.555291,-7.419331],[109.555148,-7.419413],[109.55486,-7.419585],[109.554717,-7.419684],[109.554586,-7.419782],[109.55435,-7.419968],[109.554061,-7.420188],[109.553876,-7.420329],[109.553728,-7.420441],[109.553494,-7.42067],[109.551922,-7.42199],[109.550672,-7.422982],[109.549835,-7.423725],[109.548602,-7.424746],[109.548347,-7.424951],[109.547569,-7.425528],[109.547054,-7.425922],[109.545992,-7.426757],[109.545284,-7.427218],[109.544337,-7.428036],[109.543699,-7.428517],[109.543302,-7.428789],[109.542685,-7.42922],[109.541929,-7.429709],[109.54096,-7.430337],[109.540357,-7.430709],[109.539592,-7.431233],[109.539123,-7.431517],[109.538922,-7.431647],[109.538624,-7.43184],[109.538294,-7.432054],[109.537903,-7.432313],[109.537224,-7.432712],[109.53658,-7.43307],[109.53606,-7.433406],[109.535704,-7.433513],[109.535411,-7.43355],[109.534869,-7.433797],[109.534774,-7.433851],[109.534206,-7.434265],[109.53399,-7.434316],[109.533366,-7.434486],[109.532835,-7.434707],[109.532661,-7.434763],[109.532481,-7.434794],[109.532293,-7.434824],[109.532314,-7.434972],[109.532371,-7.435448],[109.531944,-7.435491],[109.531619,-7.435557],[109.531355,-7.435636],[109.530736,-7.435907],[109.530188,-7.436151],[109.529709,-7.436355],[109.528925,-7.436746],[109.528386,-7.437034],[109.527701,-7.437332],[109.527006,-7.437615],[109.526809,-7.437718],[109.52602,-7.438149],[109.525676,-7.438337],[109.525146,-7.43863],[109.524828,-7.438773],[109.524736,-7.438954],[109.524496,-7.439079],[109.524176,-7.439273],[109.523814,-7.439493],[109.522705,-7.440088],[109.52148,-7.440715],[109.520494,-7.441119],[109.519536,-7.44145],[109.518024,-7.441924],[109.517137,-7.44216],[109.516265,-7.442336],[109.516073,-7.442352],[109.515494,-7.442385],[109.514873,-7.442411],[109.513684,-7.44245],[109.512706,-7.442413],[109.511672,-7.442199],[109.510618,-7.442047],[109.509434,-7.441901],[109.508948,-7.441841],[109.508177,-7.441763]]}},{"type":"Feature","properties":{"id":623,"nomor_ruas":"III.11","nama_ruas":"TAPEN-SAWANGAN","titik_awal":"III.17","titik_akhir":"III.34","panjang_km":1.556,"lebar_m":3},"geometry":{"type":"LineString","coordinates":[[109.595121,-7.390679],[109.595163,-7.39021],[109.595329,-7.389405],[109.595357,-7.38905],[109.595335,-7.388854],[109.595274,-7.388356],[109.59521,-7.387945],[109.595202,-7.387411],[109.595151,-7.387008],[109.595112,-7.386822],[109.595007,-7.386561],[109.594884,-7.38639],[109.594619,-7.386128],[109.594493,-7.386039],[109.59408,-7.385828],[109.59363,-7.385622],[109.593409,-7.385478],[109.593324,-7.385343],[109.593077,-7.384844],[109.592767,-7.384227],[109.592202,-7.383117],[109.592016,-7.382837],[109.591754,-7.382495],[109.591909,-7.381566],[109.59198,-7.381432],[109.592148,-7.381162],[109.592275,-7.380761],[109.592252,-7.380587],[109.592259,-7.38037],[109.59238,-7.380138],[109.592515,-7.380012],[109.592601,-7.379826],[109.592615,-7.379473],[109.592614,-7.379161],[109.592701,-7.378857],[109.59273,-7.378626],[109.592874,-7.378452],[109.593,-7.378377]]}},{"type":"Feature","properties":{"id":624,"nomor_ruas":"VI.38","nama_ruas":"JL MELATI","titik_awal":"VI.38","titik_akhir":"VI.33/VI.34","panjang_km":0.124,"lebar_m":4},"geometry":{"type":"LineString","coordinates":[[109.724125,-7.390551],[109.724095,-7.39026],[109.724014,-7.389858],[109.724003,-7.389608],[109.723994,-7.38945]]}},{"type":"Feature","properties":{"id":625,"nomor_ruas":"III.19","nama_ruas":"MANDIRAJA-RAKIT","titik_awal":"JL Nasional. KM 27 HM 5-4 BMS","titik_akhir":"III.17","panjang_km":1.56,"lebar_m":3},"geometry":{"type":"LineString","coordinates":[[109.522705,-7.452831],[109.522712,-7.452737],[109.522753,-7.45224],[109.522773,-7.451979],[109.522787,-7.451821],[109.522823,-7.451471],[109.522834,-7.451189],[109.522832,-7.450811],[109.522861,-7.45035],[109.522871,-7.450193],[109.52289,-7.449909],[109.522895,-7.449765],[109.52293,-7.448532],[109.522975,-7.447967],[109.523021,-7.447719],[109.523082,-7.447636],[109.523262,-7.447525],[109.523451,-7.447375],[109.523507,-7.447289],[109.523891,-7.446904],[109.523906,-7.446807],[109.523793,-7.446522],[109.523728,-7.446273],[109.523638,-7.445966],[109.523606,-7.445754],[109.523638,-7.445572],[109.523786,-7.445245],[109.523926,-7.444972],[109.523984,-7.444828],[109.523987,-7.444688],[109.523963,-7.444282],[109.523895,-7.443401],[109.523889,-7.443076],[109.523941,-7.442366],[109.52396,-7.441704],[109.523982,-7.441352],[109.524002,-7.441134],[109.524061,-7.440808],[109.524175,-7.440234],[109.524218,-7.439975],[109.524233,-7.439698],[109.524215,-7.439423],[109.524197,-7.439351]]}},{"type":"Feature","properties":{"id":626,"nomor_ruas":"III.18","nama_ruas":"BADAMITA-TIMBANG","titik_awal":"III.17","titik_akhir":"JEMBATAN KALI KACANGAN","panjang_km":2.469,"lebar_m":3},"geometry":{"type":"LineString","coordinates":[[109.56955,-7.395411],[109.569441,-7.395459],[109.568589,-7.395527],[109.567258,-7.395641],[109.566646,-7.395697],[109.566444,-7.395721],[109.566266,-7.395741],[109.565641,-7.395823],[109.565325,-7.395861],[109.565027,-7.395844],[109.564311,-7.395967],[109.563624,-7.396083],[109.563214,-7.396157],[109.56262,-7.396284],[109.562289,-7.396326],[109.561432,-7.39642],[109.56043,-7.396596],[109.560045,-7.396768],[109.559544,-7.396962],[109.559303,-7.397149],[109.558661,-7.397632],[109.558095,-7.398125],[109.557422,-7.398947],[109.557229,-7.398998],[109.556159,-7.399743],[109.555448,-7.400256],[109.555326,-7.400353],[109.55515,-7.400578],[109.554903,-7.400822],[109.554648,-7.401111],[109.554467,-7.401356],[109.554304,-7.401353],[109.554145,-7.401368],[109.55394,-7.401426],[109.553272,-7.401347],[109.552673,-7.401276],[109.552153,-7.401167],[109.551987,-7.401111],[109.55166,-7.400966],[109.551134,-7.400598],[109.550783,-7.400361],[109.550562,-7.400309],[109.550331,-7.400339],[109.550121,-7.400358],[109.549548,-7.400612],[109.549379,-7.400598]]}},{"type":"Feature","properties":{"id":627,"nomor_ruas":"IV.16","nama_ruas":"PLORENGAN-SIMEGO","titik_awal":"JL PROP KM 45 BNA","titik_akhir":"TG BTS KAB PEKALONGAN","panjang_km":4.678,"lebar_m":4},"geometry":{"type":"LineString","coordinates":[[109.666181,-7.213467],[109.666308,-7.213186],[109.666333,-7.212881],[109.666138,-7.212049],[109.666103,-7.211571],[109.666213,-7.210662],[109.666006,-7.209961],[109.665989,-7.209746],[109.666014,-7.209184],[109.666153,-7.208676],[109.666304,-7.208293],[109.666551,-7.207941],[109.667055,-7.20747],[109.667511,-7.207244],[109.667805,-7.207131],[109.668292,-7.206457],[109.668527,-7.206104],[109.668684,-7.205495],[109.66853,-7.205075],[109.668495,-7.204615],[109.668593,-7.203897],[109.668702,-7.203598],[109.668997,-7.203097],[109.669214,-7.202721],[109.669568,-7.2025],[109.66994,-7.202268],[109.670174,-7.201976],[109.670254,-7.201449],[109.670255,-7.201061],[109.670088,-7.200695],[109.669825,-7.200461],[109.669718,-7.200293],[109.669712,-7.200072],[109.669755,-7.199875],[109.669911,-7.199768],[109.670624,-7.19965],[109.670984,-7.199657],[109.671187,-7.199658],[109.671337,-7.199646],[109.671817,-7.199432],[109.671937,-7.199115],[109.671878,-7.198888],[109.671777,-7.198583],[109.671694,-7.198223],[109.671809,-7.197859],[109.67199,-7.197668],[109.672212,-7.197292],[109.67274,-7.197042],[109.672878,-7.196893],[109.672879,-7.196695],[109.672766,-7.196486],[109.672677,-7.196216],[109.672624,-7.195762],[109.672479,-7.194609],[109.6726,-7.194023],[109.672697,-7.193688],[109.672722,-7.193437],[109.672723,-7.193186],[109.672687,-7.19297],[109.672688,-7.192731],[109.672761,-7.19242],[109.672978,-7.191942],[109.673086,-7.191667],[109.673112,-7.19114],[109.673036,-7.190738],[109.673201,-7.190193],[109.673211,-7.189973],[109.67351,-7.189428],[109.674038,-7.188941],[109.674441,-7.188914],[109.675025,-7.189002],[109.67537,-7.189146],[109.676146,-7.189292],[109.676414,-7.189293],[109.676882,-7.188896],[109.677397,-7.188855],[109.677847,-7.188737],[109.678855,-7.188273],[109.679208,-7.188143],[109.679329,-7.188024],[109.679473,-7.187707],[109.679887,-7.187606],[109.680115,-7.18738],[109.680103,-7.187218],[109.679984,-7.187128],[109.679901,-7.186984],[109.679907,-7.186799],[109.680219,-7.186465],[109.680226,-7.186202],[109.680161,-7.185908],[109.680521,-7.185748],[109.681115,-7.185534],[109.681385,-7.185344],[109.681601,-7.185099],[109.681829,-7.18486],[109.682106,-7.18455],[109.682286,-7.184419],[109.682754,-7.18399],[109.682839,-7.183631],[109.682995,-7.18341],[109.683206,-7.183183],[109.683307,-7.183096]]}},{"type":"Feature","properties":{"id":628,"nomor_ruas":"IV.17","nama_ruas":"KASINOM-BAKULAN","titik_awal":"JL PROP KM 42 BNA","titik_akhir":"HUTAN PINUS DK BAKULAN","panjang_km":4.055,"lebar_m":4},"geometry":{"type":"LineString","coordinates":[[109.676837,-7.213994],[109.676712,-7.214218],[109.676574,-7.214421],[109.676466,-7.21463],[109.676165,-7.21494],[109.676009,-7.215125],[109.675889,-7.215245],[109.675822,-7.215376],[109.67578,-7.215651],[109.675641,-7.215926],[109.675699,-7.216536],[109.67568,-7.216931],[109.675602,-7.21717],[109.675505,-7.217307],[109.675408,-7.21767],[109.675337,-7.217992],[109.675329,-7.218365],[109.675145,-7.218587],[109.675016,-7.218594],[109.674843,-7.218543],[109.674535,-7.218374],[109.674298,-7.218351],[109.674114,-7.218369],[109.673916,-7.218476],[109.673855,-7.218627],[109.673506,-7.218572],[109.673054,-7.218423],[109.672838,-7.218379],[109.67272,-7.218642],[109.672927,-7.218703],[109.673171,-7.218752],[109.673401,-7.218853],[109.673621,-7.218949],[109.673817,-7.219136],[109.674246,-7.219712],[109.674509,-7.220067],[109.674657,-7.220311],[109.674776,-7.22045],[109.674843,-7.220685],[109.67499,-7.221044],[109.675085,-7.221341],[109.674989,-7.221485],[109.674902,-7.221724],[109.674877,-7.222006],[109.674891,-7.222308],[109.674785,-7.222513],[109.674702,-7.222747],[109.674687,-7.223053],[109.674629,-7.223379],[109.674556,-7.22358],[109.674402,-7.22379],[109.674282,-7.224],[109.674286,-7.224163],[109.674357,-7.224364],[109.674452,-7.224627],[109.674668,-7.224719],[109.674893,-7.224873],[109.675302,-7.22495],[109.675546,-7.225094],[109.675639,-7.225267],[109.67566,-7.225539],[109.675659,-7.225812],[109.675756,-7.226004],[109.675852,-7.226064],[109.676032,-7.226093],[109.676247,-7.226237],[109.676326,-7.226381],[109.676423,-7.226671],[109.676634,-7.226763],[109.67689,-7.22681],[109.67704,-7.226882],[109.677265,-7.227161],[109.677422,-7.227308],[109.677583,-7.227578],[109.677684,-7.227745],[109.678079,-7.227747],[109.678193,-7.227986],[109.678234,-7.228214],[109.678323,-7.228369],[109.678472,-7.228561],[109.678628,-7.228532],[109.678886,-7.228329],[109.679061,-7.22809],[109.679205,-7.228061],[109.679923,-7.228219],[109.68039,-7.22828],[109.681161,-7.228267],[109.681149,-7.228532],[109.681203,-7.228754],[109.681242,-7.228938],[109.681255,-7.229368],[109.681009,-7.229766],[109.680732,-7.230092],[109.680396,-7.230489],[109.680144,-7.230679],[109.680205,-7.230876],[109.680333,-7.231225],[109.680568,-7.231897],[109.680455,-7.232377],[109.680476,-7.232815],[109.680237,-7.233278],[109.67997,-7.233628],[109.679869,-7.233761],[109.679699,-7.234105],[109.679735,-7.234267],[109.68001,-7.234756],[109.680146,-7.235054],[109.680383,-7.235184],[109.680491,-7.235098],[109.680969,-7.234916],[109.681336,-7.234799],[109.681667,-7.234649],[109.681933,-7.2346],[109.682191,-7.234816],[109.682471,-7.234917],[109.68273,-7.235018],[109.682867,-7.235022],[109.683075,-7.234969],[109.683374,-7.23492],[109.683524,-7.234985],[109.6837,-7.235197],[109.684257,-7.235217],[109.684303,-7.235296]]}},{"type":"Feature","properties":{"id":629,"nomor_ruas":"VI.39","nama_ruas":"JL SERUNI","titik_awal":"VI.32","titik_akhir":"VI.37/VI.38","panjang_km":0.147,"lebar_m":3},"geometry":{"type":"LineString","coordinates":[[109.725324,-7.389574],[109.724462,-7.389494],[109.724317,-7.38948],[109.723994,-7.38945]]}},{"type":"Feature","properties":{"id":630,"nomor_ruas":"III.21","nama_ruas":"RAKIT-BANDINGAN","titik_awal":"PASAR RAKIT/III.17","titik_akhir":"BTS KAB. PURBALINGGA","panjang_km":2.601,"lebar_m":3},"geometry":{"type":"LineString","coordinates":[[109.529531,-7.435223],[109.529425,-7.434419],[109.529269,-7.433647],[109.529209,-7.432782],[109.529238,-7.432714],[109.529417,-7.43228],[109.529368,-7.4321],[109.52923,-7.43202],[109.529049,-7.431843],[109.529031,-7.43177],[109.528905,-7.431178],[109.528817,-7.43068],[109.528709,-7.430008],[109.528383,-7.427525],[109.52825,-7.426652],[109.52814,-7.426106],[109.528053,-7.424725],[109.52804,-7.424512],[109.528023,-7.424336],[109.52807,-7.423715],[109.528173,-7.423002],[109.528373,-7.421883],[109.528547,-7.421337],[109.528736,-7.420798],[109.528813,-7.420446],[109.52887,-7.420189],[109.528999,-7.419374],[109.529078,-7.418847],[109.529214,-7.418464],[109.529638,-7.417777],[109.529911,-7.417136],[109.530052,-7.41674],[109.530098,-7.416517],[109.53014,-7.416215],[109.530231,-7.415785],[109.530319,-7.415495],[109.530443,-7.415236],[109.530649,-7.41482],[109.530856,-7.414534],[109.531097,-7.41435],[109.531613,-7.41411],[109.532062,-7.413846],[109.532168,-7.413684],[109.532253,-7.413374]]}},{"type":"Feature","properties":{"id":631,"nomor_ruas":"III.23","nama_ruas":"PINGIT-GLEMPANG","titik_awal":"III.20","titik_akhir":"Batas Kab. Purbalingga","panjang_km":1.013,"lebar_m":3},"geometry":{"type":"LineString","coordinates":[[109.515412,-7.424583],[109.514561,-7.424423],[109.513737,-7.424339],[109.512252,-7.424181],[109.511236,-7.424072],[109.510594,-7.423994],[109.509348,-7.423827],[109.508217,-7.423718],[109.507241,-7.423621],[109.506975,-7.423633],[109.506404,-7.423691],[109.506291,-7.423697]]}},{"type":"Feature","properties":{"id":632,"nomor_ruas":"III.25","nama_ruas":"BULU-PINGIT","titik_awal":"III.21","titik_akhir":"III.20","panjang_km":1.604,"lebar_m":3},"geometry":{"type":"LineString","coordinates":[[109.528083,-7.426023],[109.527882,-7.425937],[109.527164,-7.425575],[109.526407,-7.425135],[109.525657,-7.424688],[109.525115,-7.424374],[109.524497,-7.42403],[109.524269,-7.423863],[109.524084,-7.423608],[109.523655,-7.423022],[109.523419,-7.422678],[109.523071,-7.422142],[109.522507,-7.421339],[109.521978,-7.420566],[109.521799,-7.420456],[109.52095,-7.420542],[109.52035,-7.420613],[109.519415,-7.420753],[109.519005,-7.420815],[109.51888,-7.420836],[109.518378,-7.42092],[109.518239,-7.420942],[109.517553,-7.421032],[109.517216,-7.421072],[109.516478,-7.421196],[109.515961,-7.421284]]}},{"type":"Feature","properties":{"id":633,"nomor_ruas":"III.27","nama_ruas":"TAPEN-TANJUNGANOM","titik_awal":"III.17","titik_akhir":"III.17","panjang_km":4.796,"lebar_m":3},"geometry":{"type":"LineString","coordinates":[[109.59323,-7.391851],[109.593084,-7.391884],[109.592856,-7.391957],[109.592711,-7.391999],[109.592575,-7.392021],[109.592412,-7.392023],[109.591465,-7.391983],[109.590527,-7.391994],[109.590241,-7.392053],[109.589557,-7.3922],[109.589358,-7.39227],[109.588515,-7.392638],[109.587968,-7.392977],[109.587188,-7.393519],[109.586918,-7.393572],[109.585789,-7.393647],[109.585593,-7.393699],[109.584226,-7.394245],[109.583981,-7.394266],[109.58251,-7.394347],[109.580807,-7.394393],[109.58042,-7.394425],[109.579213,-7.394542],[109.5781,-7.394716],[109.576776,-7.394862],[109.57611,-7.394872],[109.575483,-7.394975],[109.575257,-7.395009],[109.574552,-7.395101],[109.574163,-7.395139],[109.573456,-7.395204],[109.573284,-7.39523],[109.573079,-7.395258],[109.572676,-7.395285],[109.571388,-7.39533],[109.570875,-7.395313],[109.570391,-7.395384],[109.570245,-7.395393],[109.570033,-7.395368],[109.569561,-7.395444],[109.569485,-7.395612],[109.569388,-7.395799],[109.56918,-7.396211],[109.569097,-7.396352],[109.569011,-7.396487],[109.56877,-7.396817],[109.568661,-7.396978],[109.568433,-7.397339],[109.568348,-7.397507],[109.568177,-7.39791],[109.567923,-7.398441],[109.567886,-7.3986],[109.567772,-7.398809],[109.567721,-7.399133],[109.56764,-7.399646],[109.567613,-7.400393],[109.567611,-7.400583],[109.567607,-7.401015],[109.567615,-7.401467],[109.567485,-7.401641],[109.567454,-7.401789],[109.567247,-7.402206],[109.567163,-7.402376],[109.567057,-7.402698],[109.566944,-7.402917],[109.56702,-7.403027],[109.566988,-7.40317],[109.566941,-7.403319],[109.566885,-7.403477],[109.566682,-7.403773],[109.566624,-7.404077],[109.566506,-7.404337],[109.566383,-7.404476],[109.565911,-7.405371],[109.565686,-7.405642],[109.565641,-7.4058],[109.565596,-7.406207],[109.565551,-7.40637],[109.565539,-7.406535],[109.565511,-7.406684],[109.565454,-7.406811],[109.565362,-7.406966],[109.565354,-7.40731],[109.565345,-7.407564],[109.565336,-7.407934],[109.565336,-7.408078],[109.565349,-7.40833],[109.565394,-7.408542],[109.565395,-7.408889],[109.565631,-7.409335],[109.565645,-7.409533],[109.56565,-7.409804],[109.565645,-7.409952],[109.565563,-7.41044],[109.56557,-7.411165],[109.565523,-7.411366],[109.565453,-7.411554],[109.565336,-7.411842],[109.565254,-7.41202],[109.565167,-7.412213],[109.565094,-7.412379],[109.565024,-7.412543],[109.564899,-7.412701],[109.564538,-7.413093]]}},{"type":"Feature","properties":{"id":634,"nomor_ruas":"III.28","nama_ruas":"PUNGGELAN-JEMBANGAN","titik_awal":"III.16","titik_akhir":"K. GINTUNG","panjang_km":8.831,"lebar_m":3},"geometry":{"type":"LineString","coordinates":[[109.581319,-7.353355],[109.581258,-7.353114],[109.581231,-7.352875],[109.58121,-7.352523],[109.581204,-7.352194],[109.58127,-7.351959],[109.581262,-7.351721],[109.581275,-7.351471],[109.581195,-7.351197],[109.580509,-7.350962],[109.580214,-7.350873],[109.579962,-7.350745],[109.579096,-7.350609],[109.578695,-7.350522],[109.578578,-7.350363],[109.578502,-7.350212],[109.57839,-7.350043],[109.57826,-7.349729],[109.578196,-7.349567],[109.578123,-7.34932],[109.578128,-7.349233],[109.578137,-7.349058],[109.578141,-7.34889],[109.578267,-7.348411],[109.578275,-7.348235],[109.578489,-7.348031],[109.578712,-7.347879],[109.578927,-7.347684],[109.579015,-7.347466],[109.579096,-7.346589],[109.579163,-7.346362],[109.579332,-7.346235],[109.579731,-7.346086],[109.579903,-7.345993],[109.58008,-7.345768],[109.579994,-7.345288],[109.579985,-7.345141],[109.579952,-7.344831],[109.579886,-7.344714],[109.579765,-7.344595],[109.579528,-7.34427],[109.57949,-7.344173],[109.579438,-7.343928],[109.579446,-7.34379],[109.579475,-7.343656],[109.579566,-7.343326],[109.579584,-7.343128],[109.579547,-7.343069],[109.579301,-7.342808],[109.579251,-7.342631],[109.579178,-7.342347],[109.579163,-7.341985],[109.579207,-7.341453],[109.579379,-7.340848],[109.579518,-7.340505],[109.579642,-7.340241],[109.579761,-7.340046],[109.579976,-7.340004],[109.580099,-7.33984],[109.580292,-7.339544],[109.580316,-7.339363],[109.580185,-7.338988],[109.579974,-7.338637],[109.57978,-7.338323],[109.579679,-7.33823],[109.579508,-7.338106],[109.579373,-7.338013],[109.578598,-7.337501],[109.578531,-7.337358],[109.578487,-7.337178],[109.578436,-7.337049],[109.578388,-7.336863],[109.578322,-7.336529],[109.578384,-7.336332],[109.578526,-7.336258],[109.57872,-7.336214],[109.579086,-7.336099],[109.579422,-7.33592],[109.580091,-7.335385],[109.580129,-7.33509],[109.580106,-7.334869],[109.579973,-7.33457],[109.57984,-7.334389],[109.579715,-7.33428],[109.579469,-7.333964],[109.579297,-7.333635],[109.579235,-7.333062],[109.579162,-7.332883],[109.579092,-7.332722],[109.578994,-7.332535],[109.578863,-7.33231],[109.578817,-7.331984],[109.579117,-7.331852],[109.5793,-7.331735],[109.579431,-7.33168],[109.57958,-7.3317],[109.579728,-7.331645],[109.579666,-7.331363],[109.579448,-7.331103],[109.579234,-7.330739],[109.579199,-7.330618],[109.579187,-7.330473],[109.579416,-7.330375],[109.579722,-7.330183],[109.580004,-7.329976],[109.580185,-7.32972],[109.580323,-7.329535],[109.580395,-7.329367],[109.580605,-7.328875],[109.580577,-7.328662],[109.580663,-7.327462],[109.580647,-7.326995],[109.580535,-7.326796],[109.580577,-7.326652],[109.580581,-7.326516],[109.580505,-7.326274],[109.58054,-7.326189],[109.58061,-7.326066],[109.580877,-7.325642],[109.580839,-7.325511],[109.58066,-7.325249],[109.580529,-7.324937],[109.580578,-7.324766],[109.580692,-7.324583],[109.580848,-7.324476],[109.58103,-7.32438],[109.581298,-7.324071],[109.581341,-7.323935],[109.581411,-7.323746],[109.581519,-7.323676],[109.581688,-7.323538],[109.581718,-7.323358],[109.581609,-7.323227],[109.581583,-7.323006],[109.581597,-7.322522],[109.581484,-7.322336],[109.581265,-7.322166],[109.580989,-7.322195],[109.580846,-7.322087],[109.580701,-7.32187],[109.580419,-7.32175],[109.580229,-7.321459],[109.579682,-7.321162],[109.579596,-7.321035],[109.579517,-7.320857],[109.579523,-7.320386],[109.579205,-7.320429],[109.579017,-7.320503],[109.578782,-7.320724],[109.578503,-7.321086],[109.578272,-7.321175],[109.578134,-7.321103],[109.57787,-7.321046],[109.577678,-7.320968],[109.577484,-7.320752],[109.577323,-7.320377],[109.577255,-7.320238],[109.577112,-7.320049],[109.577053,-7.319789],[109.577073,-7.319502],[109.577035,-7.319197],[109.577265,-7.31876],[109.577279,-7.31859],[109.577339,-7.318458],[109.577367,-7.318187],[109.577125,-7.318021],[109.576919,-7.31799],[109.576771,-7.318106],[109.576613,-7.318331],[109.576394,-7.318425],[109.57612,-7.318492],[109.575976,-7.318434],[109.575792,-7.318245],[109.575577,-7.318196],[109.575294,-7.318241],[109.575007,-7.318187],[109.574769,-7.318079],[109.57458,-7.317877],[109.574405,-7.317783],[109.574127,-7.317487],[109.573809,-7.317114],[109.573678,-7.316778],[109.573391,-7.316123],[109.573292,-7.315809],[109.573198,-7.315642],[109.573095,-7.315512],[109.572826,-7.315279],[109.572494,-7.315104],[109.572004,-7.314902],[109.57147,-7.31457],[109.571268,-7.314399],[109.571091,-7.314137],[109.570974,-7.313995],[109.570777,-7.313767],[109.57076,-7.31366],[109.570732,-7.313333],[109.570623,-7.313191],[109.57051,-7.313156],[109.57033,-7.313075],[109.570223,-7.313003],[109.570052,-7.312847],[109.569787,-7.31268],[109.569384,-7.312479],[109.569364,-7.312314],[109.569212,-7.312158],[109.569084,-7.311964],[109.569075,-7.311784],[109.569113,-7.311628],[109.569189,-7.311367],[109.569244,-7.31124],[109.569437,-7.310957],[109.569693,-7.31067],[109.569844,-7.310553],[109.57003,-7.310199],[109.570067,-7.310027],[109.570182,-7.309875],[109.570618,-7.309893],[109.570743,-7.309822],[109.57095,-7.309615],[109.571322,-7.309457],[109.571355,-7.309272],[109.571324,-7.309012],[109.571218,-7.308765],[109.571358,-7.308754],[109.571941,-7.308723],[109.572113,-7.308677],[109.572301,-7.308572],[109.572408,-7.308471],[109.573205,-7.308126],[109.573345,-7.308138],[109.573455,-7.308237],[109.573526,-7.308359],[109.573673,-7.308438],[109.573811,-7.308382],[109.57392,-7.308301],[109.573993,-7.308053],[109.573993,-7.307865],[109.573971,-7.30767],[109.574022,-7.307512],[109.574145,-7.307351],[109.574228,-7.307235],[109.574007,-7.307275],[109.573804,-7.307078],[109.57371,-7.30681],[109.57358,-7.30668],[109.573436,-7.306604],[109.573309,-7.306401],[109.573226,-7.306122],[109.57305,-7.305886],[109.572875,-7.305513],[109.572727,-7.305383],[109.572611,-7.305226],[109.572445,-7.304965],[109.571972,-7.304626],[109.572235,-7.30413],[109.572355,-7.303787],[109.57201,-7.303104],[109.571753,-7.302848],[109.571358,-7.302762],[109.570995,-7.302812],[109.570639,-7.302779],[109.570412,-7.302713],[109.569786,-7.302684],[109.569675,-7.302776],[109.569584,-7.302994],[109.569619,-7.303413],[109.569729,-7.303821],[109.569545,-7.304203],[109.569469,-7.304342],[109.569346,-7.304661],[109.569326,-7.305011],[109.569186,-7.305124],[109.569023,-7.305135],[109.568885,-7.305115],[109.568634,-7.305057],[109.568456,-7.305022],[109.56829,-7.305002],[109.568129,-7.305005],[109.567858,-7.305104],[109.567757,-7.305113],[109.567673,-7.305108]]}},{"type":"Feature","properties":{"id":635,"nomor_ruas":"III.29","nama_ruas":"PUNGGELAN-SIKOKOL","titik_awal":"III.16","titik_akhir":"IV.23","panjang_km":9.763,"lebar_m":3},"geometry":{"type":"LineString","coordinates":[[109.600193,-7.350021],[109.600195,-7.349874],[109.600185,-7.349345],[109.600379,-7.348764],[109.6005,-7.348647],[109.600611,-7.348653],[109.600803,-7.348757],[109.601083,-7.348921],[109.601242,-7.34896],[109.601436,-7.348975],[109.601628,-7.348931],[109.601819,-7.348849],[109.601975,-7.348737],[109.602082,-7.348636],[109.602174,-7.348518],[109.602311,-7.348311],[109.602556,-7.347954],[109.602791,-7.347617],[109.602989,-7.347262],[109.603161,-7.347161],[109.60338,-7.347124],[109.603696,-7.347133],[109.603922,-7.347148],[109.604071,-7.347087],[109.604419,-7.346815],[109.604487,-7.346622],[109.604435,-7.346453],[109.6043,-7.346283],[109.604278,-7.346125],[109.604191,-7.345465],[109.604133,-7.345332],[109.604016,-7.345117],[109.603932,-7.344983],[109.603736,-7.344799],[109.603743,-7.344669],[109.603695,-7.343619],[109.603598,-7.343547],[109.603544,-7.343383],[109.603825,-7.343233],[109.603903,-7.343115],[109.603989,-7.343081],[109.604292,-7.343138],[109.60457,-7.34314],[109.604831,-7.343145],[109.605017,-7.343179],[109.605135,-7.343248],[109.605334,-7.343528],[109.605426,-7.34358],[109.605565,-7.343635],[109.605733,-7.34355],[109.605929,-7.343449],[109.606177,-7.343348],[109.606379,-7.34329],[109.606489,-7.343264],[109.606754,-7.343225],[109.606955,-7.343203],[109.607319,-7.343155],[109.607565,-7.343135],[109.607742,-7.343149],[109.607928,-7.343043],[109.608197,-7.342985],[109.6084,-7.342998],[109.608488,-7.343128],[109.608425,-7.343354],[109.608474,-7.343513],[109.608698,-7.343586],[109.608907,-7.34365],[109.609055,-7.343727],[109.609236,-7.343741],[109.609375,-7.343633],[109.609507,-7.343641],[109.609708,-7.343695],[109.609869,-7.343727],[109.610046,-7.343733],[109.610192,-7.343742],[109.610372,-7.343752],[109.610484,-7.343871],[109.610719,-7.344002],[109.610926,-7.343887],[109.611042,-7.343856],[109.611086,-7.343852],[109.611478,-7.344137],[109.611709,-7.34433],[109.611877,-7.344414],[109.61211,-7.344524],[109.61243,-7.344647],[109.612672,-7.344679],[109.612857,-7.344623],[109.612967,-7.344559],[109.613103,-7.344519],[109.613216,-7.344539],[109.613335,-7.344618],[109.613543,-7.344814],[109.613668,-7.344932],[109.6138,-7.34497],[109.613949,-7.344945],[109.614099,-7.344938],[109.614248,-7.34494],[109.614404,-7.344899],[109.614515,-7.344893],[109.614702,-7.344913],[109.614887,-7.344946],[109.615049,-7.345026],[109.615165,-7.345107],[109.615348,-7.345234],[109.615478,-7.345279],[109.615638,-7.345088],[109.615935,-7.344896],[109.616072,-7.344705],[109.616158,-7.344557],[109.616378,-7.344454],[109.616561,-7.3445],[109.616737,-7.344507],[109.616922,-7.344482],[109.617089,-7.34448],[109.617294,-7.34447],[109.617445,-7.344451],[109.617619,-7.344327],[109.617742,-7.3442],[109.617885,-7.34419],[109.618087,-7.344165],[109.618259,-7.344102],[109.618488,-7.344075],[109.618652,-7.344126],[109.618764,-7.344261],[109.618919,-7.344462],[109.619069,-7.344608],[109.619265,-7.344671],[109.619412,-7.344669],[109.619711,-7.344596],[109.619867,-7.344543],[109.620026,-7.344572],[109.620183,-7.344571],[109.620358,-7.344501],[109.620536,-7.344428],[109.62074,-7.344359],[109.62096,-7.344264],[109.621189,-7.344074],[109.621313,-7.343929],[109.621542,-7.343901],[109.621703,-7.343892],[109.621893,-7.343821],[109.622027,-7.343737],[109.622224,-7.343674],[109.622383,-7.343704],[109.622556,-7.343748],[109.622732,-7.343807],[109.622878,-7.34391],[109.623053,-7.344024],[109.623209,-7.344102],[109.623414,-7.344208],[109.623568,-7.344198],[109.623746,-7.344136],[109.624028,-7.344216],[109.624205,-7.344367],[109.624443,-7.344453],[109.624583,-7.344518],[109.624772,-7.344681],[109.624844,-7.344734],[109.625069,-7.34468],[109.625186,-7.344688],[109.625336,-7.344728],[109.62546,-7.344742],[109.625662,-7.344641],[109.625882,-7.344539],[109.62601,-7.34445],[109.626146,-7.344257],[109.62635,-7.34419],[109.626583,-7.34418],[109.626748,-7.344202],[109.626932,-7.344202],[109.627071,-7.344246],[109.627246,-7.344291],[109.627409,-7.344257],[109.627541,-7.34414],[109.627555,-7.343979],[109.627543,-7.343708],[109.627448,-7.343376],[109.627498,-7.343174],[109.627646,-7.34307],[109.627747,-7.342967],[109.627855,-7.342821],[109.627928,-7.342681],[109.628119,-7.342385],[109.628245,-7.342323],[109.628385,-7.342247],[109.628573,-7.342283],[109.628758,-7.342397],[109.628876,-7.342496],[109.629086,-7.342788],[109.629253,-7.342834],[109.629493,-7.342799],[109.629799,-7.342595],[109.629965,-7.342637],[109.630216,-7.342711],[109.630382,-7.342728],[109.630537,-7.34271],[109.630802,-7.342612],[109.630938,-7.342468],[109.630984,-7.342346],[109.631022,-7.342127],[109.631035,-7.34181],[109.630867,-7.341676],[109.630511,-7.341234],[109.630373,-7.340974],[109.630118,-7.340689],[109.63018,-7.340536],[109.630055,-7.340245],[109.629965,-7.340079],[109.629723,-7.339783],[109.629551,-7.339557],[109.629425,-7.339309],[109.629517,-7.339181],[109.629532,-7.338959],[109.629556,-7.338476],[109.629595,-7.338298],[109.629669,-7.33814],[109.629831,-7.337883],[109.629934,-7.337687],[109.629959,-7.337548],[109.629952,-7.337379],[109.630187,-7.337131],[109.630354,-7.336994],[109.630513,-7.336911],[109.630657,-7.336883],[109.630928,-7.336984],[109.631063,-7.33698],[109.631137,-7.336919],[109.631237,-7.336803],[109.631581,-7.33648],[109.631743,-7.336506],[109.631901,-7.336527],[109.632001,-7.336382],[109.63208,-7.336206],[109.632153,-7.336036],[109.632157,-7.335432],[109.632231,-7.335322],[109.632382,-7.335193],[109.63255,-7.335104],[109.632622,-7.335084],[109.633071,-7.334954],[109.633188,-7.334788],[109.633372,-7.334451],[109.633668,-7.334115],[109.633946,-7.333993],[109.634036,-7.333845],[109.634094,-7.333666],[109.634022,-7.33354],[109.633954,-7.333302],[109.633994,-7.333157],[109.63404,-7.333073],[109.634199,-7.332907],[109.634322,-7.332789],[109.634441,-7.332682],[109.63461,-7.332278],[109.634583,-7.332086],[109.634489,-7.33196],[109.634013,-7.331561],[109.633915,-7.331319],[109.633928,-7.330959],[109.633807,-7.330434],[109.633811,-7.330282],[109.633928,-7.329784],[109.634099,-7.329541],[109.634363,-7.329345],[109.634547,-7.329169],[109.634821,-7.328747],[109.635041,-7.328339],[109.635107,-7.328205],[109.635112,-7.328009],[109.635024,-7.327881],[109.635159,-7.327786],[109.635367,-7.327669],[109.635756,-7.327515],[109.635911,-7.327544],[109.636136,-7.327673],[109.63641,-7.327614],[109.636627,-7.327374],[109.63673,-7.327235],[109.636802,-7.327095],[109.636894,-7.326853],[109.636976,-7.326741],[109.637096,-7.326653],[109.637496,-7.326485],[109.637797,-7.326297],[109.637954,-7.326153],[109.638097,-7.325951],[109.638169,-7.325801],[109.638287,-7.325576],[109.638466,-7.325374],[109.638469,-7.325082],[109.638582,-7.325],[109.638787,-7.324985],[109.638986,-7.324976],[109.639152,-7.324915],[109.639287,-7.324838],[109.639583,-7.324551],[109.639942,-7.324035],[109.640139,-7.323785],[109.640262,-7.323666],[109.640421,-7.323441],[109.640535,-7.323138],[109.640566,-7.322897],[109.640743,-7.322723],[109.640853,-7.322615],[109.640807,-7.322465],[109.640883,-7.322314],[109.640951,-7.322195],[109.641103,-7.321926],[109.641455,-7.321349],[109.641234,-7.321082],[109.64128,-7.320963],[109.641327,-7.320926],[109.641634,-7.320661],[109.641787,-7.320646],[109.641984,-7.320602],[109.642053,-7.320481],[109.642003,-7.320354],[109.641906,-7.320111],[109.641913,-7.319948],[109.642046,-7.319875],[109.642236,-7.319868],[109.642372,-7.319813],[109.64247,-7.319712],[109.642631,-7.319308],[109.642586,-7.319155],[109.642415,-7.31907],[109.64222,-7.318959],[109.642182,-7.318777],[109.642254,-7.318631],[109.642445,-7.318419],[109.642872,-7.318313],[109.643003,-7.318116],[109.643047,-7.317816],[109.643175,-7.317585],[109.643084,-7.317398],[109.643225,-7.317203],[109.643312,-7.317056],[109.643474,-7.316962],[109.643547,-7.316822],[109.64372,-7.316549],[109.643871,-7.316338],[109.643829,-7.316101],[109.643851,-7.315807],[109.643698,-7.315369],[109.643846,-7.315161],[109.643904,-7.314767],[109.644082,-7.314497],[109.644028,-7.314301],[109.64386,-7.314104],[109.64368,-7.313919],[109.643484,-7.313733],[109.643368,-7.313534],[109.643474,-7.313398],[109.643685,-7.313318],[109.643832,-7.313146],[109.644125,-7.3127],[109.644206,-7.312493],[109.64434,-7.312003],[109.644424,-7.311926],[109.644625,-7.311628],[109.644763,-7.31158],[109.645072,-7.311451],[109.645274,-7.311332],[109.645659,-7.310993],[109.645736,-7.31089],[109.645854,-7.31073],[109.646067,-7.310765],[109.646275,-7.310826],[109.646483,-7.310711],[109.647207,-7.310527],[109.647472,-7.310518],[109.64807,-7.310492],[109.648236,-7.31036],[109.648259,-7.310319]]}},{"type":"Feature","properties":{"id":636,"nomor_ruas":"III.3","nama_ruas":"KESENET-SIGEBLOG","titik_awal":"JL PROP KM 5 HM 9 BNA","titik_akhir":"III.1","panjang_km":5.336,"lebar_m":3},"geometry":{"type":"LineString","coordinates":[[109.690086,-7.355255],[109.689808,-7.355588],[109.689674,-7.355648],[109.689567,-7.355664],[109.689328,-7.355611],[109.688998,-7.355567],[109.688413,-7.35538],[109.68823,-7.355384],[109.687971,-7.355489],[109.687782,-7.355481],[109.687413,-7.355318],[109.687082,-7.355245],[109.686809,-7.355124],[109.68607,-7.354791],[109.685919,-7.354791],[109.685841,-7.354826],[109.685365,-7.355074],[109.685048,-7.355225],[109.684776,-7.355247],[109.684543,-7.355273],[109.684258,-7.355303],[109.683735,-7.355334],[109.683569,-7.355327],[109.683394,-7.355288],[109.683101,-7.355157],[109.682635,-7.354899],[109.682456,-7.354888],[109.682297,-7.354972],[109.682095,-7.355017],[109.681917,-7.355013],[109.681791,-7.35495],[109.68162,-7.354858],[109.681465,-7.354925],[109.681311,-7.354978],[109.6811,-7.354995],[109.680982,-7.355095],[109.681014,-7.355281],[109.680835,-7.35556],[109.680754,-7.355632],[109.680383,-7.355778],[109.680262,-7.35591],[109.680128,-7.356029],[109.679987,-7.356131],[109.679818,-7.356129],[109.679692,-7.356059],[109.6795,-7.356009],[109.679366,-7.356099],[109.679229,-7.356247],[109.679108,-7.356424],[109.678979,-7.3565],[109.678861,-7.356513],[109.678669,-7.356504],[109.678578,-7.356484],[109.678322,-7.356414],[109.678477,-7.356024],[109.678488,-7.355813],[109.678426,-7.355625],[109.678293,-7.355248],[109.678215,-7.355084],[109.678044,-7.355022],[109.678027,-7.354885],[109.677576,-7.354598],[109.677487,-7.354578],[109.677264,-7.35455],[109.677145,-7.354578],[109.676923,-7.354645],[109.676813,-7.354665],[109.676514,-7.354555],[109.67628,-7.354409],[109.676157,-7.354287],[109.675937,-7.354062],[109.675816,-7.353906],[109.675817,-7.353522],[109.675697,-7.353269],[109.675571,-7.353255],[109.675368,-7.353312],[109.675124,-7.353402],[109.674799,-7.353465],[109.674197,-7.353512],[109.674021,-7.353498],[109.673931,-7.353477],[109.673646,-7.35339],[109.673498,-7.353405],[109.673426,-7.353435],[109.672862,-7.353719],[109.672697,-7.3537],[109.672638,-7.353662],[109.672439,-7.353475],[109.672284,-7.353321],[109.672172,-7.353227],[109.671725,-7.353105],[109.671459,-7.352991],[109.671316,-7.352887],[109.671266,-7.352837],[109.671078,-7.35259],[109.670915,-7.352487],[109.670817,-7.352451],[109.670642,-7.352231],[109.670665,-7.35211],[109.670679,-7.352038],[109.670746,-7.351646],[109.670715,-7.351496],[109.670585,-7.351374],[109.670298,-7.351296],[109.670058,-7.35126],[109.670007,-7.351183],[109.669883,-7.350859],[109.669717,-7.35056],[109.669691,-7.350484],[109.669674,-7.350135],[109.669626,-7.349968],[109.6695,-7.349717],[109.669071,-7.349339],[109.669045,-7.349173],[109.669066,-7.349096],[109.669234,-7.348705],[109.669185,-7.34851],[109.669074,-7.348305],[109.668363,-7.347931],[109.668343,-7.347901],[109.668321,-7.347087],[109.668274,-7.346579],[109.668554,-7.346143],[109.668505,-7.345591],[109.668264,-7.345249],[109.668262,-7.344909],[109.668122,-7.344335],[109.668156,-7.344078],[109.668157,-7.343952],[109.668085,-7.343754],[109.66789,-7.343241],[109.66783,-7.343189],[109.667594,-7.34292],[109.667628,-7.342592],[109.667619,-7.342395],[109.667635,-7.342186],[109.667502,-7.341964],[109.667484,-7.341587],[109.667488,-7.341234],[109.667482,-7.341037],[109.66728,-7.340653],[109.666972,-7.340281],[109.666703,-7.339908],[109.666376,-7.339401],[109.666326,-7.339285],[109.666272,-7.338791],[109.666209,-7.338216],[109.666155,-7.338084],[109.666168,-7.337761],[109.665961,-7.336959],[109.665955,-7.336725],[109.665878,-7.336468],[109.665774,-7.336228],[109.665581,-7.33564],[109.665582,-7.335313],[109.66555,-7.335106],[109.665644,-7.334774],[109.665707,-7.334469],[109.665879,-7.334207],[109.666161,-7.333915],[109.666335,-7.333549],[109.666384,-7.333126],[109.666349,-7.332598],[109.666492,-7.332198],[109.666726,-7.331826],[109.667107,-7.33161],[109.667457,-7.331453],[109.667752,-7.33131],[109.667888,-7.331265]]}},{"type":"Feature","properties":{"id":637,"nomor_ruas":"III.30","nama_ruas":"BONDOLHARJO-TANJUNGTIRTA","titik_awal":"III.16","titik_akhir":"III.31/III.32","panjang_km":5.202,"lebar_m":3},"geometry":{"type":"LineString","coordinates":[[109.635078,-7.327864],[109.63512,-7.328121],[109.635107,-7.328205],[109.635041,-7.328339],[109.634799,-7.328814],[109.634547,-7.329169],[109.634363,-7.329345],[109.634099,-7.329541],[109.633888,-7.3299],[109.633811,-7.330282],[109.633807,-7.330434],[109.633928,-7.330959],[109.633937,-7.331417],[109.634013,-7.331561],[109.634489,-7.33196],[109.63462,-7.332206],[109.63461,-7.332278],[109.634441,-7.332682],[109.634322,-7.332789],[109.634199,-7.332907],[109.63404,-7.333073],[109.633969,-7.333239],[109.63396,-7.333383],[109.634022,-7.33354],[109.634094,-7.333697],[109.634036,-7.333845],[109.633861,-7.334052],[109.633565,-7.334186],[109.633339,-7.33453],[109.633188,-7.334788],[109.632972,-7.335003],[109.632622,-7.335084],[109.63246,-7.335146],[109.632303,-7.335252],[109.632183,-7.335381],[109.632128,-7.335528],[109.632116,-7.336145],[109.632024,-7.336311],[109.631939,-7.336498],[109.631806,-7.33653],[109.631671,-7.336484],[109.631505,-7.336507],[109.631237,-7.336803],[109.631137,-7.336919],[109.631003,-7.336988],[109.630811,-7.336932],[109.630657,-7.336883],[109.630445,-7.336937],[109.630275,-7.337053],[109.630121,-7.337195],[109.629959,-7.337486],[109.629951,-7.337634],[109.62988,-7.337804],[109.629764,-7.337989],[109.629637,-7.338203],[109.629574,-7.338382],[109.629544,-7.33858],[109.629532,-7.338959],[109.629423,-7.339218],[109.629425,-7.339309],[109.629629,-7.339639],[109.629723,-7.339783],[109.629965,-7.340079],[109.630055,-7.340245],[109.63018,-7.340536],[109.630241,-7.34068],[109.630388,-7.341022],[109.630574,-7.341241],[109.630935,-7.341758],[109.631274,-7.341948],[109.631509,-7.34198],[109.631676,-7.34198],[109.631758,-7.342087],[109.63175,-7.342321],[109.631789,-7.342494],[109.631905,-7.342595],[109.632096,-7.342747],[109.632316,-7.342877],[109.632462,-7.342923],[109.632611,-7.343044],[109.6327,-7.34321],[109.632766,-7.343464],[109.632874,-7.343682],[109.633008,-7.34385],[109.633111,-7.343977],[109.633189,-7.344101],[109.633252,-7.344266],[109.633356,-7.344613],[109.633405,-7.344941],[109.633479,-7.345073],[109.633529,-7.345285],[109.63353,-7.345508],[109.633494,-7.345742],[109.633436,-7.345953],[109.633421,-7.346138],[109.633445,-7.346272],[109.633468,-7.346446],[109.633461,-7.346678],[109.633496,-7.346821],[109.633498,-7.347046],[109.633479,-7.347215],[109.633356,-7.347433],[109.633272,-7.347547],[109.633162,-7.347756],[109.633003,-7.348024],[109.632877,-7.348178],[109.632621,-7.348464],[109.632214,-7.348759],[109.632056,-7.348844],[109.631801,-7.348961],[109.631643,-7.349006],[109.631166,-7.349038],[109.630715,-7.349044],[109.630401,-7.349121],[109.630244,-7.349304],[109.630174,-7.349382],[109.63026,-7.349489],[109.630445,-7.349462],[109.630597,-7.349457],[109.63077,-7.34946],[109.631006,-7.349639],[109.631184,-7.349666],[109.631186,-7.34985],[109.631167,-7.350023],[109.631155,-7.350253],[109.631156,-7.3504],[109.631175,-7.350641],[109.631166,-7.350845],[109.63114,-7.351018],[109.631135,-7.351216],[109.631163,-7.351443],[109.631158,-7.351632],[109.631128,-7.351784],[109.631096,-7.351917],[109.631032,-7.35216],[109.630962,-7.352345],[109.630908,-7.352482],[109.630877,-7.352632],[109.630905,-7.352767],[109.631082,-7.353116],[109.631311,-7.353354],[109.631297,-7.353524],[109.631272,-7.353886],[109.631297,-7.354131],[109.631307,-7.354273],[109.631284,-7.354409],[109.631209,-7.354638],[109.631155,-7.354971],[109.631152,-7.355162],[109.631194,-7.355527],[109.631292,-7.355606],[109.631474,-7.355791],[109.631525,-7.355923],[109.631585,-7.356151],[109.631463,-7.356352],[109.631313,-7.356655],[109.631234,-7.356774],[109.63117,-7.356909],[109.631131,-7.357104],[109.631115,-7.357503],[109.631081,-7.357602],[109.631046,-7.357694],[109.630999,-7.357933],[109.630964,-7.358098],[109.63095,-7.358315],[109.630973,-7.358464],[109.630899,-7.359001],[109.630828,-7.359204],[109.630672,-7.359612],[109.630644,-7.359678],[109.630528,-7.359923],[109.630232,-7.360229],[109.630255,-7.360374],[109.630153,-7.360535],[109.630039,-7.360626],[109.6299,-7.360687],[109.629756,-7.360752],[109.629552,-7.360868],[109.62943,-7.360956],[109.629151,-7.361174],[109.628963,-7.361355],[109.62871,-7.361729],[109.628599,-7.361826],[109.628363,-7.361908],[109.627979,-7.362031],[109.627652,-7.362102],[109.627368,-7.36214],[109.626929,-7.362198],[109.626659,-7.362239],[109.626389,-7.362319],[109.625989,-7.362455],[109.625495,-7.36261]]}},{"type":"Feature","properties":{"id":638,"nomor_ruas":"III.32","nama_ruas":"TANJUNGTIRTA-TLAGAMAYA","titik_awal":"III.30/III.31","titik_akhir":"III.5/IV.23","panjang_km":3.353,"lebar_m":3},"geometry":{"type":"LineString","coordinates":[[109.635024,-7.327881],[109.635159,-7.327786],[109.635367,-7.327669],[109.635756,-7.327515],[109.635911,-7.327544],[109.636136,-7.327673],[109.63641,-7.327614],[109.636627,-7.327374],[109.63673,-7.327235],[109.636802,-7.327095],[109.636894,-7.326853],[109.636976,-7.326741],[109.637096,-7.326653],[109.637496,-7.326485],[109.637797,-7.326297],[109.637954,-7.326153],[109.638097,-7.325951],[109.638169,-7.325801],[109.638287,-7.325576],[109.638466,-7.325374],[109.638469,-7.325082],[109.638582,-7.325],[109.638787,-7.324985],[109.638986,-7.324976],[109.639152,-7.324915],[109.639287,-7.324838],[109.639583,-7.324551],[109.639942,-7.324035],[109.640139,-7.323785],[109.640262,-7.323666],[109.640421,-7.323441],[109.640535,-7.323138],[109.640566,-7.322897],[109.640743,-7.322723],[109.640853,-7.322615],[109.640807,-7.322465],[109.640883,-7.322314],[109.640951,-7.322195],[109.641103,-7.321926],[109.641455,-7.321349],[109.641234,-7.321082],[109.64128,-7.320963],[109.641327,-7.320926],[109.641634,-7.320661],[109.641787,-7.320646],[109.641984,-7.320602],[109.642053,-7.320481],[109.642003,-7.320354],[109.641906,-7.320111],[109.641913,-7.319948],[109.642046,-7.319875],[109.642236,-7.319868],[109.642372,-7.319813],[109.64247,-7.319712],[109.642631,-7.319308],[109.642586,-7.319155],[109.642415,-7.31907],[109.64222,-7.318959],[109.642182,-7.318777],[109.642254,-7.318631],[109.642445,-7.318419],[109.642872,-7.318313],[109.643003,-7.318116],[109.643047,-7.317816],[109.643175,-7.317585],[109.643084,-7.317398],[109.643225,-7.317203],[109.643312,-7.317056],[109.643474,-7.316962],[109.643547,-7.316822],[109.64372,-7.316549],[109.643871,-7.316338],[109.643829,-7.316101],[109.643851,-7.315807],[109.643698,-7.315369],[109.643846,-7.315161],[109.643904,-7.314767],[109.644082,-7.314497],[109.644028,-7.314301],[109.64386,-7.314104],[109.64368,-7.313919],[109.643484,-7.313733],[109.643368,-7.313534],[109.643474,-7.313398],[109.643685,-7.313318],[109.643832,-7.313146],[109.644125,-7.3127],[109.644206,-7.312493],[109.64434,-7.312003],[109.644424,-7.311926],[109.644625,-7.311628],[109.644763,-7.31158],[109.645072,-7.311451],[109.645274,-7.311332],[109.645659,-7.310993],[109.645736,-7.31089],[109.64575,-7.310702],[109.645025,-7.310499],[109.644245,-7.310246],[109.644178,-7.31016],[109.644034,-7.309886],[109.643779,-7.309435],[109.643681,-7.309105],[109.64357,-7.308698],[109.643427,-7.30824],[109.64337,-7.308114],[109.643316,-7.307982],[109.643257,-7.307823],[109.643069,-7.306974],[109.643054,-7.306859],[109.642984,-7.30648],[109.642926,-7.306264],[109.642846,-7.306045]]}},{"type":"Feature","properties":{"id":639,"nomor_ruas":"III.34","nama_ruas":"BADAKARYA-TRIBUANA","titik_awal":"III.16","titik_akhir":"III.35/III.42","panjang_km":5.927,"lebar_m":3.85},"geometry":{"type":"LineString","coordinates":[[109.606483,-7.366329],[109.606275,-7.366542],[109.606159,-7.36665],[109.605961,-7.366829],[109.605821,-7.366914],[109.605583,-7.366983],[109.605278,-7.367036],[109.605131,-7.367103],[109.605008,-7.36717],[109.60486,-7.367249],[109.6046,-7.367386],[109.604383,-7.367504],[109.604135,-7.367662],[109.603766,-7.367849],[109.603658,-7.367933],[109.603458,-7.368111],[109.603077,-7.368386],[109.602737,-7.368438],[109.602672,-7.368445],[109.60232,-7.368467],[109.602143,-7.368514],[109.602056,-7.368576],[109.601739,-7.368664],[109.601474,-7.368802],[109.601235,-7.368787],[109.60096,-7.36883],[109.600911,-7.368859],[109.600696,-7.368797],[109.600533,-7.368758],[109.600292,-7.368712],[109.599944,-7.368623],[109.599742,-7.369076],[109.599705,-7.369204],[109.599419,-7.369443],[109.599214,-7.369606],[109.59915,-7.369642],[109.599015,-7.369723],[109.598596,-7.370121],[109.598485,-7.370206],[109.598019,-7.370389],[109.597362,-7.370615],[109.597124,-7.370656],[109.596959,-7.370679],[109.596455,-7.37073],[109.595767,-7.370691],[109.595631,-7.37069],[109.594984,-7.370925],[109.594937,-7.371055],[109.594845,-7.371226],[109.594869,-7.371403],[109.594838,-7.371554],[109.594745,-7.371713],[109.594572,-7.371844],[109.594433,-7.371983],[109.594261,-7.372221],[109.594088,-7.37236],[109.593899,-7.372497],[109.593718,-7.372627],[109.593561,-7.372693],[109.593274,-7.372809],[109.593153,-7.372933],[109.593004,-7.373054],[109.592782,-7.373144],[109.59241,-7.373295],[109.592247,-7.373336],[109.591961,-7.373361],[109.591531,-7.37338],[109.591359,-7.373382],[109.591235,-7.373595],[109.591202,-7.37373],[109.591166,-7.374252],[109.591154,-7.374392],[109.591095,-7.37456],[109.591079,-7.374746],[109.591178,-7.374907],[109.591367,-7.375185],[109.591657,-7.375335],[109.591742,-7.375501],[109.591797,-7.375722],[109.591731,-7.375879],[109.591256,-7.376049],[109.591076,-7.376173],[109.590856,-7.376415],[109.590652,-7.376734],[109.590434,-7.376919],[109.590233,-7.376976],[109.59,-7.376999],[109.589526,-7.376985],[109.589371,-7.376989],[109.58922,-7.376992],[109.588941,-7.377011],[109.588632,-7.377059],[109.588528,-7.37715],[109.588361,-7.377196],[109.588132,-7.377305],[109.587978,-7.37737],[109.58772,-7.377454],[109.587571,-7.377498],[109.587312,-7.377505],[109.586491,-7.377369],[109.586307,-7.377341],[109.58608,-7.377307],[109.585702,-7.377259],[109.585398,-7.377224],[109.5852,-7.377219],[109.585027,-7.377214],[109.58484,-7.377251],[109.584506,-7.377364],[109.584318,-7.377439],[109.584184,-7.377482],[109.584015,-7.377549],[109.583838,-7.377731],[109.583045,-7.378352],[109.582901,-7.378503],[109.582738,-7.378647],[109.582498,-7.378717],[109.582109,-7.3787],[109.581628,-7.378664],[109.580399,-7.3786],[109.579957,-7.37848],[109.579656,-7.378361],[109.579501,-7.378473],[109.579373,-7.378619],[109.579264,-7.378907],[109.579034,-7.379259],[109.578798,-7.379952],[109.578732,-7.380132],[109.578534,-7.380181],[109.578365,-7.380234],[109.578032,-7.380315],[109.57776,-7.380434],[109.577597,-7.380563],[109.577312,-7.381012],[109.577094,-7.381416],[109.576871,-7.381748],[109.576721,-7.381934],[109.576589,-7.382077],[109.576414,-7.382241],[109.576281,-7.382353],[109.57598,-7.382597],[109.575811,-7.382733],[109.575693,-7.382824],[109.575557,-7.382938],[109.575398,-7.383071],[109.575335,-7.38322],[109.575327,-7.3834],[109.57535,-7.383677],[109.575383,-7.383955],[109.575381,-7.384154],[109.575367,-7.384381],[109.575348,-7.384578],[109.575324,-7.384738],[109.575282,-7.384994],[109.575238,-7.385242],[109.57516,-7.385606],[109.575131,-7.385751],[109.575056,-7.385946],[109.574946,-7.386103],[109.574784,-7.386174],[109.574081,-7.386118],[109.572626,-7.385995],[109.572122,-7.38593],[109.571301,-7.385957],[109.571044,-7.38597],[109.570866,-7.385973],[109.570629,-7.385967],[109.570463,-7.385949],[109.5703,-7.38593],[109.569919,-7.385867],[109.569471,-7.385783],[109.56894,-7.385658],[109.56869,-7.385524],[109.56813,-7.385265],[109.567941,-7.385231],[109.567662,-7.385221],[109.567491,-7.385279],[109.567198,-7.385382],[109.566414,-7.385481],[109.566052,-7.385476],[109.565173,-7.385455]]}},{"type":"Feature","properties":{"id":640,"nomor_ruas":"VI.16","nama_ruas":"JL JEND. A. YANI","titik_awal":"VI.2/VI.26","titik_akhir":"VI.17","panjang_km":0.447,"lebar_m":10},"geometry":{"type":"LineString","coordinates":[[109.695782,-7.396861],[109.695796,-7.396614],[109.695801,-7.396531],[109.6958,-7.395719],[109.69581,-7.395295],[109.69582,-7.394997],[109.695836,-7.394194],[109.695855,-7.393714],[109.6959,-7.392972],[109.695908,-7.392841]]}},{"type":"Feature","properties":{"id":641,"nomor_ruas":"III.4","nama_ruas":"BANJARMANGU-LINGGAMERTA","titik_awal":"III.17","titik_akhir":"III.17","panjang_km":2.647,"lebar_m":4.5},"geometry":{"type":"LineString","coordinates":[[109.685209,-7.362768],[109.685132,-7.362982],[109.684937,-7.362928],[109.684246,-7.363358],[109.683919,-7.363696],[109.683906,-7.363875],[109.68386,-7.36408],[109.683768,-7.364289],[109.683712,-7.364528],[109.683581,-7.364576],[109.683337,-7.364829],[109.683377,-7.364923],[109.683561,-7.365138],[109.683536,-7.365272],[109.683426,-7.365272],[109.683284,-7.365272],[109.683139,-7.36531],[109.682853,-7.36549],[109.682723,-7.365487],[109.68251,-7.365453],[109.682331,-7.365497],[109.68216,-7.365566],[109.682062,-7.365586],[109.681897,-7.365732],[109.68182,-7.365938],[109.681772,-7.365985],[109.681531,-7.366065],[109.681442,-7.366083],[109.681245,-7.366101],[109.681217,-7.365942],[109.681147,-7.365801],[109.681055,-7.365636],[109.68087,-7.365517],[109.680172,-7.365952],[109.679679,-7.366264],[109.679439,-7.366453],[109.679187,-7.366693],[109.679005,-7.366832],[109.678796,-7.366982],[109.678643,-7.366992],[109.678456,-7.366998],[109.678061,-7.367005],[109.677813,-7.367024],[109.677523,-7.367127],[109.676941,-7.367235],[109.676614,-7.367201],[109.676363,-7.367293],[109.67595,-7.367452],[109.675776,-7.367509],[109.675531,-7.367578],[109.675342,-7.367607],[109.675022,-7.367647],[109.674553,-7.367695],[109.674025,-7.367724],[109.67335,-7.367825],[109.67188,-7.368019],[109.671482,-7.368107],[109.670644,-7.368231],[109.67018,-7.368328],[109.669862,-7.368356],[109.66952,-7.368454],[109.66937,-7.368475],[109.669234,-7.368523],[109.668848,-7.368752],[109.668348,-7.368824],[109.668093,-7.368856],[109.667813,-7.368839],[109.667661,-7.36882],[109.667518,-7.368806],[109.667377,-7.368795],[109.667221,-7.36879],[109.66693,-7.368814],[109.666506,-7.36883],[109.666117,-7.36885],[109.665726,-7.36889],[109.665361,-7.368982],[109.664566,-7.368903]]}},{"type":"Feature","properties":{"id":642,"nomor_ruas":"V.22","nama_ruas":"KARANGSARI-SARWODADI","titik_awal":"IV.11","titik_akhir":"V.15","panjang_km":1.316,"lebar_m":3},"geometry":{"type":"LineString","coordinates":[[109.779627,-7.254266],[109.779537,-7.254316],[109.779389,-7.252897],[109.779328,-7.252394],[109.77923,-7.25137],[109.779207,-7.251068],[109.779366,-7.250719],[109.779405,-7.250471],[109.779669,-7.250395],[109.77998,-7.250448],[109.780205,-7.250473],[109.780474,-7.250497],[109.780709,-7.250445],[109.780834,-7.250307],[109.780863,-7.250044],[109.780835,-7.249862],[109.780735,-7.249637],[109.780582,-7.24933],[109.780583,-7.248962],[109.780555,-7.248631],[109.780461,-7.248081],[109.780414,-7.247664],[109.780139,-7.246812],[109.780077,-7.2465],[109.780097,-7.246113],[109.780156,-7.245802],[109.780142,-7.245534],[109.780066,-7.245261],[109.780211,-7.244897],[109.780125,-7.244758],[109.780029,-7.244662],[109.779924,-7.244557],[109.779661,-7.244389]]}},{"type":"Feature","properties":{"id":643,"nomor_ruas":"III.41","nama_ruas":"DANAKERTA-KLAPA","titik_awal":"III.16","titik_akhir":"Bts Kab. Purbalingga","panjang_km":4.765,"lebar_m":3},"geometry":{"type":"LineString","coordinates":[[109.544858,-7.353309],[109.544096,-7.353605],[109.543819,-7.353718],[109.543633,-7.353802],[109.543309,-7.353977],[109.543156,-7.353855],[109.543013,-7.353921],[109.543035,-7.354113],[109.542769,-7.354236],[109.542541,-7.354346],[109.54233,-7.354436],[109.54225,-7.354472],[109.542096,-7.354568],[109.541848,-7.354716],[109.541649,-7.354827],[109.541319,-7.354999],[109.541057,-7.355128],[109.540751,-7.355308],[109.540346,-7.355536],[109.539941,-7.355747],[109.539823,-7.355821],[109.539722,-7.355922],[109.539598,-7.356179],[109.539538,-7.356329],[109.539328,-7.35652],[109.53904,-7.356717],[109.538615,-7.356914],[109.53831,-7.35701],[109.538161,-7.357066],[109.53802,-7.357133],[109.537851,-7.357233],[109.537374,-7.357204],[109.537161,-7.357086],[109.537094,-7.356942],[109.53719,-7.356568],[109.537322,-7.356],[109.536929,-7.355822],[109.536854,-7.355673],[109.536833,-7.355495],[109.536851,-7.35536],[109.536941,-7.355055],[109.536987,-7.354849],[109.536981,-7.354748],[109.536756,-7.353871],[109.536419,-7.353592],[109.536396,-7.353369],[109.536341,-7.353033],[109.536269,-7.352781],[109.536153,-7.35255],[109.535826,-7.351055],[109.535663,-7.350724],[109.535602,-7.35041],[109.535602,-7.350221],[109.535629,-7.350057],[109.535675,-7.349887],[109.535699,-7.349678],[109.535687,-7.349532],[109.535692,-7.349179],[109.535663,-7.348912],[109.535582,-7.348699],[109.53533,-7.348408],[109.535222,-7.348312],[109.535012,-7.348224],[109.534721,-7.348207],[109.534483,-7.348203],[109.534079,-7.348166],[109.533777,-7.348158],[109.533046,-7.348341],[109.532898,-7.348416],[109.532725,-7.348399],[109.532547,-7.348327],[109.532393,-7.348238],[109.532357,-7.34803],[109.532279,-7.347559],[109.532195,-7.347055],[109.532113,-7.34644],[109.532102,-7.346269],[109.532124,-7.345983],[109.532152,-7.345806],[109.532199,-7.345539],[109.532278,-7.345308],[109.532353,-7.345157],[109.532482,-7.34503],[109.532569,-7.344913],[109.53262,-7.34477],[109.532614,-7.344611],[109.532567,-7.344482],[109.532421,-7.344381],[109.532224,-7.344333],[109.532091,-7.344232],[109.532014,-7.344072],[109.53191,-7.34386],[109.531768,-7.343671],[109.531641,-7.343564],[109.531466,-7.343352],[109.531339,-7.343228],[109.531228,-7.343034],[109.531196,-7.34289],[109.531239,-7.342753],[109.531264,-7.342614],[109.531259,-7.342459],[109.531203,-7.342317],[109.531101,-7.342168],[109.531008,-7.342061],[109.530906,-7.341931],[109.530744,-7.341845],[109.530509,-7.341782],[109.530317,-7.3417],[109.530222,-7.34163],[109.529875,-7.34144],[109.529769,-7.341337],[109.529668,-7.341175],[109.529537,-7.340993],[109.529445,-7.340816],[109.529378,-7.34068],[109.529246,-7.340641],[109.529098,-7.340582],[109.529042,-7.340439],[109.528957,-7.340298],[109.528807,-7.340193],[109.528566,-7.340078],[109.528434,-7.339959],[109.528377,-7.339787],[109.528345,-7.3396],[109.528307,-7.33949],[109.528091,-7.339217],[109.527927,-7.338968],[109.527875,-7.338769],[109.527919,-7.338601],[109.528043,-7.338267],[109.52819,-7.337882],[109.527978,-7.337808],[109.527808,-7.337772],[109.526811,-7.337487],[109.526522,-7.337438],[109.526283,-7.337405],[109.526145,-7.337486],[109.526067,-7.337605],[109.525965,-7.337765],[109.525821,-7.337916],[109.525654,-7.337929],[109.525488,-7.337845],[109.525321,-7.337813],[109.525121,-7.337801],[109.524981,-7.337746],[109.524738,-7.337495],[109.524569,-7.337273],[109.524493,-7.337078],[109.524466,-7.336824],[109.524437,-7.336444],[109.524411,-7.336192],[109.524405,-7.336036],[109.524285,-7.335865],[109.524178,-7.335848],[109.52401,-7.335833],[109.523728,-7.335804],[109.523129,-7.335724],[109.522639,-7.335484],[109.522363,-7.335145],[109.522245,-7.334858],[109.522109,-7.334513],[109.522015,-7.334394]]}},{"type":"Feature","properties":{"id":644,"nomor_ruas":"VI.17","nama_ruas":"JL MAY. JEND. SUTOYO","titik_awal":"VI.8/VI.7","titik_akhir":"VI.24","panjang_km":0.887,"lebar_m":10},"geometry":{"type":"LineString","coordinates":[[109.692553,-7.392619],[109.692673,-7.392638],[109.694432,-7.392695],[109.69488,-7.392728],[109.695052,-7.392715],[109.695912,-7.392778],[109.696131,-7.39279],[109.696317,-7.392801],[109.697207,-7.392852],[109.697661,-7.392879],[109.697872,-7.392865],[109.699092,-7.392966],[109.69973,-7.392969],[109.699999,-7.392977],[109.700525,-7.39299],[109.70053,-7.392932]]}},{"type":"Feature","properties":{"id":645,"nomor_ruas":"VI.18","nama_ruas":"JL SUNAN GRIPIT","titik_awal":"VI.17","titik_akhir":"JEMB. K. SERAYU","panjang_km":0.604,"lebar_m":4},"geometry":{"type":"LineString","coordinates":[[109.695052,-7.392715],[109.695067,-7.392376],[109.695013,-7.390953],[109.695008,-7.390739],[109.695006,-7.390353],[109.694995,-7.390189],[109.694865,-7.38989],[109.694745,-7.389765],[109.694621,-7.38964],[109.694385,-7.389447],[109.694298,-7.389394],[109.694051,-7.389243],[109.69367,-7.389084],[109.69321,-7.388894],[109.692645,-7.388594]]}},{"type":"Feature","properties":{"id":646,"nomor_ruas":"III.43","nama_ruas":"LINGKAR PASAR MANIS","titik_awal":"III.16","titik_akhir":"III.28","panjang_km":0.387,"lebar_m":3},"geometry":{"type":"LineString","coordinates":[[109.581271,-7.35126],[109.581841,-7.35134],[109.58219,-7.351334],[109.582547,-7.351383],[109.582926,-7.351434],[109.583213,-7.351455],[109.583784,-7.351555],[109.584482,-7.351671],[109.584743,-7.351705]]}},{"type":"Feature","properties":{"id":647,"nomor_ruas":"III.44","nama_ruas":"PURWASANA-JEMBANGAN","titik_awal":"III.29","titik_akhir":"III.28","panjang_km":3.929,"lebar_m":3},"geometry":{"type":"LineString","coordinates":[[109.606912,-7.33143],[109.606768,-7.3312],[109.606661,-7.331106],[109.606576,-7.331057],[109.606321,-7.330892],[109.606178,-7.330745],[109.606051,-7.330689],[109.60588,-7.330684],[109.605756,-7.330621],[109.605668,-7.330531],[109.605613,-7.330452],[109.605511,-7.330306],[109.605369,-7.330087],[109.605161,-7.329737],[109.605073,-7.329694],[109.604874,-7.329697],[109.604661,-7.329705],[109.604475,-7.329821],[109.604297,-7.329955],[109.604144,-7.330029],[109.603905,-7.330075],[109.603808,-7.330042],[109.603732,-7.329986],[109.603544,-7.329873],[109.603379,-7.329834],[109.603152,-7.329903],[109.603021,-7.329938],[109.602733,-7.329977],[109.602576,-7.329955],[109.602488,-7.329888],[109.602241,-7.329644],[109.602114,-7.329488],[109.602011,-7.329347],[109.601943,-7.329096],[109.601895,-7.328956],[109.601858,-7.328905],[109.601535,-7.328728],[109.601345,-7.328617],[109.601217,-7.328529],[109.601129,-7.328424],[109.601073,-7.32829],[109.601013,-7.328104],[109.600909,-7.327989],[109.600744,-7.327907],[109.600591,-7.327883],[109.600401,-7.327867],[109.600252,-7.327838],[109.600205,-7.327749],[109.600136,-7.327562],[109.600041,-7.327424],[109.599886,-7.327359],[109.599605,-7.327338],[109.599452,-7.32732],[109.599334,-7.327295],[109.59919,-7.327307],[109.599007,-7.327332],[109.598878,-7.327259],[109.598813,-7.327094],[109.59865,-7.327007],[109.598502,-7.326892],[109.598378,-7.326779],[109.59837,-7.326759],[109.59781,-7.326795],[109.597686,-7.32674],[109.5976,-7.326571],[109.597501,-7.326407],[109.597348,-7.326206],[109.597226,-7.32615],[109.597131,-7.326115],[109.596962,-7.326042],[109.59669,-7.325868],[109.596652,-7.325723],[109.596584,-7.325445],[109.596531,-7.325399],[109.596308,-7.325191],[109.595606,-7.32491],[109.595563,-7.324809],[109.595459,-7.324418],[109.595294,-7.324073],[109.595235,-7.324026],[109.595038,-7.32392],[109.594891,-7.323856],[109.594726,-7.323702],[109.594571,-7.323654],[109.594146,-7.323715],[109.594059,-7.323632],[109.594042,-7.323474],[109.594044,-7.3232],[109.594126,-7.323075],[109.594177,-7.322902],[109.594127,-7.322762],[109.593958,-7.322644],[109.593786,-7.322489],[109.593719,-7.322354],[109.593797,-7.32222],[109.593932,-7.322],[109.593929,-7.321854],[109.593961,-7.321679],[109.594071,-7.321598],[109.594222,-7.321429],[109.594181,-7.321286],[109.594258,-7.321151],[109.594439,-7.320786],[109.59458,-7.320728],[109.594653,-7.320559],[109.594555,-7.320343],[109.594424,-7.320251],[109.594335,-7.320121],[109.594211,-7.319994],[109.594162,-7.319839],[109.594077,-7.319713],[109.593919,-7.319677],[109.593834,-7.31957],[109.593725,-7.319391],[109.593597,-7.319285],[109.593331,-7.319126],[109.593182,-7.319052],[109.593011,-7.3188],[109.592978,-7.318574],[109.592514,-7.318276],[109.591861,-7.317937],[109.591889,-7.31767],[109.592035,-7.317369],[109.592165,-7.317315],[109.59238,-7.317206],[109.592353,-7.316984],[109.592246,-7.316625],[109.592006,-7.316539],[109.591912,-7.316404],[109.591838,-7.316164],[109.591871,-7.315856],[109.591737,-7.31556],[109.591506,-7.315313],[109.591311,-7.3151],[109.591095,-7.315004],[109.590745,-7.314847],[109.590366,-7.314498],[109.590023,-7.314255],[109.589802,-7.314105],[109.589289,-7.314091],[109.589006,-7.314066],[109.588703,-7.313879],[109.588704,-7.313678],[109.588746,-7.313526],[109.588806,-7.313096],[109.588815,-7.312823],[109.58885,-7.312534],[109.58884,-7.312365],[109.588658,-7.312098],[109.588451,-7.311854],[109.588088,-7.311683],[109.587726,-7.311507],[109.587539,-7.311356],[109.586962,-7.311113],[109.586697,-7.311045],[109.58654,-7.310915]]}},{"type":"Feature","properties":{"id":648,"nomor_ruas":"III.45","nama_ruas":"TANJUNGTIRTA-SIPOH","titik_awal":"III.30","titik_akhir":"III.29","panjang_km":3.669,"lebar_m":3},"geometry":{"type":"LineString","coordinates":[[109.631132,-7.341863],[109.631015,-7.342244],[109.630962,-7.342289],[109.630891,-7.34256],[109.63068,-7.342669],[109.630471,-7.342721],[109.630291,-7.342735],[109.630095,-7.342682],[109.629838,-7.342592],[109.629805,-7.342638],[109.629335,-7.342828],[109.629167,-7.342816],[109.629004,-7.342706],[109.628843,-7.342454],[109.628654,-7.342326],[109.628451,-7.342247],[109.628321,-7.342272],[109.628178,-7.342364],[109.627989,-7.342544],[109.627928,-7.342681],[109.627796,-7.342906],[109.627687,-7.343038],[109.627551,-7.343128],[109.62747,-7.343247],[109.627525,-7.343451],[109.627516,-7.343894],[109.62757,-7.344083],[109.627457,-7.344227],[109.627308,-7.344293],[109.627169,-7.344277],[109.626993,-7.344221],[109.62685,-7.344196],[109.626685,-7.344197],[109.626452,-7.344181],[109.62621,-7.344216],[109.626053,-7.344395],[109.625949,-7.344507],[109.625778,-7.34458],[109.625652,-7.344713],[109.625395,-7.344737],[109.625261,-7.3447],[109.625132,-7.344673],[109.624882,-7.344735],[109.624796,-7.344706],[109.624649,-7.344551],[109.624583,-7.344518],[109.624345,-7.344421],[109.624131,-7.344287],[109.623798,-7.344146],[109.62363,-7.344162],[109.623442,-7.344218],[109.623414,-7.344208],[109.623209,-7.344102],[109.623053,-7.344024],[109.622788,-7.343833],[109.622632,-7.343769],[109.622429,-7.343727],[109.622258,-7.343674],[109.622125,-7.343697],[109.621927,-7.343795],[109.621781,-7.343886],[109.621703,-7.343892],[109.621448,-7.343906],[109.621217,-7.343987],[109.621099,-7.344112],[109.620824,-7.34433],[109.620625,-7.344402],[109.620443,-7.344458],[109.620252,-7.344556],[109.620107,-7.344573],[109.619939,-7.344552],[109.619815,-7.344555],[109.619596,-7.344637],[109.619349,-7.344671],[109.619169,-7.344644],[109.619019,-7.344561],[109.618919,-7.344462],[109.618707,-7.344196],[109.618563,-7.344083],[109.618401,-7.344077],[109.618259,-7.344102],[109.617953,-7.344186],[109.617816,-7.344193],[109.617671,-7.344256],[109.617533,-7.344423],[109.617445,-7.344451],[109.617294,-7.34447],[109.617089,-7.34448],[109.616818,-7.344494],[109.616667,-7.344521],[109.616475,-7.344475],[109.616234,-7.344519],[109.616111,-7.344619],[109.616006,-7.344791],[109.615825,-7.344934],[109.615577,-7.345262],[109.615414,-7.345266],[109.615269,-7.345185],[109.615131,-7.345078],[109.614954,-7.344976],[109.614815,-7.344933],[109.614604,-7.344901],[109.61444,-7.344893],[109.614293,-7.344932],[109.614147,-7.344939],[109.613989,-7.344941],[109.613846,-7.344974],[109.613706,-7.34495],[109.613584,-7.344855],[109.613456,-7.344722],[109.613303,-7.34459],[109.613145,-7.344515],[109.61301,-7.344536],[109.61289,-7.344604],[109.612752,-7.344669],[109.612558,-7.344676],[109.612219,-7.344662],[109.612025,-7.344479],[109.61176,-7.344362],[109.611612,-7.344254],[109.611392,-7.344155],[109.611116,-7.343856],[109.610973,-7.343862],[109.610828,-7.34395],[109.610592,-7.343984],[109.610419,-7.343785],[109.61026,-7.343744],[109.610085,-7.343735],[109.609924,-7.343729],[109.609778,-7.343713],[109.609577,-7.343668],[109.609399,-7.343628],[109.609279,-7.343716],[109.609121,-7.34375],[109.608986,-7.343689],[109.608791,-7.343596],[109.608565,-7.343561],[109.608386,-7.343436],[109.608469,-7.343267],[109.608456,-7.343013],[109.60827,-7.342973],[109.608101,-7.343004],[109.607928,-7.343043],[109.607625,-7.34316],[109.60748,-7.343135],[109.607213,-7.343174],[109.606955,-7.343203],[109.606754,-7.343225],[109.606489,-7.343264],[109.606327,-7.343302],[109.606075,-7.343378],[109.605858,-7.343488],[109.605733,-7.34355],[109.605565,-7.343635],[109.605377,-7.343571],[109.605249,-7.343423],[109.605077,-7.343226],[109.604918,-7.343173],[109.604743,-7.343124],[109.604461,-7.343144],[109.604292,-7.343138],[109.60394,-7.343092],[109.603848,-7.343194],[109.603754,-7.343303],[109.603544,-7.343383]]}},{"type":"Feature","properties":{"id":649,"nomor_ruas":"III.5","nama_ruas":"BENDAWULUH-MLAYA","titik_awal":"III.1","titik_akhir":"III.32/IV.23","panjang_km":4.319,"lebar_m":3},"geometry":{"type":"LineString","coordinates":[[109.676866,-7.315673],[109.676738,-7.315748],[109.676456,-7.315717],[109.676225,-7.315722],[109.675945,-7.315717],[109.675782,-7.31566],[109.675472,-7.315547],[109.675304,-7.315513],[109.67508,-7.315583],[109.674714,-7.315749],[109.674619,-7.315762],[109.674363,-7.315835],[109.674093,-7.315989],[109.673629,-7.316249],[109.673377,-7.316354],[109.67324,-7.316578],[109.672824,-7.316865],[109.67268,-7.317061],[109.672663,-7.317148],[109.672634,-7.317374],[109.672478,-7.317506],[109.672424,-7.317646],[109.672007,-7.318152],[109.671882,-7.318283],[109.671717,-7.318507],[109.671587,-7.318568],[109.671399,-7.318635],[109.671282,-7.318769],[109.671168,-7.318978],[109.671091,-7.319183],[109.670939,-7.319298],[109.670797,-7.319308],[109.670437,-7.319168],[109.670296,-7.319218],[109.670055,-7.319428],[109.669929,-7.319524],[109.66966,-7.319719],[109.669606,-7.319789],[109.669492,-7.319958],[109.669374,-7.320163],[109.669292,-7.320253],[109.669152,-7.320342],[109.668943,-7.320478],[109.668786,-7.320451],[109.668703,-7.320453],[109.668498,-7.320452],[109.668174,-7.320461],[109.667689,-7.320438],[109.667448,-7.32042],[109.666952,-7.320406],[109.666812,-7.320484],[109.666635,-7.320634],[109.666381,-7.320867],[109.666259,-7.321035],[109.666158,-7.321161],[109.666121,-7.321183],[109.665779,-7.321342],[109.665651,-7.321459],[109.665254,-7.321729],[109.665159,-7.321813],[109.665001,-7.321913],[109.664772,-7.322038],[109.664542,-7.322081],[109.66439,-7.322064],[109.66419,-7.32205],[109.664014,-7.32208],[109.66389,-7.32206],[109.66377,-7.322055],[109.663634,-7.322069],[109.663404,-7.322095],[109.663063,-7.322136],[109.662903,-7.322134],[109.662686,-7.322147],[109.662548,-7.322267],[109.662302,-7.322429],[109.662271,-7.322421],[109.662102,-7.32231],[109.661906,-7.32218],[109.661756,-7.322105],[109.661471,-7.322006],[109.661319,-7.322042],[109.66093,-7.322183],[109.660729,-7.32217],[109.660622,-7.322139],[109.660333,-7.322068],[109.66015,-7.322064],[109.66007,-7.32193],[109.659297,-7.321872],[109.659068,-7.321755],[109.658665,-7.321718],[109.658122,-7.321602],[109.657814,-7.321439],[109.657653,-7.321395],[109.656982,-7.321103],[109.6569,-7.321033],[109.656691,-7.320928],[109.65657,-7.32083],[109.656463,-7.320693],[109.656358,-7.320604],[109.656156,-7.320467],[109.655922,-7.32031],[109.655809,-7.320142],[109.655777,-7.320058],[109.655767,-7.319832],[109.655426,-7.319394],[109.655417,-7.319237],[109.655449,-7.319065],[109.655464,-7.318931],[109.655476,-7.31871],[109.655435,-7.318407],[109.655379,-7.318237],[109.655283,-7.318066],[109.655153,-7.317911],[109.655041,-7.317834],[109.654867,-7.317744],[109.654777,-7.317641],[109.654722,-7.317504],[109.654597,-7.317393],[109.654495,-7.317327],[109.65438,-7.317187],[109.654255,-7.317089],[109.654006,-7.316998],[109.653844,-7.316893],[109.653774,-7.31682],[109.653589,-7.316618],[109.653535,-7.316535],[109.653407,-7.316355],[109.65329,-7.316275],[109.652932,-7.316356],[109.652776,-7.316376],[109.65267,-7.316283],[109.652571,-7.316136],[109.652413,-7.316051],[109.652176,-7.315993],[109.65209,-7.315937],[109.651953,-7.315825],[109.651764,-7.315764],[109.651467,-7.315759],[109.651354,-7.31568],[109.651334,-7.315632],[109.651243,-7.315374],[109.651148,-7.315197],[109.65108,-7.31512],[109.650885,-7.314931],[109.650684,-7.314834],[109.650478,-7.314729],[109.650199,-7.314589],[109.650143,-7.314564],[109.649901,-7.314466],[109.649726,-7.31433],[109.649451,-7.314154],[109.649396,-7.314016],[109.649358,-7.313814],[109.649313,-7.313705],[109.649248,-7.31351],[109.649264,-7.31336],[109.649344,-7.313263],[109.649476,-7.313084],[109.6496,-7.313012],[109.649465,-7.312212],[109.649431,-7.311877],[109.649394,-7.311753],[109.649372,-7.311612],[109.649374,-7.311519],[109.649387,-7.311225],[109.649304,-7.311112],[109.649236,-7.310992],[109.648593,-7.31045],[109.648467,-7.310382],[109.648333,-7.31034]]}},{"type":"Feature","properties":{"id":650,"nomor_ruas":"III.6","nama_ruas":"KESENET-KENDAGA","titik_awal":"Jalan Prov.","titik_akhir":"Jalan Prov.","panjang_km":3.351,"lebar_m":3},"geometry":{"type":"LineString","coordinates":[[109.691135,-7.3549],[109.691287,-7.35471],[109.691348,-7.354521],[109.691382,-7.3544],[109.691483,-7.354236],[109.691548,-7.354178],[109.691784,-7.354045],[109.691994,-7.353997],[109.692107,-7.354001],[109.692437,-7.353984],[109.692667,-7.353988],[109.692798,-7.354028],[109.693008,-7.353991],[109.693569,-7.354132],[109.694005,-7.354216],[109.694219,-7.354242],[109.694651,-7.35427],[109.695232,-7.354335],[109.695284,-7.354199],[109.695359,-7.353863],[109.695401,-7.35377],[109.695593,-7.353583],[109.695775,-7.353288],[109.695911,-7.353065],[109.695929,-7.352897],[109.695913,-7.352784],[109.695883,-7.352486],[109.696031,-7.352392],[109.69609,-7.352397],[109.696325,-7.352507],[109.696433,-7.35243],[109.696489,-7.352286],[109.696593,-7.351955],[109.696709,-7.351837],[109.69687,-7.351748],[109.697196,-7.351531],[109.697311,-7.351446],[109.697483,-7.351312],[109.697597,-7.35123],[109.697647,-7.351076],[109.697608,-7.350921],[109.697569,-7.350756],[109.697584,-7.350585],[109.697674,-7.350379],[109.697984,-7.350145],[109.698206,-7.350058],[109.698473,-7.350154],[109.69894,-7.350352],[109.699121,-7.350404],[109.69926,-7.35037],[109.699469,-7.350299],[109.699718,-7.350246],[109.699943,-7.350209],[109.700142,-7.350136],[109.700248,-7.350017],[109.700479,-7.349907],[109.700824,-7.349757],[109.700991,-7.349629],[109.701122,-7.349407],[109.701277,-7.349029],[109.701345,-7.348709],[109.701308,-7.348541],[109.701059,-7.348253],[109.700946,-7.348067],[109.700988,-7.347961],[109.701116,-7.347735],[109.701246,-7.347637],[109.701435,-7.34752],[109.701522,-7.347283],[109.70148,-7.347017],[109.70137,-7.346845],[109.701388,-7.346676],[109.701535,-7.346589],[109.7017,-7.346568],[109.702041,-7.346591],[109.702211,-7.346493],[109.702296,-7.346338],[109.702405,-7.346084],[109.702664,-7.345962],[109.702758,-7.345805],[109.702718,-7.345657],[109.702578,-7.345457],[109.702441,-7.34528],[109.702195,-7.34494],[109.702018,-7.344834],[109.701635,-7.344649],[109.701464,-7.344428],[109.701337,-7.34408],[109.701364,-7.343876],[109.701465,-7.34366],[109.701797,-7.343536],[109.701978,-7.34359],[109.70208,-7.343598],[109.702199,-7.343519],[109.702152,-7.343332],[109.70218,-7.343193],[109.70231,-7.343065],[109.702936,-7.342872],[109.703024,-7.342713],[109.703078,-7.342526],[109.703041,-7.342309],[109.702898,-7.34209],[109.702793,-7.341902],[109.702761,-7.341348],[109.702724,-7.340886],[109.702539,-7.340591],[109.702582,-7.340352],[109.702813,-7.339899],[109.703016,-7.339458],[109.703092,-7.339232],[109.7032,-7.339085],[109.703181,-7.338836],[109.703055,-7.338285],[109.70299,-7.338123],[109.702917,-7.337899],[109.702915,-7.337744],[109.702839,-7.337534],[109.702961,-7.33722],[109.703067,-7.337017],[109.703156,-7.336644],[109.703154,-7.336579]]}},{"type":"Feature","properties":{"id":651,"nomor_ruas":"III.8","nama_ruas":"BEJI-SLATRI","titik_awal":"III.1","titik_akhir":"JL PROP KM 21 BNA","panjang_km":5.119,"lebar_m":3},"geometry":{"type":"LineString","coordinates":[[109.674177,-7.302919],[109.674383,-7.302876],[109.674594,-7.302838],[109.674765,-7.302795],[109.674974,-7.302807],[109.675329,-7.302686],[109.675701,-7.302606],[109.676254,-7.302524],[109.676399,-7.302529],[109.676545,-7.302539],[109.676771,-7.302557],[109.677015,-7.302571],[109.677208,-7.302571],[109.677467,-7.30259],[109.677591,-7.302662],[109.677767,-7.302688],[109.677933,-7.302637],[109.67811,-7.302566],[109.678311,-7.302502],[109.678674,-7.302423],[109.679239,-7.302138],[109.679587,-7.301942],[109.679748,-7.30187],[109.679882,-7.301809],[109.680026,-7.301727],[109.680146,-7.301629],[109.68034,-7.30149],[109.680772,-7.301213],[109.681143,-7.300935],[109.681259,-7.300824],[109.6814,-7.300756],[109.681677,-7.300657],[109.681977,-7.300251],[109.682188,-7.300018],[109.682266,-7.299878],[109.682328,-7.299685],[109.682324,-7.299511],[109.682307,-7.29932],[109.682258,-7.299156],[109.682204,-7.298924],[109.682293,-7.298718],[109.682426,-7.298599],[109.682595,-7.298515],[109.682761,-7.29839],[109.682884,-7.29827],[109.682956,-7.298106],[109.682974,-7.297915],[109.682999,-7.297694],[109.683001,-7.297524],[109.683091,-7.297394],[109.683267,-7.297373],[109.683475,-7.297326],[109.683689,-7.297257],[109.683883,-7.297179],[109.683998,-7.297088],[109.684115,-7.296951],[109.684232,-7.296752],[109.684312,-7.296423],[109.68436,-7.296245],[109.684409,-7.295924],[109.684496,-7.295729],[109.684639,-7.295616],[109.684796,-7.295557],[109.684956,-7.295578],[109.685138,-7.295558],[109.685309,-7.295442],[109.68542,-7.295354],[109.685608,-7.295255],[109.685747,-7.295233],[109.685891,-7.295219],[109.68601,-7.295102],[109.686192,-7.294888],[109.686504,-7.294714],[109.686697,-7.294642],[109.686852,-7.294584],[109.686882,-7.294417],[109.68686,-7.294217],[109.686919,-7.294048],[109.687061,-7.293814],[109.687156,-7.293671],[109.687478,-7.293322],[109.687629,-7.293182],[109.687763,-7.293128],[109.687924,-7.2931],[109.688135,-7.293078],[109.688342,-7.29311],[109.688517,-7.293092],[109.688641,-7.293027],[109.688781,-7.293005],[109.689005,-7.293068],[109.689142,-7.29308],[109.68926,-7.293002],[109.689402,-7.292887],[109.689569,-7.292781],[109.689687,-7.292707],[109.689925,-7.292635],[109.690086,-7.292583],[109.690236,-7.292543],[109.690558,-7.292485],[109.690743,-7.292416],[109.690847,-7.292328],[109.690984,-7.292237],[109.691124,-7.29219],[109.691194,-7.292043],[109.691357,-7.29199],[109.691593,-7.291993],[109.691824,-7.291977],[109.692012,-7.291897],[109.692276,-7.291832],[109.692398,-7.291732],[109.6925,-7.291588],[109.692666,-7.291458],[109.692768,-7.291328],[109.69284,-7.291197],[109.692949,-7.291084],[109.69313,-7.291027],[109.693575,-7.290894],[109.693686,-7.290799],[109.694133,-7.290601],[109.694318,-7.290524],[109.694468,-7.290455],[109.694715,-7.290332],[109.694989,-7.290186],[109.695112,-7.290029],[109.695289,-7.28991],[109.695416,-7.289827],[109.695717,-7.289687],[109.695854,-7.289652],[109.696156,-7.289572],[109.696338,-7.289564],[109.696561,-7.289566],[109.696758,-7.289549],[109.696968,-7.289566],[109.69727,-7.289618],[109.697556,-7.28991],[109.697762,-7.289928],[109.698002,-7.289922],[109.698261,-7.290162],[109.698434,-7.290127],[109.698708,-7.290019],[109.698953,-7.289955],[109.699145,-7.289913],[109.699337,-7.28987],[109.699519,-7.289896],[109.699675,-7.289973],[109.699828,-7.290094],[109.700027,-7.290096],[109.700235,-7.290138],[109.700564,-7.290231],[109.700699,-7.290281],[109.700828,-7.290404],[109.70102,-7.290568],[109.701232,-7.290744],[109.70137,-7.290818],[109.701384,-7.290673],[109.70147,-7.290519],[109.701405,-7.29029],[109.701244,-7.290122],[109.701172,-7.289945],[109.701194,-7.289678],[109.701335,-7.289375],[109.701479,-7.28923],[109.701793,-7.289104],[109.701965,-7.28893],[109.702209,-7.288797],[109.702298,-7.288662],[109.702468,-7.288466],[109.702688,-7.288345],[109.702837,-7.288281],[109.702976,-7.288197],[109.702979,-7.288031],[109.702904,-7.287688],[109.702912,-7.287499],[109.702963,-7.287371],[109.703071,-7.287236],[109.70322,-7.287225],[109.703427,-7.287198],[109.703627,-7.287126],[109.703827,-7.287092],[109.703982,-7.287124],[109.704055,-7.287244],[109.704156,-7.287443],[109.704309,-7.287581],[109.704524,-7.287659],[109.704658,-7.287683],[109.704814,-7.287627],[109.704993,-7.287483],[109.70513,-7.28735],[109.705307,-7.287159],[109.705473,-7.286919],[109.705587,-7.286767],[109.705748,-7.28665],[109.705903,-7.28658],[109.706178,-7.286368],[109.706448,-7.286174],[109.706619,-7.285961],[109.706799,-7.285802],[109.706865,-7.285667],[109.706925,-7.285518],[109.707007,-7.285276],[109.707152,-7.285069],[109.707252,-7.284996],[109.707461,-7.284945],[109.7077,-7.284712],[109.707803,-7.284661],[109.707914,-7.284561],[109.708027,-7.284474],[109.708207,-7.284391],[109.708376,-7.284328],[109.708646,-7.284187],[109.708718,-7.284167]]}},{"type":"Feature","properties":{"id":652,"nomor_ruas":"III.9","nama_ruas":"WANAKARSA-SIPEDANG","titik_awal":"III.17","titik_akhir":"III.2","panjang_km":5.6,"lebar_m":4},"geometry":{"type":"LineString","coordinates":[[109.634595,-7.366106],[109.634494,-7.365467],[109.634355,-7.36517],[109.634277,-7.364829],[109.634273,-7.364684],[109.634341,-7.364308],[109.634352,-7.364084],[109.634408,-7.363876],[109.634365,-7.363692],[109.634402,-7.363555],[109.634508,-7.363374],[109.634386,-7.363192],[109.63425,-7.363081],[109.634079,-7.362928],[109.634406,-7.362802],[109.634465,-7.362673],[109.634616,-7.362638],[109.634677,-7.36244],[109.634824,-7.362361],[109.634969,-7.361322],[109.634981,-7.361171],[109.634999,-7.360766],[109.635328,-7.360761],[109.635727,-7.360754],[109.636285,-7.36074],[109.636681,-7.360722],[109.637376,-7.360723],[109.637669,-7.360578],[109.637866,-7.360517],[109.637988,-7.360455],[109.638456,-7.360197],[109.638682,-7.360066],[109.639214,-7.359684],[109.63946,-7.359523],[109.640403,-7.358947],[109.641397,-7.35828],[109.641998,-7.357802],[109.642346,-7.357596],[109.642825,-7.357213],[109.643144,-7.356972],[109.644188,-7.356413],[109.644513,-7.356255],[109.644983,-7.355847],[109.645124,-7.355686],[109.645254,-7.355478],[109.645391,-7.355165],[109.645535,-7.354855],[109.645687,-7.354567],[109.645754,-7.354089],[109.645805,-7.353936],[109.645886,-7.353816],[109.646051,-7.353593],[109.646187,-7.353359],[109.646346,-7.35315],[109.646367,-7.352968],[109.646317,-7.352835],[109.646171,-7.352654],[109.646072,-7.352261],[109.646149,-7.351624],[109.646303,-7.351572],[109.64647,-7.35154],[109.646573,-7.351562],[109.647196,-7.351466],[109.647339,-7.351397],[109.647538,-7.351314],[109.64761,-7.351039],[109.647656,-7.350797],[109.647653,-7.350611],[109.647601,-7.350387],[109.647616,-7.350239],[109.647695,-7.350127],[109.647827,-7.350017],[109.647885,-7.349866],[109.647946,-7.349745],[109.647984,-7.34956],[109.648017,-7.349423],[109.648058,-7.349281],[109.6481,-7.349149],[109.64821,-7.348831],[109.648254,-7.34856],[109.648112,-7.34827],[109.648196,-7.348036],[109.648309,-7.347734],[109.648589,-7.346816],[109.648695,-7.346679],[109.648815,-7.346592],[109.649089,-7.346462],[109.649212,-7.34635],[109.649309,-7.346212],[109.649553,-7.345899],[109.649706,-7.34574],[109.649858,-7.345633],[109.650028,-7.345544],[109.650629,-7.345266],[109.650781,-7.345184],[109.650939,-7.345039],[109.651101,-7.344834],[109.651152,-7.3447],[109.651249,-7.344436],[109.65137,-7.34428],[109.65173,-7.343512],[109.65188,-7.343214],[109.651969,-7.343108],[109.652145,-7.342932],[109.652221,-7.342795],[109.65224,-7.342625],[109.652281,-7.342306],[109.652352,-7.342155],[109.652592,-7.341948],[109.652798,-7.341824],[109.652936,-7.341654],[109.653044,-7.341445],[109.653189,-7.34136],[109.653275,-7.341215],[109.65317,-7.340755],[109.653073,-7.340639],[109.653076,-7.340427],[109.65316,-7.340106],[109.653282,-7.339975],[109.653402,-7.33985],[109.653644,-7.339707],[109.653739,-7.339564],[109.653791,-7.339402],[109.653835,-7.339239],[109.653913,-7.339096],[109.654105,-7.338864],[109.654322,-7.338716],[109.654459,-7.338682],[109.65473,-7.338602],[109.654841,-7.338341],[109.654894,-7.338194],[109.654987,-7.338064],[109.65501,-7.33784],[109.65509,-7.337567],[109.655061,-7.337335],[109.655076,-7.337104],[109.655209,-7.336981],[109.65526,-7.336808],[109.655394,-7.336718],[109.655539,-7.336677],[109.655664,-7.336597],[109.65576,-7.336354],[109.655881,-7.336028],[109.656233,-7.335857],[109.656569,-7.33573],[109.656698,-7.335659],[109.656871,-7.335629],[109.657081,-7.335624],[109.657211,-7.33558],[109.657349,-7.335541],[109.657512,-7.335502],[109.657828,-7.335453],[109.658029,-7.335442],[109.658312,-7.335414],[109.658547,-7.335336],[109.658489,-7.335216],[109.658328,-7.334897],[109.658194,-7.334673],[109.657971,-7.334314],[109.657505,-7.333688],[109.657404,-7.333584],[109.657143,-7.33333],[109.657049,-7.333221],[109.656908,-7.332981],[109.656896,-7.332932],[109.656858,-7.332612],[109.656815,-7.332315],[109.656754,-7.332106],[109.656625,-7.331724],[109.65666,-7.331638],[109.656673,-7.33142],[109.656732,-7.3312],[109.656762,-7.331138],[109.65684,-7.330981],[109.656903,-7.330764],[109.656899,-7.330718]]}},{"type":"Feature","properties":{"id":653,"nomor_ruas":"IV.1","nama_ruas":"KARANGKOBAR-PAWEDEN","titik_awal":"IV.6","titik_akhir":"JL PROIP KM 16 HM 1 WNY","panjang_km":7.172,"lebar_m":4},"geometry":{"type":"LineString","coordinates":[[109.738845,-7.272235],[109.738795,-7.273793],[109.738687,-7.273964],[109.738515,-7.274073],[109.738311,-7.274114],[109.737855,-7.274166],[109.737606,-7.274206],[109.737442,-7.274302],[109.737241,-7.274394],[109.737013,-7.274371],[109.736815,-7.27433],[109.736651,-7.274319],[109.736482,-7.274327],[109.736155,-7.274389],[109.735882,-7.274486],[109.735349,-7.274757],[109.73521,-7.274835],[109.735072,-7.274931],[109.734904,-7.27507],[109.73472,-7.275196],[109.734527,-7.275337],[109.734337,-7.275481],[109.734102,-7.275695],[109.733874,-7.275938],[109.73332,-7.276355],[109.733145,-7.276363],[109.733012,-7.27642],[109.7328,-7.276517],[109.732632,-7.276514],[109.732455,-7.276478],[109.732314,-7.276492],[109.732113,-7.276554],[109.731878,-7.276605],[109.731712,-7.276562],[109.731475,-7.276461],[109.731322,-7.276418],[109.730962,-7.276397],[109.730756,-7.276413],[109.730608,-7.276416],[109.730316,-7.27637],[109.730093,-7.276285],[109.72995,-7.276241],[109.729774,-7.276261],[109.729656,-7.276256],[109.729461,-7.276143],[109.729206,-7.276105],[109.729042,-7.276166],[109.728847,-7.276282],[109.728685,-7.276301],[109.728558,-7.27629],[109.728255,-7.276271],[109.72804,-7.27625],[109.727708,-7.276232],[109.727402,-7.276233],[109.727159,-7.276258],[109.726987,-7.276298],[109.726859,-7.276285],[109.726433,-7.276254],[109.726366,-7.27626],[109.726041,-7.276298],[109.72592,-7.276302],[109.725691,-7.276253],[109.725481,-7.276233],[109.725312,-7.276255],[109.72513,-7.276288],[109.724888,-7.276386],[109.724803,-7.276548],[109.724668,-7.276697],[109.724535,-7.276789],[109.724287,-7.276886],[109.724041,-7.276947],[109.723868,-7.276949],[109.723682,-7.276885],[109.723366,-7.276818],[109.723179,-7.276784],[109.722851,-7.276765],[109.722463,-7.276754],[109.722291,-7.276648],[109.722121,-7.276463],[109.721924,-7.276527],[109.72159,-7.276646],[109.721405,-7.276716],[109.721239,-7.27677],[109.720877,-7.276852],[109.720695,-7.27683],[109.720204,-7.276596],[109.720021,-7.276533],[109.719815,-7.276495],[109.719662,-7.27655],[109.719558,-7.276724],[109.719441,-7.276994],[109.719295,-7.277112],[109.719105,-7.277193],[109.718917,-7.277212],[109.718737,-7.277216],[109.718555,-7.277195],[109.718385,-7.277165],[109.718244,-7.277102],[109.718032,-7.277024],[109.717882,-7.277022],[109.717708,-7.277069],[109.717513,-7.277158],[109.717353,-7.277227],[109.717119,-7.277309],[109.716982,-7.277361],[109.716811,-7.277474],[109.71674,-7.277593],[109.716678,-7.27779],[109.71665,-7.277962],[109.716606,-7.278171],[109.716574,-7.278336],[109.716488,-7.278506],[109.71637,-7.278631],[109.7162,-7.278695],[109.716025,-7.278717],[109.715743,-7.278783],[109.715434,-7.278878],[109.715322,-7.279005],[109.715266,-7.279153],[109.715193,-7.27934],[109.715104,-7.279462],[109.71499,-7.279604],[109.714843,-7.279717],[109.714707,-7.279769],[109.71451,-7.279777],[109.714263,-7.279758],[109.714069,-7.27965],[109.713873,-7.279573],[109.713712,-7.279541],[109.713569,-7.279578],[109.713428,-7.279672],[109.713289,-7.279799],[109.713177,-7.279979],[109.713102,-7.280153],[109.713032,-7.2803],[109.712947,-7.280435],[109.712827,-7.280542],[109.712666,-7.280631],[109.712478,-7.280665],[109.712281,-7.280649],[109.711964,-7.280654],[109.711643,-7.280641],[109.711508,-7.280767],[109.71137,-7.280821],[109.711213,-7.280907],[109.711096,-7.281009],[109.710976,-7.281195],[109.71091,-7.281328],[109.710776,-7.281631],[109.710709,-7.28177],[109.710583,-7.281912],[109.710454,-7.282018],[109.710367,-7.282128],[109.710326,-7.282284],[109.710338,-7.282446],[109.710395,-7.28258],[109.71044,-7.282718],[109.710394,-7.282902],[109.710285,-7.283012],[109.710182,-7.283134],[109.710012,-7.283387],[109.70991,-7.283544],[109.70975,-7.283647],[109.709577,-7.283692],[109.709407,-7.283685],[109.709269,-7.283673],[109.709094,-7.283726],[109.708977,-7.283847],[109.708858,-7.283992],[109.708771,-7.284171],[109.708699,-7.284354],[109.708648,-7.284531],[109.708579,-7.28473],[109.708473,-7.284926],[109.70837,-7.285062],[109.708272,-7.28522],[109.708214,-7.285373],[109.708192,-7.285516],[109.708204,-7.285671],[109.708235,-7.285816],[109.708306,-7.285976],[109.708398,-7.286102],[109.708468,-7.286271],[109.708329,-7.286378],[109.708156,-7.286367],[109.707945,-7.28632],[109.707745,-7.286335],[109.707571,-7.286436],[109.707448,-7.286497],[109.707316,-7.286602],[109.707179,-7.286781],[109.707024,-7.286897],[109.706895,-7.28702],[109.70686,-7.287164],[109.706796,-7.287409],[109.706705,-7.287515],[109.70656,-7.287592],[109.70639,-7.287591],[109.706232,-7.287564],[109.706042,-7.287598],[109.705921,-7.28776],[109.705856,-7.287911],[109.705807,-7.28806],[109.705819,-7.28825],[109.705964,-7.288316],[109.706103,-7.288302],[109.706332,-7.288295],[109.706473,-7.288374],[109.706544,-7.288545],[109.706579,-7.288701],[109.706584,-7.288973],[109.706528,-7.289208],[109.706418,-7.289308],[109.70625,-7.289339],[109.706031,-7.289332],[109.70586,-7.289399],[109.705753,-7.28954],[109.705718,-7.289729],[109.705755,-7.289903],[109.705873,-7.290005],[109.705959,-7.290172],[109.705935,-7.290364],[109.705904,-7.290535],[109.705931,-7.290696],[109.706015,-7.290883],[109.706128,-7.291043],[109.706258,-7.291204],[109.706345,-7.291394],[109.706355,-7.291582],[109.70633,-7.291836],[109.706426,-7.291966],[109.706515,-7.292094],[109.706678,-7.292325],[109.706728,-7.29247],[109.706792,-7.292602],[109.706926,-7.292706],[109.707049,-7.292766],[109.707181,-7.29282],[109.707305,-7.29294],[109.707383,-7.293082],[109.70748,-7.293274],[109.707634,-7.293527],[109.707762,-7.293666],[109.707908,-7.293713],[109.708043,-7.293741],[109.708185,-7.2938],[109.708278,-7.293907],[109.70836,-7.294036],[109.708426,-7.294187],[109.70851,-7.294434],[109.708657,-7.294605],[109.708774,-7.294694],[109.708872,-7.29484],[109.709001,-7.295024],[109.709089,-7.295176],[109.709166,-7.295313],[109.709317,-7.295604],[109.709478,-7.296066],[109.709596,-7.296273],[109.709735,-7.296458],[109.709894,-7.296641],[109.710161,-7.296933],[109.710462,-7.29718],[109.710528,-7.297316],[109.71072,-7.297529],[109.710875,-7.297679],[109.711116,-7.297797],[109.711291,-7.297735],[109.711455,-7.2976],[109.711583,-7.297708],[109.711621,-7.297907],[109.711686,-7.298133],[109.711787,-7.298254],[109.711979,-7.298282],[109.712128,-7.298283],[109.712277,-7.29839],[109.712424,-7.298617],[109.712553,-7.298802],[109.712694,-7.298863],[109.712972,-7.298926],[109.713245,-7.298989],[109.713417,-7.299052],[109.713493,-7.299169],[109.713539,-7.299305],[109.713629,-7.299435],[109.713772,-7.299594],[109.713886,-7.299692],[109.714034,-7.299765],[109.714318,-7.299932],[109.71439,-7.300059],[109.714403,-7.300202],[109.714506,-7.300332],[109.714644,-7.30034],[109.714769,-7.300271],[109.714901,-7.300316],[109.714872,-7.300473],[109.714863,-7.300619],[109.714928,-7.300772],[109.714944,-7.300937],[109.714966,-7.301078],[109.715097,-7.301182],[109.715219,-7.301098],[109.715301,-7.300937],[109.715446,-7.300896],[109.715595,-7.300951],[109.715799,-7.301077],[109.716067,-7.301178],[109.716554,-7.301352],[109.716687,-7.301374],[109.716834,-7.301419]]}},{"type":"Feature","properties":{"id":654,"nomor_ruas":"IV.10","nama_ruas":"KARANAGKOBAR-KARANGGONDANG","titik_awal":"JL PROP KM 24,6 BNA","titik_akhir":"IV.3/IV.12/IV.19","panjang_km":5.899,"lebar_m":4},"geometry":{"type":"LineString","coordinates":[[109.726585,-7.271485],[109.725956,-7.270839],[109.725806,-7.270564],[109.725677,-7.270502],[109.725198,-7.270002],[109.725129,-7.269954],[109.724693,-7.269596],[109.724673,-7.26948],[109.724583,-7.269006],[109.724559,-7.268731],[109.724319,-7.268548],[109.724132,-7.268423],[109.723888,-7.268288],[109.723694,-7.268218],[109.723503,-7.268204],[109.723362,-7.268217],[109.723143,-7.268203],[109.722817,-7.268186],[109.722658,-7.268106],[109.7225,-7.268023],[109.721934,-7.267643],[109.721805,-7.267551],[109.721489,-7.267345],[109.721277,-7.267305],[109.720346,-7.267398],[109.719839,-7.267414],[109.719625,-7.267409],[109.719335,-7.26743],[109.719138,-7.267473],[109.718882,-7.267564],[109.718761,-7.267697],[109.718638,-7.267734],[109.717113,-7.267593],[109.716786,-7.267639],[109.716575,-7.267672],[109.716401,-7.267662],[109.716001,-7.267611],[109.715822,-7.267505],[109.715679,-7.267404],[109.715549,-7.267267],[109.715435,-7.267012],[109.715363,-7.266879],[109.71529,-7.266821],[109.715173,-7.26674],[109.714937,-7.266618],[109.714406,-7.266259],[109.714105,-7.266043],[109.71366,-7.265846],[109.713422,-7.265786],[109.712769,-7.265711],[109.712528,-7.265778],[109.712345,-7.265807],[109.712236,-7.265741],[109.712074,-7.265725],[109.711927,-7.265645],[109.711592,-7.265451],[109.711393,-7.265344],[109.71112,-7.26523],[109.710997,-7.265193],[109.710885,-7.265415],[109.710892,-7.265526],[109.711004,-7.265789],[109.710916,-7.265884],[109.710737,-7.265896],[109.710572,-7.265807],[109.710449,-7.265717],[109.710221,-7.265557],[109.710176,-7.265364],[109.709902,-7.264969],[109.709657,-7.264783],[109.709347,-7.264525],[109.709255,-7.264354],[109.709062,-7.264413],[109.708853,-7.264448],[109.708659,-7.264338],[109.708418,-7.264094],[109.708241,-7.263921],[109.708119,-7.263965],[109.708179,-7.264162],[109.708325,-7.26502],[109.708234,-7.265171],[109.708191,-7.265185],[109.707783,-7.26531],[109.707673,-7.265411],[109.70752,-7.265506],[109.707327,-7.26548],[109.707187,-7.265557],[109.707027,-7.265643],[109.70696,-7.265747],[109.706898,-7.265991],[109.70678,-7.266193],[109.706658,-7.266321],[109.706517,-7.266358],[109.706324,-7.266358],[109.706232,-7.266368],[109.706096,-7.2664],[109.705912,-7.266436],[109.705597,-7.266538],[109.705365,-7.266649],[109.705235,-7.26673],[109.705125,-7.266837],[109.704999,-7.26697],[109.704822,-7.26714],[109.704688,-7.267273],[109.704572,-7.26735],[109.704479,-7.267375],[109.704268,-7.267465],[109.70426,-7.267571],[109.704299,-7.267716],[109.704418,-7.267994],[109.704385,-7.268153],[109.704256,-7.268305],[109.704045,-7.268305],[109.703875,-7.268271],[109.704055,-7.267946],[109.704103,-7.267791],[109.704049,-7.267648],[109.703843,-7.267349],[109.703734,-7.267262],[109.703623,-7.267178],[109.703563,-7.267045],[109.703559,-7.266862],[109.703534,-7.266699],[109.703434,-7.266593],[109.703322,-7.266472],[109.703263,-7.266276],[109.70317,-7.26614],[109.702829,-7.265839],[109.702738,-7.265658],[109.702688,-7.265486],[109.702681,-7.265339],[109.702579,-7.26515],[109.702431,-7.265037],[109.702301,-7.264835],[109.702147,-7.26437],[109.70201,-7.264215],[109.701742,-7.264003],[109.701599,-7.263866],[109.701425,-7.263801],[109.701268,-7.263784],[109.701085,-7.263772],[109.700941,-7.263763],[109.700757,-7.263688],[109.700641,-7.263543],[109.700569,-7.263381],[109.70054,-7.263221],[109.70045,-7.263117],[109.700322,-7.263033],[109.70008,-7.262883],[109.69986,-7.262746],[109.699748,-7.26261],[109.699689,-7.262472],[109.699613,-7.262306],[109.699563,-7.262173],[109.699506,-7.261953],[109.699487,-7.261771],[109.699489,-7.261635],[109.699555,-7.26141],[109.699645,-7.261231],[109.699724,-7.261102],[109.700082,-7.260603],[109.70015,-7.260478],[109.700216,-7.260341],[109.700396,-7.25981],[109.700426,-7.259608],[109.700433,-7.259425],[109.700434,-7.259185],[109.700407,-7.259008],[109.700332,-7.258788],[109.700268,-7.25863],[109.700197,-7.258514],[109.700008,-7.258294],[109.699879,-7.258211],[109.699723,-7.258179],[109.699531,-7.258178],[109.699256,-7.258171],[109.698896,-7.258164],[109.698686,-7.258164],[109.698466,-7.258164],[109.698294,-7.258151],[109.698144,-7.258088],[109.698003,-7.258062],[109.697846,-7.25807],[109.697591,-7.258083],[109.697247,-7.25811],[109.697104,-7.258112],[109.696907,-7.258092],[109.696595,-7.258028],[109.696185,-7.257932],[109.695457,-7.257797],[109.695228,-7.257739],[109.69497,-7.257764],[109.694658,-7.257878],[109.694174,-7.258032],[109.693974,-7.258122],[109.69381,-7.258319],[109.693658,-7.257827],[109.693599,-7.257686],[109.693361,-7.25726],[109.693285,-7.257114],[109.693123,-7.256912],[109.692962,-7.256811],[109.692509,-7.256577],[109.692176,-7.256488],[109.692055,-7.256402],[109.691892,-7.256248],[109.691795,-7.256218],[109.691347,-7.256168],[109.69118,-7.256172],[109.691049,-7.256261],[109.690973,-7.256343]]}},{"type":"Feature","properties":{"id":655,"nomor_ruas":"IV.11","nama_ruas":"KARANGKOBAR-BATUR","titik_awal":"JL PROP KM 4 HM 1-2 WNY","titik_akhir":"JL PROP KM 43 HM 2 BNA","panjang_km":14.419,"lebar_m":4.5},"geometry":{"type":"LineString","coordinates":[[109.740335,-7.270702],[109.740832,-7.270721],[109.741603,-7.270729],[109.742077,-7.270849],[109.742345,-7.270914],[109.742489,-7.270949],[109.742684,-7.270999],[109.742899,-7.27103],[109.743083,-7.271059],[109.743337,-7.271081],[109.743633,-7.271093],[109.743865,-7.271119],[109.74409,-7.27118],[109.744416,-7.271278],[109.744831,-7.271399],[109.745314,-7.271532],[109.745726,-7.271619],[109.746031,-7.271663],[109.746243,-7.271679],[109.746463,-7.271684],[109.74706,-7.271607],[109.748097,-7.27133],[109.748267,-7.271286],[109.748432,-7.27125],[109.748573,-7.271227],[109.74875,-7.271216],[109.749464,-7.271215],[109.749637,-7.271169],[109.749825,-7.271086],[109.749956,-7.271033],[109.750117,-7.270996],[109.750274,-7.270968],[109.750546,-7.270916],[109.750721,-7.270856],[109.75198,-7.270501],[109.752377,-7.27046],[109.752515,-7.270427],[109.752661,-7.27042],[109.752894,-7.270451],[109.753032,-7.27046],[109.753265,-7.27046],[109.753563,-7.270471],[109.75372,-7.27053],[109.754071,-7.270768],[109.754346,-7.27091],[109.754684,-7.271035],[109.754854,-7.271019],[109.754992,-7.270918],[109.755168,-7.2707],[109.75535,-7.270551],[109.75551,-7.270489],[109.755725,-7.270374],[109.755957,-7.270391],[109.756112,-7.270338],[109.756291,-7.270244],[109.756411,-7.270139],[109.75658,-7.269927],[109.756569,-7.269791],[109.756698,-7.269575],[109.756746,-7.269348],[109.756862,-7.269251],[109.75716,-7.269045],[109.757311,-7.269037],[109.75764,-7.269207],[109.757905,-7.269331],[109.758132,-7.269327],[109.758282,-7.269292],[109.758501,-7.269244],[109.758755,-7.269243],[109.75893,-7.269276],[109.759091,-7.26924],[109.759253,-7.269131],[109.759439,-7.268958],[109.759608,-7.268862],[109.760184,-7.268562],[109.76048,-7.268434],[109.760921,-7.268285],[109.761109,-7.268221],[109.761454,-7.268116],[109.76194,-7.268026],[109.762087,-7.267995],[109.762273,-7.26795],[109.76274,-7.267736],[109.763173,-7.267541],[109.76357,-7.26737],[109.763979,-7.267411],[109.764152,-7.267307],[109.764353,-7.267195],[109.764544,-7.267136],[109.764779,-7.267088],[109.764965,-7.267041],[109.76517,-7.267011],[109.76549,-7.267037],[109.765941,-7.267057],[109.766278,-7.267115],[109.766507,-7.267094],[109.766712,-7.266914],[109.766822,-7.266766],[109.766956,-7.266513],[109.766971,-7.266305],[109.767014,-7.266162],[109.767155,-7.265933],[109.767264,-7.265756],[109.767691,-7.264711],[109.767866,-7.264179],[109.768012,-7.263089],[109.768112,-7.262781],[109.768171,-7.262659],[109.76828,-7.262469],[109.768507,-7.262107],[109.768608,-7.262035],[109.768799,-7.261921],[109.768875,-7.261789],[109.768999,-7.261718],[109.769436,-7.261538],[109.769625,-7.261502],[109.769821,-7.261415],[109.770368,-7.260824],[109.770622,-7.260592],[109.771002,-7.260424],[109.771298,-7.260281],[109.771381,-7.260232],[109.771466,-7.260175],[109.772145,-7.259473],[109.772342,-7.259408],[109.772545,-7.259434],[109.772756,-7.25942],[109.773068,-7.259422],[109.773249,-7.259466],[109.773381,-7.259428],[109.77363,-7.259356],[109.773859,-7.259278],[109.774225,-7.258873],[109.774381,-7.258635],[109.774499,-7.258486],[109.774653,-7.258329],[109.774876,-7.258231],[109.775048,-7.25788],[109.775229,-7.257703],[109.775313,-7.257548],[109.775358,-7.257382],[109.775423,-7.257049],[109.775548,-7.256872],[109.776148,-7.256381],[109.776323,-7.256261],[109.776591,-7.256111],[109.776768,-7.256034],[109.777002,-7.255929],[109.777311,-7.255776],[109.777437,-7.255705],[109.777534,-7.255592],[109.777673,-7.255398],[109.777835,-7.25523],[109.778016,-7.255169],[109.778192,-7.255144],[109.778392,-7.255088],[109.778472,-7.254975],[109.778518,-7.254883],[109.77859,-7.254766],[109.77871,-7.254589],[109.778873,-7.254484],[109.77901,-7.254436],[109.779222,-7.25441],[109.779384,-7.254406],[109.779583,-7.254331],[109.779655,-7.254201],[109.779748,-7.25406],[109.779885,-7.25395],[109.779954,-7.253826],[109.780006,-7.253696],[109.780038,-7.253465],[109.780162,-7.25334],[109.780311,-7.253333],[109.780483,-7.253373],[109.780664,-7.253472],[109.780871,-7.25353],[109.781069,-7.253614],[109.781191,-7.253752],[109.781335,-7.253844],[109.781784,-7.253904],[109.781959,-7.253829],[109.782218,-7.253667],[109.782349,-7.253575],[109.78273,-7.253279],[109.782921,-7.25322],[109.783066,-7.253216],[109.783244,-7.253169],[109.783599,-7.25302],[109.783722,-7.252945],[109.784048,-7.252703],[109.78414,-7.252558],[109.784163,-7.252421],[109.784222,-7.252297],[109.784261,-7.25211],[109.784342,-7.251917],[109.784437,-7.25175],[109.78464,-7.251447],[109.784968,-7.251047],[109.785204,-7.250782],[109.785466,-7.250495],[109.785597,-7.250279],[109.785633,-7.250061],[109.785596,-7.24963],[109.785724,-7.249463],[109.78588,-7.249379],[109.786239,-7.24915],[109.786383,-7.249105],[109.786548,-7.249072],[109.786834,-7.249072],[109.787037,-7.249217],[109.787176,-7.249303],[109.787304,-7.249357],[109.787989,-7.249658],[109.788284,-7.249719],[109.788619,-7.249835],[109.788939,-7.249963],[109.78908,-7.250032],[109.789252,-7.250068],[109.789473,-7.250091],[109.790186,-7.250269],[109.790438,-7.25027],[109.790592,-7.25022],[109.790945,-7.250044],[109.791276,-7.249939],[109.791533,-7.249846],[109.791671,-7.249831],[109.791936,-7.24981],[109.79209,-7.249751],[109.792288,-7.249645],[109.792435,-7.249597],[109.792609,-7.249592],[109.792916,-7.249595],[109.793107,-7.249537],[109.793314,-7.249455],[109.793523,-7.249336],[109.793868,-7.249145],[109.794192,-7.248986],[109.794243,-7.248889],[109.794635,-7.24862],[109.794843,-7.248504],[109.795017,-7.248399],[109.795255,-7.248231],[109.795379,-7.248095],[109.795458,-7.247845],[109.795603,-7.247256],[109.795644,-7.246703],[109.796017,-7.246719],[109.796167,-7.246735],[109.796566,-7.246801],[109.796816,-7.246836],[109.797037,-7.24671],[109.797262,-7.246607],[109.797418,-7.246652],[109.79756,-7.246722],[109.797815,-7.246662],[109.798049,-7.246523],[109.798285,-7.246403],[109.798512,-7.246248],[109.798626,-7.246116],[109.798706,-7.245968],[109.798879,-7.245675],[109.799076,-7.24558],[109.799272,-7.245513],[109.799459,-7.245497],[109.799699,-7.245489],[109.799853,-7.245512],[109.800059,-7.245583],[109.800372,-7.245722],[109.800444,-7.245857],[109.80059,-7.24618],[109.800722,-7.246371],[109.800916,-7.246482],[109.80106,-7.246441],[109.801596,-7.246263],[109.801814,-7.246143],[109.802114,-7.246029],[109.802248,-7.245964],[109.802419,-7.245659],[109.802779,-7.245372],[109.803195,-7.244919],[109.803385,-7.244771],[109.803623,-7.2443],[109.803886,-7.243562],[109.804079,-7.243098],[109.804335,-7.242613],[109.804512,-7.2424],[109.804705,-7.242221],[109.804981,-7.241849],[109.805169,-7.241663],[109.80537,-7.241575],[109.805595,-7.241776],[109.805743,-7.2418],[109.805806,-7.241758],[109.806192,-7.241535],[109.806279,-7.241485],[109.806383,-7.241266],[109.806373,-7.24109],[109.806489,-7.240796],[109.806734,-7.240441],[109.80685,-7.240302],[109.807051,-7.240216],[109.807317,-7.240163],[109.80749,-7.239919],[109.807588,-7.239801],[109.807624,-7.2396],[109.807751,-7.239342],[109.808029,-7.238758],[109.808203,-7.238331],[109.808393,-7.238018],[109.80866,-7.237909],[109.80906,-7.237619],[109.809381,-7.23734],[109.809471,-7.237164],[109.809676,-7.237093],[109.809866,-7.237079],[109.810075,-7.236922],[109.810331,-7.236679],[109.810716,-7.236403],[109.811188,-7.236071],[109.811667,-7.235792],[109.811908,-7.235685],[109.812156,-7.23575],[109.812389,-7.235797],[109.812878,-7.235817],[109.813248,-7.235803],[109.813957,-7.235762],[109.814719,-7.235689],[109.815082,-7.235546],[109.815259,-7.235338],[109.815604,-7.235253],[109.815791,-7.235139],[109.815935,-7.235081],[109.816134,-7.234867],[109.816406,-7.234733],[109.816642,-7.234723],[109.816818,-7.234679],[109.817024,-7.234496],[109.817243,-7.23421],[109.817253,-7.233871],[109.81728,-7.233519],[109.817279,-7.233333],[109.817493,-7.233029],[109.817909,-7.23224],[109.8182,-7.231678],[109.81829,-7.231254],[109.818404,-7.230906],[109.818513,-7.230574],[109.818628,-7.230218],[109.818704,-7.229985],[109.819337,-7.229858],[109.819792,-7.229783],[109.820254,-7.229763],[109.820654,-7.229757],[109.820991,-7.229699],[109.82098,-7.229438],[109.82097,-7.229075],[109.820989,-7.228951],[109.821068,-7.228806],[109.821217,-7.228571],[109.821458,-7.228348],[109.821694,-7.228206],[109.822047,-7.227992],[109.822282,-7.227846],[109.822347,-7.227177],[109.822359,-7.226599],[109.822349,-7.226433],[109.822356,-7.225976],[109.822533,-7.225522],[109.822629,-7.225311],[109.822762,-7.225064],[109.822806,-7.225018],[109.82291,-7.224879],[109.823025,-7.224736],[109.823109,-7.224479],[109.823212,-7.224043],[109.823412,-7.223146],[109.823575,-7.222757],[109.823767,-7.222453],[109.824176,-7.222125],[109.824409,-7.222024],[109.824565,-7.222],[109.825107,-7.221992],[109.82524,-7.221906],[109.825384,-7.221745],[109.825593,-7.221455],[109.825808,-7.221106],[109.826097,-7.220574],[109.826213,-7.220295],[109.826253,-7.220099],[109.826159,-7.219912],[109.826004,-7.219664],[109.825963,-7.219451],[109.825995,-7.219149],[109.826182,-7.218487],[109.826248,-7.218198],[109.826244,-7.217872],[109.82617,-7.217556],[109.826069,-7.217276],[109.826041,-7.217188],[109.826031,-7.216899],[109.826128,-7.216756],[109.826248,-7.216582],[109.826403,-7.215921],[109.826523,-7.215463],[109.826618,-7.215104],[109.826664,-7.214961],[109.826756,-7.214683],[109.826793,-7.214546],[109.826937,-7.214014],[109.827086,-7.2134],[109.827166,-7.213103],[109.827287,-7.212653],[109.827438,-7.212041],[109.827496,-7.211742],[109.827518,-7.211523],[109.82756,-7.211148],[109.827654,-7.210759],[109.827691,-7.210603],[109.827768,-7.210347],[109.827844,-7.210098],[109.82792,-7.209468],[109.82796,-7.209211],[109.828067,-7.208744],[109.828155,-7.208413],[109.828189,-7.208203],[109.828211,-7.207949],[109.828236,-7.207805],[109.828253,-7.20757],[109.82829,-7.207089]]}},{"type":"Feature","properties":{"id":656,"nomor_ruas":"IV.12","nama_ruas":"KARANGGONDANG-SEMBAWA","titik_awal":"IV.3/IV.10/IV.19","titik_akhir":"III.1","panjang_km":4.734,"lebar_m":3},"geometry":{"type":"LineString","coordinates":[[109.694082,-7.265705],[109.693645,-7.265908],[109.693513,-7.266097],[109.693393,-7.266226],[109.693296,-7.266272],[109.693098,-7.266334],[109.692778,-7.266391],[109.692614,-7.266381],[109.692368,-7.266305],[109.692146,-7.266202],[109.691982,-7.266153],[109.691626,-7.266068],[109.691174,-7.266002],[109.690365,-7.266073],[109.6903,-7.266047],[109.690153,-7.265963],[109.689977,-7.265787],[109.689874,-7.265715],[109.689563,-7.265621],[109.689388,-7.265648],[109.689309,-7.265678],[109.689082,-7.265758],[109.689017,-7.265761],[109.688707,-7.265754],[109.688531,-7.265807],[109.688358,-7.265927],[109.68827,-7.265983],[109.688039,-7.266064],[109.687803,-7.266023],[109.687622,-7.265953],[109.687477,-7.265896],[109.687272,-7.265803],[109.687197,-7.265746],[109.687093,-7.265625],[109.686975,-7.265495],[109.686805,-7.265311],[109.686581,-7.265073],[109.686364,-7.26481],[109.686098,-7.264484],[109.686001,-7.264365],[109.685646,-7.263954],[109.68543,-7.26375],[109.685322,-7.263683],[109.68522,-7.263647],[109.68505,-7.26359],[109.684865,-7.263528],[109.684119,-7.263365],[109.683925,-7.263391],[109.683217,-7.263624],[109.683147,-7.263719],[109.683088,-7.263992],[109.683439,-7.264283],[109.683613,-7.264468],[109.683867,-7.264701],[109.683911,-7.264857],[109.683858,-7.265017],[109.683914,-7.265172],[109.683878,-7.26534],[109.683822,-7.265436],[109.683735,-7.265542],[109.683548,-7.265846],[109.683449,-7.266107],[109.683439,-7.266265],[109.683408,-7.26645],[109.683362,-7.266644],[109.683385,-7.266707],[109.683587,-7.267043],[109.683727,-7.267176],[109.683712,-7.267322],[109.683647,-7.267436],[109.68361,-7.267619],[109.683485,-7.267755],[109.683437,-7.267785],[109.683184,-7.267858],[109.682928,-7.267862],[109.682651,-7.267896],[109.682367,-7.267981],[109.681917,-7.268093],[109.681657,-7.268065],[109.681064,-7.268089],[109.680701,-7.268066],[109.680518,-7.268143],[109.680292,-7.268237],[109.680053,-7.268337],[109.679996,-7.268439],[109.679991,-7.268583],[109.680002,-7.268671],[109.680058,-7.268979],[109.680039,-7.26908],[109.679386,-7.269203],[109.679225,-7.269301],[109.678895,-7.269379],[109.678177,-7.269491],[109.678045,-7.269547],[109.67802,-7.269595],[109.677793,-7.269794],[109.677607,-7.269982],[109.677568,-7.270168],[109.677432,-7.270209],[109.677059,-7.27043],[109.67674,-7.270572],[109.676548,-7.270668],[109.676235,-7.270838],[109.676056,-7.270892],[109.675793,-7.270872],[109.675619,-7.270787],[109.675441,-7.270817],[109.674959,-7.271053],[109.674827,-7.271123],[109.674669,-7.271266],[109.674584,-7.271361],[109.674488,-7.271535],[109.674166,-7.271769],[109.673902,-7.271966],[109.67369,-7.272059],[109.673498,-7.272285],[109.673191,-7.272668],[109.672699,-7.272985],[109.672457,-7.273119],[109.672362,-7.273277],[109.672242,-7.273359],[109.672042,-7.2733],[109.671868,-7.27328],[109.671613,-7.27316],[109.671487,-7.273183],[109.67138,-7.273286],[109.671271,-7.27349],[109.671247,-7.273547],[109.671015,-7.273703],[109.670872,-7.273833],[109.670675,-7.274031],[109.670599,-7.274062],[109.670356,-7.274094],[109.670132,-7.274103],[109.669733,-7.274062],[109.66897,-7.274047],[109.668747,-7.274136],[109.668666,-7.274235],[109.668595,-7.274423],[109.668545,-7.274585],[109.668476,-7.274879],[109.668411,-7.275005],[109.668291,-7.275339],[109.668166,-7.275404],[109.667945,-7.275373],[109.667776,-7.275395],[109.667233,-7.274918],[109.667202,-7.274788],[109.667125,-7.274614],[109.666956,-7.274666],[109.66673,-7.274726],[109.666413,-7.274595],[109.666053,-7.27463],[109.665662,-7.274861],[109.665529,-7.274811],[109.665203,-7.274646],[109.664918,-7.27463],[109.66476,-7.27474],[109.664362,-7.274725],[109.664239,-7.274703],[109.664064,-7.274537],[109.66381,-7.274149],[109.663642,-7.273805],[109.663599,-7.273515],[109.66347,-7.273456],[109.66327,-7.273563],[109.663303,-7.273752]]}},{"type":"Feature","properties":{"id":657,"nomor_ruas":"IV.13","nama_ruas":"MARGASARI-GARDU","titik_awal":"IV.19","titik_akhir":"III.1","panjang_km":4.468,"lebar_m":4},"geometry":{"type":"LineString","coordinates":[[109.659024,-7.247846],[109.659166,-7.247986],[109.659362,-7.248167],[109.659514,-7.248229],[109.659691,-7.248263],[109.659828,-7.248284],[109.660033,-7.248315],[109.660184,-7.248353],[109.660347,-7.248417],[109.660514,-7.248463],[109.660668,-7.248487],[109.660806,-7.248468],[109.66098,-7.248483],[109.661126,-7.248512],[109.661282,-7.248544],[109.661462,-7.24855],[109.661654,-7.24857],[109.661808,-7.248609],[109.661927,-7.248692],[109.662094,-7.248791],[109.662292,-7.24893],[109.662484,-7.249059],[109.662992,-7.249564],[109.663181,-7.249624],[109.663388,-7.249599],[109.663545,-7.249683],[109.663634,-7.249826],[109.663739,-7.249918],[109.663871,-7.249996],[109.664055,-7.250182],[109.664222,-7.250275],[109.664405,-7.250322],[109.664585,-7.250339],[109.664867,-7.250453],[109.664999,-7.250451],[109.665226,-7.250424],[109.665664,-7.250408],[109.66593,-7.250459],[109.666124,-7.250523],[109.666262,-7.250664],[109.666459,-7.250775],[109.666597,-7.250898],[109.666707,-7.251051],[109.666898,-7.251231],[109.667129,-7.251321],[109.667311,-7.251334],[109.667563,-7.25126],[109.668108,-7.251136],[109.668318,-7.251062],[109.668613,-7.250841],[109.668832,-7.25071],[109.668973,-7.250657],[109.669152,-7.250702],[109.669332,-7.250766],[109.669625,-7.250778],[109.669858,-7.250923],[109.670109,-7.251079],[109.670223,-7.251295],[109.670312,-7.251549],[109.670497,-7.251648],[109.670595,-7.2519],[109.670673,-7.251996],[109.670804,-7.252128],[109.670828,-7.252277],[109.670989,-7.252487],[109.671271,-7.252368],[109.671379,-7.252231],[109.671625,-7.252142],[109.671855,-7.252155],[109.671942,-7.252281],[109.672145,-7.252473],[109.672381,-7.252584],[109.672878,-7.252882],[109.673135,-7.253044],[109.673237,-7.253098],[109.673368,-7.253275],[109.67347,-7.253314],[109.673658,-7.2535],[109.673672,-7.25376],[109.673893,-7.254099],[109.674336,-7.254142],[109.674524,-7.254226],[109.674659,-7.254233],[109.674794,-7.254215],[109.674944,-7.254141],[109.675259,-7.253887],[109.675415,-7.253852],[109.675796,-7.253751],[109.676119,-7.253776],[109.676151,-7.253992],[109.676229,-7.254168],[109.676354,-7.254462],[109.676428,-7.254728],[109.676625,-7.254777],[109.676685,-7.254953],[109.676819,-7.255073],[109.67696,-7.255113],[109.677247,-7.255102],[109.677664,-7.255097],[109.678133,-7.25529],[109.678327,-7.255467],[109.678435,-7.255646],[109.678815,-7.255803],[109.679144,-7.255936],[109.679267,-7.255855],[109.679297,-7.255625],[109.679229,-7.25546],[109.679325,-7.255296],[109.679553,-7.255234],[109.679742,-7.255252],[109.680074,-7.255346],[109.680253,-7.255445],[109.680475,-7.255467],[109.680643,-7.25553],[109.680828,-7.255707],[109.680917,-7.255845],[109.68104,-7.255932],[109.681426,-7.255829],[109.681726,-7.255668],[109.681937,-7.255471],[109.682075,-7.255439],[109.682329,-7.255395],[109.682611,-7.255288],[109.683005,-7.254948],[109.683215,-7.254631],[109.683359,-7.25453],[109.683443,-7.254557],[109.683617,-7.254531],[109.683824,-7.254481],[109.683971,-7.254388],[109.684253,-7.254111],[109.684421,-7.254073],[109.684552,-7.254154],[109.685061,-7.254466],[109.685411,-7.254626],[109.685892,-7.254884],[109.686089,-7.255023],[109.686311,-7.255008],[109.686704,-7.254953],[109.687012,-7.254885],[109.687177,-7.25478],[109.68743,-7.254554],[109.687445,-7.25438],[109.687371,-7.254072],[109.687471,-7.253755],[109.68754,-7.25372],[109.687681,-7.25375],[109.687979,-7.254005],[109.688243,-7.25414],[109.688493,-7.254422],[109.688652,-7.254468],[109.688856,-7.254477],[109.689078,-7.254394],[109.689224,-7.254371],[109.689313,-7.254661],[109.689342,-7.254966],[109.689453,-7.255104],[109.689599,-7.255218],[109.690083,-7.255611],[109.690203,-7.255698],[109.690475,-7.25581],[109.690864,-7.25594],[109.691031,-7.256191]]}},{"type":"Feature","properties":{"id":658,"nomor_ruas":"IV.14","nama_ruas":"KALIBENING-GETAS","titik_awal":"III.1","titik_akhir":"IV.23/IV.24","panjang_km":6.362,"lebar_m":4},"geometry":{"type":"LineString","coordinates":[[109.637561,-7.224061],[109.637171,-7.224072],[109.637023,-7.22412],[109.636784,-7.224209],[109.636274,-7.224301],[109.635615,-7.224413],[109.635303,-7.224452],[109.635072,-7.224426],[109.634674,-7.224426],[109.634637,-7.224538],[109.63475,-7.224651],[109.635012,-7.224776],[109.635352,-7.225025],[109.635355,-7.225166],[109.635302,-7.225367],[109.635079,-7.225679],[109.634647,-7.225886],[109.633911,-7.226226],[109.633776,-7.226439],[109.633513,-7.226851],[109.633338,-7.226923],[109.633125,-7.226922],[109.632866,-7.226837],[109.632551,-7.226653],[109.632253,-7.226469],[109.632126,-7.226643],[109.632026,-7.226934],[109.631912,-7.227009],[109.631605,-7.227196],[109.631446,-7.22735],[109.631232,-7.227427],[109.630833,-7.227476],[109.63063,-7.227651],[109.630662,-7.227857],[109.630641,-7.228213],[109.630504,-7.22827],[109.630201,-7.228379],[109.630111,-7.228442],[109.629897,-7.228601],[109.629856,-7.228845],[109.629729,-7.228933],[109.629158,-7.22926],[109.628598,-7.229516],[109.628302,-7.229652],[109.62729,-7.229911],[109.627021,-7.229968],[109.626572,-7.230098],[109.626408,-7.230132],[109.626194,-7.230184],[109.625932,-7.23029],[109.625685,-7.230458],[109.62539,-7.23081],[109.625305,-7.23104],[109.62524,-7.231341],[109.625191,-7.231576],[109.625082,-7.232265],[109.625049,-7.232463],[109.625,-7.232959],[109.624945,-7.23352],[109.624916,-7.233869],[109.625,-7.234125],[109.625076,-7.234355],[109.625,-7.234941],[109.624865,-7.235331],[109.624805,-7.235491],[109.624772,-7.235744],[109.624663,-7.235983],[109.624602,-7.236133],[109.624465,-7.236176],[109.623988,-7.236242],[109.623083,-7.236544],[109.622694,-7.23664],[109.622509,-7.236655],[109.622169,-7.23633],[109.621979,-7.236423],[109.621878,-7.236788],[109.621807,-7.23697],[109.621476,-7.23695],[109.621289,-7.236957],[109.621025,-7.237094],[109.62091,-7.237709],[109.621051,-7.237749],[109.62128,-7.2376],[109.621508,-7.237677],[109.621502,-7.2379],[109.62128,-7.238204],[109.620968,-7.238359],[109.620607,-7.238481],[109.620451,-7.238538],[109.620337,-7.238621],[109.620108,-7.238797],[109.619539,-7.238368],[109.619346,-7.238563],[109.619133,-7.238726],[109.619002,-7.238744],[109.618842,-7.238709],[109.618778,-7.238707],[109.61854,-7.23864],[109.61838,-7.238664],[109.618308,-7.23879],[109.618321,-7.239017],[109.618289,-7.239126],[109.617938,-7.239298],[109.617445,-7.239427],[109.617112,-7.239411],[109.617079,-7.239455],[109.617062,-7.239681],[109.616629,-7.239871],[109.616369,-7.239971],[109.616004,-7.239984],[109.615768,-7.240047],[109.615562,-7.240176],[109.61548,-7.240216],[109.615271,-7.240285],[109.61504,-7.240503],[109.614573,-7.240823],[109.614525,-7.240875],[109.614357,-7.241109],[109.614311,-7.241171],[109.613977,-7.241388],[109.613853,-7.241516],[109.61378,-7.2417],[109.61384,-7.241836],[109.613763,-7.241927],[109.613658,-7.242075],[109.613619,-7.242219],[109.613593,-7.242543],[109.613496,-7.242809],[109.613424,-7.242836],[109.61327,-7.24288],[109.612846,-7.242975],[109.612275,-7.243003],[109.612206,-7.243017],[109.611954,-7.243139],[109.611843,-7.243273],[109.611438,-7.243782],[109.611058,-7.24411],[109.610942,-7.244178],[109.61077,-7.244363],[109.610429,-7.24464],[109.610256,-7.244797],[109.609853,-7.244974],[109.609637,-7.245016],[109.609536,-7.245019],[109.609059,-7.245003],[109.607958,-7.245107],[109.607071,-7.245],[109.606959,-7.24511],[109.606665,-7.24548],[109.606529,-7.24562],[109.606457,-7.245682],[109.606272,-7.245796],[109.606145,-7.24582],[109.606071,-7.245812],[109.605938,-7.245774],[109.605649,-7.245663],[109.605452,-7.245577],[109.605189,-7.245461],[109.604755,-7.245357],[109.604678,-7.245491],[109.60468,-7.245575],[109.604845,-7.246006],[109.604885,-7.246283],[109.604757,-7.246372],[109.604203,-7.246882],[109.604083,-7.247112],[109.603808,-7.247219],[109.603649,-7.24724],[109.603337,-7.247248],[109.603136,-7.247213],[109.602977,-7.247128],[109.602935,-7.247053],[109.602803,-7.246843],[109.602662,-7.246814],[109.60248,-7.246818],[109.602297,-7.246927],[109.602282,-7.247077],[109.602301,-7.247116],[109.602644,-7.247341],[109.60278,-7.2476],[109.602729,-7.247765],[109.602603,-7.248214],[109.602437,-7.248582],[109.60246,-7.248626],[109.602603,-7.248892],[109.602695,-7.249206],[109.602605,-7.249348],[109.602524,-7.249448],[109.602374,-7.249614],[109.60227,-7.249637],[109.601793,-7.249798],[109.601664,-7.249909],[109.601665,-7.250036],[109.601708,-7.25008],[109.601806,-7.250309]]}},{"type":"Feature","properties":{"id":659,"nomor_ruas":"IV.19","nama_ruas":"CAWAKAN-KARANGGONDANG","titik_awal":"JALAN PROV.KM 42","titik_akhir":"IV.3/IV.10/IV.12","panjang_km":4.03,"lebar_m":4},"geometry":{"type":"LineString","coordinates":[[109.703902,-7.228538],[109.703853,-7.22874],[109.7038,-7.228969],[109.703784,-7.229169],[109.703422,-7.229746],[109.703253,-7.229927],[109.703001,-7.230037],[109.702858,-7.230134],[109.702799,-7.230228],[109.702788,-7.230702],[109.702711,-7.232585],[109.702663,-7.233082],[109.702661,-7.233262],[109.702719,-7.233625],[109.702767,-7.23383],[109.702933,-7.234317],[109.702923,-7.234506],[109.702864,-7.234668],[109.702781,-7.234942],[109.702781,-7.235097],[109.702807,-7.235373],[109.702885,-7.235812],[109.702834,-7.235989],[109.702723,-7.236181],[109.702709,-7.236406],[109.702637,-7.236534],[109.702704,-7.236733],[109.702872,-7.236823],[109.703057,-7.236938],[109.70314,-7.23714],[109.703181,-7.23746],[109.703314,-7.237791],[109.7034,-7.23801],[109.70343,-7.238372],[109.70341,-7.23884],[109.703403,-7.239003],[109.703321,-7.239393],[109.703234,-7.239896],[109.703272,-7.240118],[109.703359,-7.240297],[109.703389,-7.240469],[109.703375,-7.240677],[109.703237,-7.240815],[109.702937,-7.241023],[109.702748,-7.241167],[109.702612,-7.24127],[109.702468,-7.241484],[109.702396,-7.241656],[109.702334,-7.241765],[109.702145,-7.241916],[109.702048,-7.242015],[109.701933,-7.242342],[109.701945,-7.242563],[109.701957,-7.242749],[109.701953,-7.242975],[109.701867,-7.243263],[109.701744,-7.243506],[109.701504,-7.243946],[109.700989,-7.244883],[109.700827,-7.24516],[109.700604,-7.245452],[109.700522,-7.245603],[109.700467,-7.245791],[109.700389,-7.246297],[109.700332,-7.246484],[109.700287,-7.246634],[109.7002,-7.246771],[109.700088,-7.246876],[109.69992,-7.246913],[109.699755,-7.246932],[109.699548,-7.247003],[109.699369,-7.247146],[109.699198,-7.247183],[109.699046,-7.247227],[109.698906,-7.247319],[109.698631,-7.247556],[109.69841,-7.247681],[109.698109,-7.247822],[109.697831,-7.247937],[109.697386,-7.248079],[109.697226,-7.248123],[109.696961,-7.24823],[109.696583,-7.248301],[109.695619,-7.248394],[109.695392,-7.248493],[109.695222,-7.248668],[109.695043,-7.248809],[109.694611,-7.249109],[109.694275,-7.249267],[109.694081,-7.249299],[109.693835,-7.249348],[109.693406,-7.24968],[109.693106,-7.249937],[109.692949,-7.250082],[109.692746,-7.250231],[109.692666,-7.250358],[109.692533,-7.250771],[109.692445,-7.250916],[109.692315,-7.251035],[109.692162,-7.251109],[109.691892,-7.251197],[109.691478,-7.251556],[109.691353,-7.251697],[109.691263,-7.251854],[109.691199,-7.252046],[109.691148,-7.252245],[109.691097,-7.252392],[109.690976,-7.252714],[109.690971,-7.252863],[109.691046,-7.253438],[109.691193,-7.253573],[109.691373,-7.253626],[109.691526,-7.253719],[109.691634,-7.253877],[109.691698,-7.254015],[109.691826,-7.254284],[109.691904,-7.254515],[109.692013,-7.254665],[109.692226,-7.25496],[109.692279,-7.255127],[109.692259,-7.255256],[109.692154,-7.25542],[109.691519,-7.255895],[109.69118,-7.256172],[109.691105,-7.256221]]}},{"type":"Feature","properties":{"id":660,"nomor_ruas":"IV.20","nama_ruas":"KALISAT-BINANGUN","titik_awal":"IV.19","titik_akhir":"IV.9","panjang_km":3.69,"lebar_m":4},"geometry":{"type":"LineString","coordinates":[[109.703298,-7.240759],[109.703395,-7.240673],[109.703213,-7.241029],[109.703453,-7.241195],[109.703686,-7.241292],[109.703963,-7.241297],[109.704287,-7.241211],[109.704491,-7.24133],[109.704657,-7.241327],[109.705063,-7.241307],[109.705609,-7.241226],[109.706041,-7.241066],[109.706109,-7.241184],[109.706191,-7.241585],[109.706372,-7.241744],[109.706684,-7.24152],[109.706857,-7.241563],[109.706908,-7.241975],[109.707061,-7.242373],[109.707227,-7.242761],[109.707452,-7.243039],[109.707604,-7.243298],[109.707777,-7.243322],[109.707983,-7.243337],[109.708203,-7.243414],[109.708236,-7.243568],[109.708259,-7.243907],[109.708374,-7.244008],[109.708872,-7.243952],[109.709299,-7.243891],[109.709371,-7.244011],[109.709407,-7.244518],[109.70955,-7.24493],[109.709706,-7.245529],[109.709806,-7.245855],[109.709805,-7.246223],[109.709569,-7.24672],[109.709463,-7.246935],[109.709462,-7.247136],[109.709538,-7.247572],[109.709704,-7.24808],[109.709635,-7.248797],[109.709624,-7.249099],[109.709681,-7.2493],[109.709782,-7.249453],[109.709925,-7.249507],[109.710131,-7.249536],[109.710428,-7.249503],[109.710598,-7.249594],[109.710792,-7.249825],[109.710877,-7.250093],[109.711212,-7.250396],[109.711499,-7.250631],[109.711608,-7.250827],[109.711804,-7.251283],[109.711769,-7.251589],[109.711376,-7.251798],[109.711317,-7.252013],[109.711523,-7.252081],[109.711662,-7.252172],[109.71171,-7.252302],[109.711647,-7.252483],[109.711594,-7.252641],[109.711607,-7.252952],[109.711563,-7.253392],[109.711562,-7.253684],[109.711638,-7.253833],[109.711532,-7.253952],[109.711293,-7.254009],[109.711067,-7.254243],[109.710764,-7.254663],[109.710518,-7.254949],[109.710431,-7.255179],[109.710276,-7.255772],[109.710088,-7.256221],[109.710111,-7.256508],[109.710379,-7.256667],[109.710494,-7.256892],[109.710373,-7.257093],[109.71021,-7.257164],[109.710124,-7.257279],[109.710122,-7.257734],[109.710208,-7.257916],[109.710361,-7.25795],[109.710994,-7.258014],[109.711382,-7.258034],[109.711665,-7.257896],[109.711756,-7.257791],[109.711948,-7.257686],[109.712202,-7.257668],[109.712514,-7.257554],[109.71285,-7.257392],[109.71321,-7.257082],[109.713547,-7.256757],[109.714035,-7.256912],[109.714222,-7.25696],[109.714409,-7.256865],[109.714797,-7.256962],[109.715219,-7.257068],[109.715702,-7.257161],[109.715894,-7.257195],[109.716143,-7.257325],[109.716353,-7.257498],[109.71641,-7.257684],[109.716375,-7.258201]]}},{"type":"Feature","properties":{"id":661,"nomor_ruas":"VI.19","nama_ruas":"JL KI JAGAPATI","titik_awal":"VI.18/Jalan Provinsi","titik_akhir":"VI.17/VI.24","panjang_km":0.827,"lebar_m":8},"geometry":{"type":"LineString","coordinates":[[109.695021,-7.391214],[109.695193,-7.39121],[109.695461,-7.391202],[109.695698,-7.391175],[109.696033,-7.391284],[109.696163,-7.391341],[109.696386,-7.391447],[109.696573,-7.391506],[109.696715,-7.39152],[109.696866,-7.391508],[109.697004,-7.391466],[109.697267,-7.391369],[109.697542,-7.39128],[109.697712,-7.391924],[109.69779,-7.392078],[109.697855,-7.392095],[109.698068,-7.392013],[109.698411,-7.391869],[109.698649,-7.3918],[109.698726,-7.391792],[109.698999,-7.391722],[109.699017,-7.391867],[109.699034,-7.392012],[109.69907,-7.39228],[109.699107,-7.392581],[109.699092,-7.392966],[109.69973,-7.392969],[109.699999,-7.392977],[109.700525,-7.39299],[109.70053,-7.392932]]}},{"type":"Feature","properties":{"id":662,"nomor_ruas":"VI.2","nama_ruas":"JL PEMUDA","titik_awal":"VI.1/VI.3","titik_akhir":"VI.24/VI.3","panjang_km":0.895,"lebar_m":2.5},"geometry":{"type":"LineString","coordinates":[[109.692987,-7.397238],[109.693136,-7.397068],[109.693301,-7.397039],[109.693485,-7.397031],[109.69442,-7.39703],[109.694612,-7.397026],[109.695118,-7.396999],[109.695594,-7.396973],[109.695819,-7.397025],[109.695872,-7.396953],[109.696021,-7.39694],[109.696675,-7.396883],[109.697495,-7.39681],[109.697829,-7.396771],[109.69804,-7.396757],[109.698244,-7.396743],[109.698455,-7.396723],[109.698681,-7.396696],[109.69887,-7.396676],[109.699403,-7.396615],[109.699686,-7.396593],[109.700782,-7.396456],[109.700949,-7.39644]]}},{"type":"Feature","properties":{"id":663,"nomor_ruas":"IV.23","nama_ruas":"GETAS-MLAYA","titik_awal":"IV.14 / IV.24","titik_akhir":"III.5/III.32","panjang_km":10.944,"lebar_m":4},"geometry":{"type":"LineString","coordinates":[[109.601806,-7.250309],[109.601878,-7.250622],[109.601821,-7.250734],[109.601739,-7.250967],[109.601563,-7.25106],[109.601491,-7.251192],[109.601448,-7.251289],[109.601317,-7.251423],[109.601146,-7.251606],[109.600984,-7.251614],[109.600739,-7.251609],[109.600729,-7.251733],[109.600849,-7.25189],[109.601077,-7.252115],[109.601103,-7.252223],[109.601135,-7.25256],[109.601103,-7.252763],[109.600857,-7.253563],[109.600692,-7.253787],[109.600623,-7.253797],[109.600407,-7.253815],[109.600164,-7.253884],[109.600132,-7.254007],[109.600158,-7.254108],[109.600205,-7.254411],[109.600293,-7.254562],[109.600351,-7.254662],[109.600515,-7.254959],[109.600571,-7.255015],[109.600862,-7.25503],[109.601133,-7.255082],[109.601262,-7.255159],[109.601466,-7.255347],[109.60148,-7.255453],[109.601497,-7.255714],[109.60157,-7.255997],[109.601471,-7.256164],[109.601294,-7.256294],[109.601136,-7.256422],[109.601012,-7.256595],[109.600816,-7.256609],[109.600674,-7.256707],[109.600645,-7.256846],[109.600848,-7.257185],[109.600814,-7.2573],[109.600678,-7.257518],[109.600623,-7.257643],[109.600458,-7.257943],[109.600358,-7.258079],[109.600179,-7.25811],[109.599963,-7.258112],[109.599606,-7.258006],[109.599517,-7.258054],[109.599419,-7.258185],[109.599499,-7.258405],[109.599565,-7.258646],[109.599597,-7.258774],[109.59977,-7.259034],[109.599797,-7.259231],[109.59975,-7.259404],[109.599602,-7.259678],[109.599692,-7.259797],[109.59985,-7.2599],[109.599873,-7.260024],[109.599887,-7.260088],[109.600017,-7.260254],[109.600297,-7.260443],[109.600469,-7.260527],[109.600513,-7.260681],[109.600576,-7.260844],[109.600553,-7.261012],[109.600603,-7.261059],[109.600846,-7.261217],[109.600965,-7.261305],[109.601065,-7.261503],[109.600996,-7.26168],[109.600899,-7.261744],[109.60059,-7.261849],[109.600586,-7.261946],[109.600645,-7.262175],[109.600787,-7.262252],[109.600895,-7.262375],[109.601001,-7.262611],[109.60102,-7.262886],[109.600924,-7.263213],[109.600798,-7.263365],[109.600646,-7.263536],[109.600609,-7.263766],[109.600457,-7.264146],[109.600375,-7.264498],[109.60019,-7.264604],[109.600022,-7.265038],[109.599851,-7.265181],[109.599624,-7.265363],[109.599303,-7.265542],[109.598976,-7.265999],[109.599057,-7.26618],[109.599006,-7.266244],[109.598796,-7.266602],[109.598616,-7.26676],[109.598417,-7.267076],[109.598345,-7.267201],[109.59818,-7.267446],[109.598132,-7.267598],[109.598064,-7.267763],[109.597851,-7.26792],[109.597809,-7.267996],[109.597778,-7.268232],[109.597882,-7.268428],[109.598023,-7.268615],[109.598072,-7.268749],[109.598113,-7.268962],[109.598138,-7.269067],[109.598229,-7.269311],[109.598227,-7.269357],[109.598157,-7.269552],[109.598048,-7.269817],[109.598057,-7.269919],[109.59813,-7.27013],[109.59817,-7.270217],[109.598283,-7.270381],[109.598472,-7.270598],[109.598627,-7.270883],[109.598647,-7.270937],[109.598677,-7.271091],[109.598736,-7.271419],[109.598757,-7.27149],[109.598924,-7.271771],[109.599179,-7.272119],[109.599327,-7.272208],[109.599556,-7.272374],[109.599567,-7.272555],[109.599644,-7.272727],[109.59969,-7.272775],[109.600088,-7.273095],[109.600433,-7.27333],[109.60078,-7.273614],[109.60083,-7.273636],[109.600893,-7.274036],[109.60097,-7.274153],[109.601099,-7.274294],[109.601113,-7.274465],[109.601168,-7.27467],[109.601241,-7.274743],[109.601481,-7.27483],[109.601703,-7.274914],[109.601839,-7.275096],[109.602014,-7.275436],[109.602051,-7.275643],[109.601929,-7.27595],[109.601921,-7.276186],[109.60197,-7.276351],[109.602082,-7.276737],[109.602215,-7.277429],[109.602297,-7.277978],[109.602328,-7.278071],[109.602424,-7.278216],[109.603105,-7.279115],[109.603257,-7.27926],[109.603357,-7.279322],[109.60405,-7.279625],[109.604075,-7.27968],[109.604242,-7.280052],[109.604473,-7.280425],[109.604498,-7.280553],[109.604498,-7.280675],[109.604467,-7.280939],[109.60448,-7.281104],[109.604494,-7.281443],[109.604485,-7.281845],[109.604527,-7.282372],[109.604524,-7.282634],[109.604502,-7.282836],[109.604457,-7.283041],[109.604281,-7.283742],[109.604193,-7.28406],[109.604043,-7.284308],[109.603765,-7.284778],[109.603546,-7.285661],[109.603682,-7.28579],[109.603711,-7.285963],[109.603782,-7.286114],[109.60386,-7.286351],[109.603902,-7.286717],[109.603945,-7.286997],[109.603993,-7.287665],[109.603942,-7.287952],[109.603761,-7.288181],[109.603725,-7.288432],[109.603796,-7.28864],[109.603967,-7.288949],[109.604053,-7.28923],[109.604016,-7.289617],[109.604138,-7.289718],[109.604453,-7.289841],[109.604869,-7.29023],[109.60507,-7.290345],[109.605479,-7.290512],[109.605774,-7.290592],[109.606026,-7.290592],[109.60655,-7.290651],[109.606773,-7.290666],[109.606995,-7.290782],[109.60721,-7.291084],[109.607382,-7.291164],[109.607641,-7.291129],[109.608044,-7.291058],[109.608519,-7.290995],[109.608958,-7.290924],[109.609461,-7.29094],[109.609986,-7.290949],[109.610467,-7.290951],[109.610848,-7.290894],[109.611259,-7.290738],[109.611539,-7.290674],[109.611942,-7.290675],[109.612107,-7.290704],[109.612023,-7.291078],[109.612016,-7.29124],[109.612082,-7.291419],[109.612207,-7.291581],[109.612326,-7.291725],[109.612481,-7.291941],[109.612642,-7.292151],[109.612744,-7.292247],[109.612839,-7.292379],[109.612917,-7.292624],[109.613138,-7.292762],[109.613293,-7.292859],[109.613437,-7.292943],[109.613562,-7.293123],[109.614099,-7.29389],[109.614517,-7.294418],[109.614928,-7.294939],[109.615125,-7.295137],[109.615197,-7.295293],[109.615196,-7.295449],[109.615208,-7.295706],[109.615128,-7.29625],[109.615012,-7.297051],[109.614823,-7.298026],[109.61481,-7.298277],[109.614887,-7.298492],[109.615145,-7.298595],[109.615312,-7.298769],[109.615419,-7.298978],[109.615514,-7.299161],[109.615688,-7.299264],[109.615843,-7.299378],[109.615947,-7.299555],[109.616293,-7.299367],[109.616761,-7.299141],[109.617408,-7.29895],[109.617573,-7.298993],[109.61779,-7.298987],[109.61807,-7.299029],[109.618408,-7.299057],[109.61869,-7.29904],[109.61884,-7.299028],[109.619163,-7.299041],[109.619488,-7.299117],[109.619784,-7.299144],[109.620224,-7.299151],[109.621079,-7.29943],[109.621578,-7.299605],[109.621714,-7.299653],[109.621976,-7.299785],[109.622401,-7.299998],[109.622573,-7.300017],[109.623367,-7.300144],[109.623639,-7.300306],[109.623929,-7.300522],[109.624085,-7.300559],[109.624225,-7.300547],[109.624712,-7.300488],[109.62518,-7.300399],[109.625372,-7.300304],[109.625671,-7.300395],[109.625899,-7.300479],[109.62642,-7.300606],[109.626802,-7.300661],[109.627052,-7.300663],[109.627414,-7.300645],[109.627726,-7.300557],[109.628021,-7.300463],[109.628194,-7.300466],[109.628326,-7.300506],[109.628563,-7.300583],[109.628715,-7.300581],[109.628851,-7.300516],[109.628994,-7.300399],[109.629176,-7.300358],[109.629338,-7.30034],[109.629778,-7.300255],[109.63081,-7.300288],[109.630939,-7.300209],[109.63106,-7.300055],[109.631243,-7.300006],[109.631591,-7.299899],[109.631727,-7.299883],[109.631808,-7.299893],[109.632103,-7.300016],[109.632212,-7.300119],[109.632296,-7.300272],[109.632434,-7.30034],[109.632705,-7.300297],[109.633203,-7.300202],[109.634096,-7.300061],[109.634797,-7.300019],[109.63497,-7.300076],[109.635317,-7.300239],[109.635606,-7.300447],[109.635795,-7.30058],[109.636226,-7.300846],[109.636376,-7.300855],[109.636501,-7.301062],[109.636626,-7.301146],[109.636926,-7.301242],[109.637164,-7.301269],[109.637325,-7.30138],[109.637532,-7.301772],[109.637667,-7.301939],[109.637895,-7.302012],[109.638072,-7.302146],[109.638223,-7.302309],[109.638372,-7.302509],[109.638671,-7.302546],[109.639018,-7.302601],[109.639156,-7.302547],[109.639442,-7.302505],[109.639642,-7.302525],[109.639941,-7.302771],[109.640384,-7.30297],[109.640541,-7.303082],[109.640631,-7.30319],[109.640821,-7.303475],[109.640959,-7.303536],[109.641055,-7.303683],[109.641092,-7.303852],[109.64121,-7.303953],[109.641336,-7.304013],[109.641448,-7.304115],[109.641621,-7.304264],[109.641925,-7.304392],[109.642074,-7.304392],[109.642324,-7.304441],[109.642391,-7.304615],[109.642506,-7.304686],[109.642606,-7.304915],[109.642599,-7.305124],[109.642641,-7.305226],[109.64281,-7.305509],[109.642859,-7.305698],[109.642874,-7.306013]]}},{"type":"Feature","properties":{"id":664,"nomor_ruas":"IV.24","nama_ruas":"GETAS-BTS KAB PEKALONGAN","titik_awal":"IV.14/IV23","titik_akhir":"BTS KAB PEKALONGAN","panjang_km":6.297,"lebar_m":4},"geometry":{"type":"LineString","coordinates":[[109.602526,-7.247248],[109.602641,-7.24734],[109.602349,-7.247276],[109.60217,-7.247175],[109.601998,-7.247038],[109.601768,-7.246958],[109.601452,-7.246907],[109.601265,-7.246885],[109.60097,-7.246884],[109.600676,-7.246869],[109.600525,-7.246768],[109.600255,-7.246789],[109.599824,-7.246794],[109.599531,-7.246795],[109.599393,-7.246834],[109.599231,-7.2469],[109.599144,-7.247058],[109.599043,-7.247273],[109.598942,-7.247466],[109.598834,-7.247495],[109.598496,-7.247393],[109.598238,-7.247285],[109.598087,-7.247219],[109.597634,-7.247182],[109.597454,-7.247218],[109.597239,-7.247102],[109.597225,-7.246836],[109.597104,-7.246714],[109.596967,-7.246656],[109.596939,-7.246376],[109.59689,-7.246132],[109.596653,-7.246016],[109.596524,-7.245858],[109.596338,-7.245743],[109.596065,-7.245591],[109.5959,-7.245454],[109.595476,-7.245273],[109.595304,-7.245101],[109.595327,-7.244864],[109.595126,-7.244526],[109.594811,-7.244417],[109.594523,-7.244388],[109.594121,-7.244365],[109.593668,-7.244371],[109.593539,-7.244183],[109.59341,-7.24414],[109.593144,-7.244161],[109.59295,-7.243966],[109.592706,-7.24375],[109.592484,-7.243764],[109.592339,-7.244065],[109.592195,-7.244108],[109.59208,-7.244021],[109.59198,-7.243805],[109.591938,-7.243547],[109.591867,-7.243396],[109.591616,-7.243223],[109.591486,-7.243222],[109.591249,-7.243164],[109.590969,-7.243163],[109.590681,-7.243234],[109.590508,-7.243248],[109.590379,-7.243183],[109.590286,-7.243003],[109.590107,-7.242931],[109.589927,-7.243081],[109.589783,-7.243059],[109.589719,-7.24293],[109.589575,-7.242901],[109.589223,-7.242828],[109.588994,-7.242676],[109.588937,-7.242525],[109.588786,-7.242475],[109.588642,-7.242417],[109.588318,-7.242552],[109.587807,-7.242795],[109.587606,-7.242909],[109.587454,-7.243074],[109.587289,-7.243059],[109.587153,-7.242922],[109.587074,-7.242792],[109.586981,-7.24257],[109.586852,-7.242497],[109.586723,-7.242397],[109.586615,-7.242296],[109.586386,-7.242173],[109.586069,-7.24238],[109.585932,-7.242387],[109.585681,-7.242343],[109.58548,-7.24235],[109.585113,-7.242485],[109.584825,-7.242513],[109.58458,-7.242634],[109.584408,-7.242576],[109.58415,-7.242417],[109.583589,-7.242337],[109.582979,-7.242213],[109.58193,-7.241973],[109.581967,-7.241729],[109.581931,-7.241678],[109.58109,-7.241489],[109.580897,-7.24123],[109.580927,-7.24095],[109.580985,-7.240792],[109.580963,-7.240685],[109.580806,-7.240569],[109.580304,-7.240223],[109.580153,-7.240129],[109.579966,-7.24005],[109.579744,-7.239906],[109.579687,-7.239719],[109.579543,-7.239668],[109.579299,-7.23956],[109.579206,-7.239502],[109.579156,-7.239365],[109.579028,-7.239128],[109.578668,-7.239055],[109.578474,-7.239047],[109.57818,-7.238975],[109.57795,-7.238845],[109.577742,-7.238658],[109.577247,-7.238541],[109.577031,-7.238505],[109.576673,-7.238295],[109.576472,-7.238194],[109.576285,-7.238143],[109.576163,-7.238078],[109.576041,-7.237877],[109.575999,-7.237719],[109.576064,-7.237475],[109.576036,-7.237296],[109.575879,-7.237073],[109.575706,-7.237029],[109.575512,-7.237],[109.575195,-7.237157],[109.575044,-7.237371],[109.574929,-7.237443],[109.574699,-7.237413],[109.574505,-7.237348],[109.574325,-7.237269],[109.574059,-7.237268],[109.573858,-7.237267],[109.573743,-7.237159],[109.573629,-7.237044],[109.573486,-7.236835],[109.573386,-7.236526],[109.5733,-7.236296],[109.573229,-7.236217],[109.573006,-7.23613],[109.572727,-7.235929],[109.572462,-7.235626],[109.572304,-7.235382],[109.571565,-7.235135],[109.571335,-7.235027],[109.571156,-7.234919],[109.570955,-7.234775],[109.570459,-7.234594],[109.570246,-7.234033],[109.570131,-7.233745],[109.570009,-7.233688],[109.569736,-7.233658],[109.56955,-7.233543],[109.56932,-7.233535],[109.569176,-7.233419],[109.568911,-7.233354],[109.568666,-7.233296],[109.568422,-7.233424],[109.568371,-7.23346],[109.568163,-7.233474],[109.567825,-7.233351],[109.567696,-7.233221],[109.567359,-7.233134],[109.567179,-7.233133],[109.566992,-7.233075],[109.56682,-7.233103],[109.566718,-7.233326],[109.566682,-7.233476],[109.566595,-7.233756],[109.566551,-7.234064],[109.566485,-7.234459],[109.566484,-7.234617],[109.566239,-7.234896],[109.566224,-7.235198],[109.565562,-7.235332],[109.565382,-7.235324],[109.565081,-7.235294],[109.564921,-7.23561],[109.564892,-7.235775],[109.564741,-7.235846],[109.564468,-7.23591],[109.564237,-7.236002],[109.564043,-7.236239],[109.564006,-7.236368],[109.563862,-7.236439],[109.563589,-7.236431],[109.563439,-7.23628],[109.563094,-7.236142],[109.562807,-7.235976],[109.562621,-7.235825],[109.562463,-7.235724],[109.56224,-7.23558],[109.562068,-7.235486],[109.56163,-7.235398],[109.561422,-7.235297],[109.561119,-7.235612],[109.560925,-7.235712],[109.560622,-7.235948],[109.560543,-7.235854],[109.560436,-7.235631],[109.560271,-7.235688],[109.560055,-7.235709],[109.559775,-7.235593],[109.559639,-7.235399],[109.559496,-7.235255],[109.55928,-7.235197],[109.559014,-7.235247],[109.55895,-7.235124],[109.558799,-7.234987],[109.558617,-7.234909]]}},{"type":"Feature","properties":{"id":665,"nomor_ruas":"IV.25","nama_ruas":"PRINGAMBA-LENGSAR","titik_awal":"IV.14","titik_akhir":"BTS KAB PEKALONGAN","panjang_km":6.482,"lebar_m":4},"geometry":{"type":"LineString","coordinates":[[109.619268,-7.238129],[109.618874,-7.237804],[109.618655,-7.237649],[109.618518,-7.237642],[109.618339,-7.237609],[109.618218,-7.237282],[109.618132,-7.237023],[109.617982,-7.236861],[109.617781,-7.236753],[109.617536,-7.236752],[109.617374,-7.236806],[109.61708,-7.236837],[109.616875,-7.236757],[109.616821,-7.236632],[109.616829,-7.236495],[109.616865,-7.236348],[109.616819,-7.236219],[109.616668,-7.236236],[109.616557,-7.236143],[109.616378,-7.235909],[109.616177,-7.235797],[109.616023,-7.235721],[109.61584,-7.23562],[109.61574,-7.235391],[109.615698,-7.235205],[109.615565,-7.234861],[109.615478,-7.234726],[109.615287,-7.234558],[109.615132,-7.234495],[109.614943,-7.234437],[109.614661,-7.234478],[109.61447,-7.234514],[109.614182,-7.234492],[109.614035,-7.234518],[109.613862,-7.234464],[109.613446,-7.234292],[109.613264,-7.234082],[109.613163,-7.23392],[109.612958,-7.233776],[109.612686,-7.233641],[109.612403,-7.233525],[109.612145,-7.233419],[109.612092,-7.233357],[109.612069,-7.233165],[109.612122,-7.232869],[109.612185,-7.232687],[109.612211,-7.232051],[109.612164,-7.231855],[109.612045,-7.231663],[109.611863,-7.231557],[109.611758,-7.231466],[109.611595,-7.231293],[109.611481,-7.231135],[109.61129,-7.230971],[109.611103,-7.230995],[109.610965,-7.231051],[109.61083,-7.231009],[109.610698,-7.230949],[109.610549,-7.23091],[109.610291,-7.230992],[109.610225,-7.230962],[109.610106,-7.230708],[109.610026,-7.230615],[109.609791,-7.230493],[109.60972,-7.230482],[109.609502,-7.230413],[109.609311,-7.230248],[109.609207,-7.22999],[109.609064,-7.229813],[109.608899,-7.229744],[109.608746,-7.229744],[109.608558,-7.229704],[109.608334,-7.229593],[109.608133,-7.229505],[109.607969,-7.229302],[109.607834,-7.229247],[109.607529,-7.229207],[109.607262,-7.229275],[109.606848,-7.22949],[109.606672,-7.229504],[109.606438,-7.229422],[109.606241,-7.229141],[109.606146,-7.229009],[109.606045,-7.228829],[109.605898,-7.228652],[109.605783,-7.228383],[109.605675,-7.22826],[109.605451,-7.228214],[109.60534,-7.228127],[109.605176,-7.227968],[109.605038,-7.227815],[109.604922,-7.227689],[109.604848,-7.227515],[109.604755,-7.227387],[109.604663,-7.227285],[109.604435,-7.227182],[109.603963,-7.226992],[109.603733,-7.226842],[109.603482,-7.226659],[109.603371,-7.226709],[109.603206,-7.226793],[109.603065,-7.226828],[109.602795,-7.226836],[109.602639,-7.226869],[109.602463,-7.226904],[109.602274,-7.226861],[109.602095,-7.226792],[109.601894,-7.226923],[109.601645,-7.226988],[109.601357,-7.226978],[109.601226,-7.226798],[109.601128,-7.226649],[109.600811,-7.226423],[109.600282,-7.226185],[109.599659,-7.225959],[109.599172,-7.225751],[109.598924,-7.225595],[109.598643,-7.225433],[109.59834,-7.225399],[109.598143,-7.225404],[109.597882,-7.225475],[109.597777,-7.22546],[109.597463,-7.225321],[109.597344,-7.225142],[109.597344,-7.225037],[109.597219,-7.224839],[109.597019,-7.224656],[109.596878,-7.224527],[109.59672,-7.224449],[109.596435,-7.224469],[109.596154,-7.22454],[109.596016,-7.224512],[109.595824,-7.224494],[109.595671,-7.224505],[109.595477,-7.224493],[109.595163,-7.224456],[109.594905,-7.224443],[109.594749,-7.224416],[109.5946,-7.224293],[109.594502,-7.224155],[109.594367,-7.224107],[109.594166,-7.224169],[109.59393,-7.224153],[109.593774,-7.224221],[109.593641,-7.224457],[109.593398,-7.224675],[109.593284,-7.224728],[109.593041,-7.224677],[109.592764,-7.224463],[109.592551,-7.224328],[109.592335,-7.224474],[109.592149,-7.224551],[109.591804,-7.224679],[109.591619,-7.224738],[109.591397,-7.224746],[109.591193,-7.224722],[109.591047,-7.224748],[109.590917,-7.224847],[109.590786,-7.224891],[109.59051,-7.225019],[109.590279,-7.225126],[109.590161,-7.225278],[109.590263,-7.225515],[109.590387,-7.225898],[109.590129,-7.226133],[109.589886,-7.226064],[109.589736,-7.226168],[109.589565,-7.226269],[109.589338,-7.226268],[109.589188,-7.226316],[109.58883,-7.226626],[109.588653,-7.2269],[109.588545,-7.226945],[109.588212,-7.227037],[109.588107,-7.227225],[109.588079,-7.227491],[109.587961,-7.22781],[109.587829,-7.227882],[109.587691,-7.227959],[109.587535,-7.22815],[109.587367,-7.228374],[109.587103,-7.228457],[109.586875,-7.228462],[109.586663,-7.228405],[109.586492,-7.22844],[109.586342,-7.22858],[109.586125,-7.228522],[109.585948,-7.228382],[109.585458,-7.227974],[109.585123,-7.227824],[109.584848,-7.227745],[109.584585,-7.227553],[109.584489,-7.227421],[109.584394,-7.227277],[109.584095,-7.227168],[109.583987,-7.227282],[109.583926,-7.227419],[109.583752,-7.227634],[109.583626,-7.227849],[109.583445,-7.228093],[109.583301,-7.228105],[109.58317,-7.227889],[109.583027,-7.227847],[109.582889,-7.227829],[109.582692,-7.227571],[109.582632,-7.227523],[109.582519,-7.227235],[109.5824,-7.227157],[109.582256,-7.227169],[109.582112,-7.227234],[109.58195,-7.227341],[109.581752,-7.227382],[109.581699,-7.22731],[109.581544,-7.227041],[109.5814,-7.227028],[109.581029,-7.226991],[109.580981,-7.226925],[109.580852,-7.226787],[109.58075,-7.226829],[109.580606,-7.22696],[109.58045,-7.227091],[109.580144,-7.227132],[109.579965,-7.227095],[109.579965,-7.226934],[109.579738,-7.22679],[109.579595,-7.226729],[109.57935,-7.226579],[109.579141,-7.226267],[109.578932,-7.226075],[109.578914,-7.22589],[109.578879,-7.225716],[109.578904,-7.225405],[109.578701,-7.225333],[109.578419,-7.225278],[109.578234,-7.225134],[109.578079,-7.224864],[109.577769,-7.224534],[109.577649,-7.224337],[109.577434,-7.224168],[109.577154,-7.223916],[109.577058,-7.22379],[109.576861,-7.22367],[109.576622,-7.223514],[109.57649,-7.223394],[109.576269,-7.223214],[109.576024,-7.223141],[109.575875,-7.222937],[109.57578,-7.222746],[109.57572,-7.222518]]}},{"type":"Feature","properties":{"id":666,"nomor_ruas":"IV.27","nama_ruas":"PANDANARUM-SINDUAJI","titik_awal":"IV.23","titik_akhir":"Batas Kabupaten Purbalingga","panjang_km":5.244,"lebar_m":3},"geometry":{"type":"LineString","coordinates":[[109.59825,-7.270355],[109.597844,-7.270451],[109.597651,-7.27047],[109.597523,-7.270529],[109.597342,-7.270632],[109.597255,-7.270772],[109.597074,-7.270935],[109.596549,-7.27124],[109.596416,-7.271279],[109.596368,-7.271469],[109.59634,-7.271772],[109.596404,-7.272172],[109.596424,-7.272572],[109.596436,-7.272842],[109.596286,-7.2731],[109.596152,-7.273134],[109.595893,-7.273115],[109.595578,-7.273125],[109.595384,-7.273253],[109.595241,-7.273112],[109.595161,-7.272944],[109.595007,-7.272891],[109.594912,-7.272742],[109.595018,-7.272628],[109.594939,-7.272553],[109.594698,-7.272376],[109.594516,-7.272238],[109.594288,-7.272131],[109.59415,-7.272125],[109.59401,-7.272176],[109.593826,-7.272174],[109.593759,-7.271949],[109.59387,-7.271839],[109.593789,-7.271595],[109.593581,-7.271439],[109.593399,-7.271438],[109.593211,-7.271448],[109.593023,-7.271593],[109.592816,-7.271649],[109.592716,-7.271683],[109.592747,-7.271815],[109.592837,-7.272047],[109.592828,-7.27229],[109.592715,-7.272399],[109.592589,-7.272493],[109.592625,-7.27263],[109.592884,-7.272711],[109.592868,-7.272859],[109.592719,-7.273117],[109.592653,-7.273274],[109.592648,-7.27341],[109.592531,-7.273986],[109.59266,-7.27408],[109.592889,-7.274257],[109.593148,-7.274444],[109.5932,-7.274622],[109.593141,-7.274831],[109.593012,-7.274947],[109.59289,-7.275057],[109.592905,-7.275295],[109.593053,-7.275268],[109.593197,-7.275278],[109.593333,-7.275342],[109.593566,-7.275455],[109.593563,-7.2756],[109.593525,-7.275816],[109.593288,-7.275915],[109.593149,-7.276037],[109.593069,-7.276186],[109.593008,-7.276615],[109.593013,-7.276762],[109.592929,-7.277231],[109.592907,-7.277756],[109.592918,-7.277916],[109.592945,-7.278058],[109.593193,-7.278245],[109.59307,-7.278502],[109.59296,-7.278584],[109.592831,-7.278599],[109.592726,-7.278669],[109.592526,-7.27879],[109.592089,-7.279057],[109.591903,-7.279164],[109.591834,-7.279176],[109.591411,-7.279222],[109.591322,-7.279332],[109.591098,-7.279388],[109.590926,-7.279401],[109.590863,-7.279443],[109.590315,-7.279336],[109.59011,-7.279446],[109.589942,-7.279508],[109.589729,-7.279502],[109.589537,-7.279494],[109.589318,-7.279476],[109.589176,-7.279372],[109.58909,-7.279198],[109.589005,-7.279005],[109.588818,-7.278963],[109.588764,-7.279097],[109.588708,-7.27926],[109.588528,-7.279348],[109.588182,-7.279315],[109.588062,-7.279377],[109.587894,-7.279563],[109.587822,-7.279367],[109.587648,-7.279238],[109.587542,-7.27933],[109.587292,-7.279266],[109.587203,-7.279414],[109.587327,-7.279553],[109.587392,-7.279749],[109.587543,-7.279855],[109.587739,-7.280265],[109.587957,-7.280395],[109.588172,-7.280518],[109.588515,-7.280876],[109.588855,-7.28113],[109.589266,-7.281318],[109.589356,-7.281433],[109.589685,-7.281753],[109.589807,-7.281894],[109.590035,-7.282081],[109.590131,-7.282213],[109.590114,-7.282371],[109.589977,-7.282398],[109.589839,-7.282382],[109.589644,-7.282344],[109.5895,-7.282354],[109.589369,-7.282391],[109.589163,-7.28248],[109.589024,-7.282521],[109.588889,-7.282503],[109.588585,-7.282546],[109.588154,-7.282609],[109.587971,-7.282676],[109.587884,-7.28286],[109.587785,-7.282992],[109.587668,-7.283242],[109.58772,-7.283424],[109.587915,-7.283566],[109.588076,-7.283655],[109.588385,-7.283766],[109.588471,-7.283885],[109.588524,-7.284077],[109.588563,-7.284396],[109.588654,-7.284705],[109.588819,-7.285103],[109.589158,-7.285582],[109.589355,-7.285802],[109.589507,-7.28592],[109.589931,-7.286282],[109.589953,-7.286429],[109.589886,-7.286553],[109.58966,-7.286596],[109.589379,-7.286556],[109.589104,-7.286531],[109.58881,-7.286665],[109.588582,-7.286816],[109.588341,-7.286977],[109.588168,-7.287082],[109.587951,-7.286979],[109.587629,-7.286933],[109.587324,-7.28699],[109.587378,-7.287129],[109.587513,-7.287363],[109.587279,-7.28762],[109.587169,-7.287719],[109.587028,-7.28792],[109.586887,-7.28805],[109.586906,-7.288203],[109.587078,-7.288523],[109.587072,-7.28869],[109.587034,-7.288899],[109.587069,-7.289042],[109.587017,-7.289198],[109.586885,-7.289353],[109.586888,-7.28951],[109.586959,-7.28967],[109.587006,-7.289883],[109.586997,-7.290097],[109.586849,-7.290679],[109.587005,-7.290855],[109.587165,-7.290966],[109.58725,-7.291121],[109.587237,-7.291255],[109.587207,-7.291394],[109.587174,-7.291639],[109.587085,-7.29183],[109.586779,-7.291918],[109.586589,-7.291799],[109.58638,-7.291727],[109.58631,-7.291606],[109.586021,-7.29154],[109.585598,-7.291612],[109.585456,-7.291674],[109.585215,-7.291829],[109.584967,-7.292015],[109.584702,-7.292147],[109.584527,-7.292183],[109.584389,-7.29219]]}},{"type":"Feature","properties":{"id":667,"nomor_ruas":"IV.28","nama_ruas":"LAWEN-PINGIT LOR","titik_awal":"IV.24","titik_akhir":"Batas Kabupaten Pekalongan","panjang_km":6.134,"lebar_m":3},"geometry":{"type":"LineString","coordinates":[[109.582317,-7.242107],[109.582218,-7.242468],[109.582134,-7.242575],[109.581947,-7.242754],[109.581803,-7.242969],[109.581623,-7.243196],[109.581463,-7.243292],[109.581316,-7.243404],[109.581251,-7.243555],[109.581088,-7.243661],[109.580956,-7.243619],[109.580777,-7.243618],[109.580339,-7.243748],[109.580117,-7.243754],[109.57989,-7.243681],[109.579663,-7.243615],[109.579572,-7.243752],[109.579285,-7.243673],[109.579052,-7.243607],[109.578842,-7.243552],[109.578578,-7.243671],[109.578512,-7.243886],[109.578433,-7.244053],[109.578241,-7.244226],[109.578013,-7.244237],[109.577935,-7.244423],[109.577784,-7.244673],[109.577653,-7.244631],[109.577503,-7.244679],[109.577406,-7.244828],[109.577286,-7.244893],[109.577107,-7.244929],[109.577094,-7.245072],[109.577142,-7.245252],[109.577099,-7.245551],[109.577032,-7.2457],[109.576906,-7.245933],[109.576857,-7.246112],[109.576761,-7.246249],[109.57667,-7.24653],[109.576682,-7.24674],[109.576526,-7.246793],[109.576405,-7.246924],[109.57622,-7.246882],[109.575932,-7.246965],[109.575716,-7.24709],[109.575369,-7.24713],[109.575117,-7.247165],[109.574967,-7.247261],[109.574894,-7.247554],[109.57472,-7.247631],[109.574193,-7.247635],[109.574019,-7.247658],[109.573881,-7.247712],[109.573648,-7.247711],[109.573581,-7.247878],[109.573647,-7.248034],[109.573706,-7.248202],[109.573574,-7.248165],[109.573419,-7.248135],[109.573287,-7.248171],[109.573143,-7.248224],[109.572951,-7.248146],[109.572802,-7.248139],[109.572508,-7.248072],[109.572269,-7.248036],[109.57209,-7.247904],[109.572138,-7.247736],[109.571761,-7.247681],[109.571366,-7.247638],[109.571186,-7.247614],[109.571018,-7.247523],[109.570803,-7.247403],[109.570588,-7.247205],[109.570367,-7.247109],[109.570193,-7.247108],[109.570013,-7.247251],[109.569707,-7.247424],[109.569498,-7.247339],[109.569288,-7.247279],[109.569127,-7.247224],[109.569024,-7.247386],[109.568952,-7.247523],[109.568808,-7.247642],[109.5684,-7.247874],[109.568015,-7.248184],[109.567727,-7.24838],[109.567523,-7.248404],[109.567374,-7.248457],[109.567188,-7.248564],[109.566774,-7.248521],[109.566541,-7.248419],[109.566368,-7.248358],[109.56617,-7.248369],[109.56605,-7.248255],[109.565871,-7.248129],[109.565794,-7.247962],[109.565603,-7.247817],[109.565447,-7.247889],[109.565314,-7.248086],[109.565224,-7.248223],[109.565086,-7.248157],[109.564979,-7.248037],[109.564878,-7.247797],[109.56474,-7.247707],[109.564585,-7.247683],[109.564273,-7.247664],[109.564088,-7.247567],[109.563968,-7.247483],[109.563777,-7.247507],[109.563668,-7.247656],[109.563477,-7.247601],[109.563309,-7.247673],[109.563129,-7.247744],[109.562907,-7.247653],[109.562446,-7.247742],[109.562194,-7.247866],[109.562074,-7.247782],[109.561883,-7.247758],[109.561547,-7.2479],[109.561278,-7.247858],[109.561098,-7.247845],[109.560841,-7.247707],[109.560637,-7.247742],[109.560433,-7.247957],[109.560408,-7.248094],[109.560438,-7.248238],[109.560389,-7.248387],[109.560156,-7.248392],[109.559935,-7.248253],[109.559779,-7.248247],[109.559462,-7.248216],[109.559217,-7.248215],[109.559055,-7.248143],[109.55887,-7.247939],[109.558685,-7.247837],[109.558516,-7.24801],[109.558348,-7.248195],[109.558132,-7.248278],[109.55803,-7.248421],[109.55785,-7.248594],[109.557544,-7.248575],[109.557311,-7.248568],[109.557131,-7.248424],[109.556952,-7.248268],[109.556617,-7.248111],[109.556402,-7.247973],[109.556192,-7.248008],[109.556198,-7.248146],[109.556191,-7.248289],[109.556119,-7.248487],[109.55604,-7.248666],[109.556052,-7.248815],[109.556045,-7.249108],[109.555883,-7.24912],[109.55559,-7.248975],[109.555375,-7.248837],[109.555243,-7.248729],[109.554872,-7.248686],[109.554465,-7.248631],[109.553873,-7.248456],[109.553579,-7.248341],[109.553394,-7.248293],[109.553281,-7.248131],[109.553299,-7.247993],[109.553372,-7.247766],[109.553294,-7.247646],[109.553061,-7.247526],[109.552768,-7.247435],[109.552979,-7.247017],[109.553154,-7.246414],[109.553113,-7.246282],[109.553143,-7.246108],[109.553132,-7.245959],[109.55312,-7.245779],[109.553025,-7.245653],[109.552833,-7.245593],[109.552708,-7.245473],[109.552463,-7.245197],[109.552506,-7.245066],[109.552674,-7.244923],[109.552871,-7.244935],[109.553022,-7.244852],[109.553142,-7.244709],[109.553286,-7.24441],[109.553329,-7.244171],[109.55321,-7.244057],[109.553192,-7.243913],[109.553546,-7.243651],[109.553691,-7.243329],[109.55386,-7.24309],[109.554039,-7.243198],[109.554147,-7.243055],[109.55416,-7.24284],[109.554149,-7.2426],[109.554185,-7.242397],[109.554108,-7.2422],[109.554187,-7.241865],[109.553918,-7.241679],[109.553811,-7.241565],[109.553631,-7.241456],[109.553524,-7.24133],[109.553404,-7.241246],[109.553381,-7.241097],[109.55331,-7.240899],[109.553208,-7.240767],[109.552974,-7.240844],[109.552831,-7.24082],[109.552741,-7.240694],[109.552562,-7.24052],[109.552431,-7.240268],[109.552318,-7.240178],[109.552096,-7.24004],[109.551869,-7.239943],[109.551629,-7.24005],[109.551498,-7.239924],[109.551277,-7.239684],[109.551122,-7.239588],[109.550792,-7.239467],[109.550607,-7.239329],[109.5505,-7.239185],[109.550242,-7.239155],[109.550087,-7.239166],[109.54998,-7.238926],[109.549902,-7.238759],[109.549921,-7.238436],[109.549772,-7.238268],[109.549611,-7.23816],[109.549425,-7.238033],[109.549354,-7.23786],[109.549307,-7.237584],[109.549356,-7.237274],[109.549333,-7.237028],[109.549399,-7.236813],[109.549352,-7.236681],[109.549125,-7.236489],[109.54906,-7.23622],[109.548988,-7.236088],[109.548809,-7.235932],[109.548677,-7.23589],[109.548547,-7.235846]]}},{"type":"Feature","properties":{"id":668,"nomor_ruas":"IV.29","nama_ruas":"LAWEN-PASEGERAN","titik_awal":"IV.24","titik_akhir":"IV.27","panjang_km":7.444,"lebar_m":3},"geometry":{"type":"LineString","coordinates":[[109.584659,-7.242591],[109.584825,-7.242513],[109.585113,-7.242485],[109.58548,-7.24235],[109.585681,-7.242343],[109.585932,-7.242387],[109.586069,-7.24238],[109.586486,-7.242188],[109.586615,-7.242296],[109.586723,-7.242397],[109.586852,-7.242497],[109.586981,-7.24257],[109.587074,-7.242792],[109.587153,-7.242922],[109.587289,-7.243059],[109.587454,-7.243074],[109.587606,-7.242909],[109.587807,-7.242795],[109.588318,-7.242552],[109.588642,-7.242417],[109.588786,-7.242475],[109.588937,-7.242525],[109.589072,-7.242777],[109.589223,-7.242828],[109.589575,-7.242901],[109.589719,-7.24293],[109.589869,-7.243088],[109.590013,-7.243024],[109.590229,-7.242931],[109.590286,-7.243003],[109.590379,-7.243183],[109.590508,-7.243248],[109.590681,-7.243234],[109.590969,-7.243163],[109.591249,-7.243164],[109.591486,-7.243222],[109.591723,-7.243245],[109.591867,-7.243396],[109.591938,-7.243547],[109.59198,-7.243805],[109.59208,-7.244021],[109.592303,-7.244101],[109.592397,-7.243943],[109.592592,-7.243736],[109.592829,-7.243794],[109.593036,-7.244067],[109.593244,-7.244161],[109.59341,-7.24414],[109.593539,-7.244183],[109.593783,-7.244371],[109.594121,-7.244365],[109.594523,-7.244388],[109.594811,-7.244417],[109.595126,-7.244526],[109.595327,-7.244864],[109.595304,-7.245101],[109.595476,-7.245273],[109.5959,-7.245454],[109.596065,-7.245591],[109.596338,-7.245743],[109.596524,-7.245858],[109.596717,-7.246088],[109.59689,-7.246132],[109.596939,-7.246376],[109.596967,-7.246656],[109.597104,-7.246714],[109.597225,-7.246836],[109.597268,-7.247188],[109.597454,-7.247218],[109.597634,-7.247182],[109.598087,-7.247219],[109.598238,-7.247285],[109.598496,-7.247393],[109.598834,-7.247495],[109.598985,-7.247423],[109.599043,-7.247273],[109.599144,-7.247058],[109.599231,-7.2469],[109.599393,-7.246834],[109.599633,-7.246795],[109.599825,-7.246794],[109.600255,-7.246789],[109.600525,-7.246768],[109.600791,-7.246898],[109.60097,-7.246884],[109.601265,-7.246885],[109.601452,-7.246907],[109.601768,-7.246958],[109.601998,-7.247038],[109.60217,-7.247175],[109.602349,-7.247276],[109.602644,-7.247341],[109.60278,-7.2476],[109.602729,-7.247765],[109.602603,-7.248214],[109.602437,-7.248582],[109.60246,-7.248626],[109.602603,-7.248892],[109.602695,-7.249206],[109.602605,-7.249348],[109.602524,-7.249448],[109.602374,-7.249614],[109.60227,-7.249637],[109.601793,-7.249798],[109.601664,-7.249909],[109.601665,-7.250036],[109.601758,-7.250145],[109.601821,-7.250734],[109.601739,-7.250967],[109.601563,-7.25106],[109.601491,-7.251192],[109.601448,-7.251289],[109.601317,-7.251423],[109.601146,-7.251606],[109.600984,-7.251614],[109.600739,-7.251609],[109.600729,-7.251733],[109.600849,-7.25189],[109.601077,-7.252115],[109.601103,-7.252223],[109.601135,-7.25256],[109.601103,-7.252763],[109.600857,-7.253563],[109.600692,-7.253787],[109.600623,-7.253797],[109.600407,-7.253815],[109.600164,-7.253884],[109.600132,-7.254007],[109.600158,-7.254108],[109.600205,-7.254411],[109.600293,-7.254562],[109.600351,-7.254662],[109.600515,-7.254959],[109.600571,-7.255015],[109.600862,-7.25503],[109.601133,-7.255082],[109.601262,-7.255159],[109.601466,-7.255347],[109.60148,-7.255453],[109.601497,-7.255714],[109.60157,-7.255997],[109.601471,-7.256164],[109.601294,-7.256294],[109.601136,-7.256422],[109.601012,-7.256595],[109.600816,-7.256609],[109.600674,-7.256707],[109.600645,-7.256846],[109.600848,-7.257185],[109.600814,-7.2573],[109.600678,-7.257518],[109.600623,-7.257643],[109.600458,-7.257943],[109.600358,-7.258079],[109.600179,-7.25811],[109.599963,-7.258112],[109.599606,-7.258006],[109.599517,-7.258054],[109.599419,-7.258185],[109.599499,-7.258405],[109.599565,-7.258646],[109.599597,-7.258774],[109.59977,-7.259034],[109.599797,-7.259231],[109.59975,-7.259404],[109.599602,-7.259678],[109.599692,-7.259797],[109.59985,-7.2599],[109.599873,-7.260024],[109.599887,-7.260088],[109.600017,-7.260254],[109.600297,-7.260443],[109.600469,-7.260527],[109.600513,-7.260681],[109.600576,-7.260844],[109.600553,-7.261012],[109.600603,-7.261059],[109.600846,-7.261217],[109.600965,-7.261305],[109.601065,-7.261503],[109.600996,-7.26168],[109.600899,-7.261744],[109.60059,-7.261849],[109.600586,-7.261946],[109.600645,-7.262175],[109.600787,-7.262252],[109.600895,-7.262375],[109.601001,-7.262611],[109.60102,-7.262886],[109.600924,-7.263213],[109.600798,-7.263365],[109.600646,-7.263536],[109.600609,-7.263766],[109.600457,-7.264146],[109.600375,-7.264498],[109.60019,-7.264604],[109.600022,-7.265038],[109.599851,-7.265181],[109.599624,-7.265363],[109.599303,-7.265542],[109.598976,-7.265999],[109.599057,-7.26618],[109.599006,-7.266244],[109.598796,-7.266602],[109.598616,-7.26676],[109.598417,-7.267076],[109.598345,-7.267201],[109.59818,-7.267446],[109.598132,-7.267598],[109.598064,-7.267763],[109.597851,-7.26792],[109.597809,-7.267996],[109.597778,-7.268232],[109.597882,-7.268428],[109.598023,-7.268615],[109.598072,-7.268749],[109.598113,-7.268962],[109.598138,-7.269067],[109.598229,-7.269311],[109.598227,-7.269357],[109.598157,-7.269552],[109.598048,-7.269817],[109.598057,-7.269919],[109.59813,-7.27013],[109.59817,-7.270217],[109.59825,-7.270355],[109.597844,-7.270451],[109.597651,-7.27047],[109.597523,-7.270529],[109.597342,-7.270632],[109.597255,-7.270772],[109.597074,-7.270935],[109.596549,-7.27124],[109.596416,-7.271279],[109.596368,-7.271469],[109.59634,-7.271772],[109.596404,-7.272172],[109.596424,-7.272572],[109.596436,-7.272842],[109.596286,-7.2731],[109.596152,-7.273134],[109.595893,-7.273115],[109.595578,-7.273125],[109.595384,-7.273253],[109.595241,-7.273112],[109.595161,-7.272944],[109.595007,-7.272891],[109.594912,-7.272742],[109.595018,-7.272628],[109.594939,-7.272553],[109.594698,-7.272376],[109.594516,-7.272238],[109.594288,-7.272131],[109.59415,-7.272125],[109.59401,-7.272176],[109.593826,-7.272174],[109.593759,-7.271949],[109.59387,-7.271839],[109.593789,-7.271595],[109.593581,-7.271439],[109.593399,-7.271438],[109.593211,-7.271448],[109.593023,-7.271593],[109.592816,-7.271649],[109.592716,-7.271683],[109.592747,-7.271815],[109.592837,-7.272047],[109.592828,-7.27229],[109.592715,-7.272399],[109.592589,-7.272493],[109.592625,-7.27263],[109.592884,-7.272711],[109.592868,-7.272859],[109.592719,-7.273117],[109.592653,-7.273274],[109.592648,-7.27341],[109.592531,-7.273986],[109.59266,-7.27408],[109.592889,-7.274257],[109.593148,-7.274444],[109.5932,-7.274622],[109.593141,-7.274831],[109.593012,-7.274947],[109.59289,-7.275057],[109.592905,-7.275295],[109.593053,-7.275268],[109.593197,-7.275278],[109.593333,-7.275342],[109.593566,-7.275455],[109.593563,-7.2756],[109.593525,-7.275816],[109.593322,-7.275894]]}},{"type":"Feature","properties":{"id":669,"nomor_ruas":"VI.44","nama_ruas":"JL MENUR","titik_awal":"VI.32","titik_akhir":"VI.43","panjang_km":0.105,"lebar_m":3},"geometry":{"type":"LineString","coordinates":[[109.725313,-7.39161],[109.724363,-7.391545]]}},{"type":"Feature","properties":{"id":670,"nomor_ruas":"IV.30","nama_ruas":"KARANGKOBAR-AMBAL","titik_awal":"Jalan Provinsi","titik_akhir":"IV.10","panjang_km":1.732,"lebar_m":4},"geometry":{"type":"LineString","coordinates":[[109.725198,-7.270002],[109.725295,-7.269843],[109.725501,-7.269695],[109.725644,-7.269658],[109.725974,-7.269622],[109.726144,-7.269645],[109.726349,-7.2697],[109.726615,-7.269665],[109.726849,-7.269693],[109.727278,-7.26958],[109.727982,-7.269289],[109.728742,-7.269048],[109.728991,-7.269001],[109.729236,-7.268964],[109.729511,-7.268878],[109.730024,-7.268868],[109.73017,-7.268878],[109.730329,-7.268899],[109.730588,-7.268927],[109.730973,-7.268957],[109.7314,-7.268864],[109.73197,-7.268947],[109.732725,-7.26898],[109.733182,-7.269019],[109.733724,-7.269019],[109.734077,-7.269136],[109.734528,-7.269305],[109.735132,-7.269541],[109.736271,-7.269887],[109.736741,-7.270069],[109.737373,-7.270238],[109.738711,-7.270562],[109.739109,-7.270646],[109.7393,-7.270671],[109.739451,-7.270671],[109.740335,-7.270702]]}},{"type":"Feature","properties":{"id":671,"nomor_ruas":"IV.6","nama_ruas":"KARANGKOBAR-GUMELAR","titik_awal":"Jalan provinsi","titik_akhir":"Desa Gumelar","panjang_km":2.688,"lebar_m":3},"geometry":{"type":"LineString","coordinates":[[109.738876,-7.273708],[109.738891,-7.273888],[109.738896,-7.274068],[109.738987,-7.274887],[109.739025,-7.275197],[109.73904,-7.275376],[109.739037,-7.275584],[109.739007,-7.275797],[109.738854,-7.275942],[109.738635,-7.276095],[109.738463,-7.276138],[109.738322,-7.276156],[109.73817,-7.276168],[109.738006,-7.276266],[109.737813,-7.276456],[109.737598,-7.276725],[109.737562,-7.276855],[109.737588,-7.277012],[109.737577,-7.277183],[109.737553,-7.277322],[109.737529,-7.277494],[109.737531,-7.277723],[109.737461,-7.277849],[109.737373,-7.27796],[109.737303,-7.278198],[109.73726,-7.27832],[109.737208,-7.27847],[109.737129,-7.278646],[109.736837,-7.278803],[109.73676,-7.278955],[109.736784,-7.27912],[109.736775,-7.279418],[109.736723,-7.279815],[109.736782,-7.279983],[109.736929,-7.280115],[109.736951,-7.280254],[109.736925,-7.280446],[109.7369,-7.280619],[109.73708,-7.280768],[109.737065,-7.280874],[109.736993,-7.281002],[109.736804,-7.281208],[109.736673,-7.281368],[109.73665,-7.281585],[109.736768,-7.281724],[109.736858,-7.281828],[109.736976,-7.282031],[109.736964,-7.282188],[109.736925,-7.282382],[109.736697,-7.282771],[109.736552,-7.28281],[109.73637,-7.282874],[109.736229,-7.282968],[109.735988,-7.283004],[109.735882,-7.283061],[109.735722,-7.283233],[109.735786,-7.283442],[109.735934,-7.283757],[109.736225,-7.283918],[109.736497,-7.284002],[109.736633,-7.284181],[109.736767,-7.284379],[109.736861,-7.284594],[109.736881,-7.284788],[109.736854,-7.284986],[109.736826,-7.285183],[109.736712,-7.285377],[109.736587,-7.285584],[109.736574,-7.285739],[109.736619,-7.285998],[109.736583,-7.2862],[109.7365,-7.286406],[109.736363,-7.286491],[109.736236,-7.286589],[109.736035,-7.286723],[109.735695,-7.286915],[109.735671,-7.287056],[109.735892,-7.287272],[109.736115,-7.287464],[109.736132,-7.287625],[109.736098,-7.287821],[109.736058,-7.2881],[109.73602,-7.288291],[109.735899,-7.288424],[109.735667,-7.288534],[109.735568,-7.288652],[109.735449,-7.288901],[109.735475,-7.289105],[109.7356,-7.289235],[109.735882,-7.289449],[109.735823,-7.289577],[109.73576,-7.289703],[109.735867,-7.28982],[109.736048,-7.289836],[109.736189,-7.289972],[109.736178,-7.290129],[109.7361,-7.290317],[109.735978,-7.29048],[109.73595,-7.290648],[109.736154,-7.290818],[109.736157,-7.290974],[109.7361,-7.291165],[109.735994,-7.291346],[109.735655,-7.29166],[109.735651,-7.291833],[109.73571,-7.292027],[109.735701,-7.292186],[109.735682,-7.292343],[109.735787,-7.292595],[109.735827,-7.292792],[109.735808,-7.29301],[109.735749,-7.293271]]}},{"type":"Feature","properties":{"id":672,"nomor_ruas":"VI.73","nama_ruas":"BRI","titik_awal":"VI.2/Jalan nasioal","titik_akhir":"VI.15","panjang_km":0.443,"lebar_m":3},"geometry":{"type":"LineString","coordinates":[[109.695408,-7.396741],[109.695484,-7.39662],[109.695626,-7.396532],[109.695668,-7.396488],[109.69567,-7.396161],[109.6958,-7.395719],[109.695801,-7.396531],[109.695798,-7.396756],[109.695845,-7.397008],[109.695789,-7.397137],[109.695792,-7.397641],[109.695715,-7.397922],[109.695538,-7.397946],[109.695119,-7.398012]]}},{"type":"Feature","properties":{"id":673,"nomor_ruas":"IV.9","nama_ruas":"KUNINGAN-AMBAL","titik_awal":"JL PROP KM 2 WNY","titik_akhir":"IV.10","panjang_km":4.268,"lebar_m":4},"geometry":{"type":"LineString","coordinates":[[109.721189,-7.235796],[109.720792,-7.235992],[109.720601,-7.236139],[109.720441,-7.23626],[109.72024,-7.236472],[109.719989,-7.236761],[109.719938,-7.236903],[109.719952,-7.237046],[109.72,-7.237195],[109.720217,-7.237469],[109.720163,-7.237674],[109.720167,-7.237861],[109.720179,-7.238072],[109.720015,-7.238367],[109.719959,-7.238509],[109.719831,-7.238805],[109.719762,-7.239234],[109.719697,-7.239478],[109.719602,-7.239618],[109.719667,-7.239826],[109.719611,-7.240008],[109.71962,-7.240376],[109.719563,-7.240582],[109.719485,-7.240753],[109.719511,-7.240952],[109.719626,-7.241288],[109.719595,-7.241448],[109.71973,-7.241904],[109.719779,-7.24218],[109.719756,-7.242369],[109.719918,-7.242651],[109.719958,-7.242808],[109.719903,-7.243009],[109.71987,-7.243143],[109.719759,-7.24337],[109.719704,-7.243687],[109.719714,-7.244357],[109.719695,-7.244829],[109.719809,-7.244937],[109.719856,-7.245147],[109.719849,-7.245511],[109.719823,-7.245819],[109.719231,-7.246358],[109.719032,-7.24685],[109.718902,-7.247201],[109.718613,-7.247724],[109.718403,-7.2481],[109.718382,-7.248212],[109.718297,-7.248505],[109.718243,-7.248661],[109.717981,-7.24909],[109.717946,-7.249262],[109.717896,-7.249707],[109.717605,-7.250196],[109.717348,-7.250588],[109.717244,-7.25071],[109.717116,-7.250803],[109.716983,-7.25087],[109.716814,-7.250986],[109.716699,-7.251103],[109.716623,-7.251224],[109.716509,-7.251474],[109.716423,-7.251727],[109.716447,-7.251935],[109.716544,-7.252043],[109.716684,-7.252142],[109.716867,-7.252209],[109.717022,-7.252214],[109.717173,-7.252163],[109.717325,-7.252143],[109.717756,-7.252271],[109.717784,-7.252409],[109.717688,-7.252506],[109.717571,-7.252534],[109.717057,-7.253085],[109.717022,-7.253218],[109.717122,-7.253343],[109.717252,-7.253457],[109.717454,-7.253543],[109.717635,-7.253655],[109.717641,-7.253865],[109.717635,-7.254034],[109.717655,-7.254316],[109.717557,-7.254463],[109.717415,-7.254385],[109.717339,-7.254211],[109.717212,-7.254112],[109.717019,-7.254074],[109.716923,-7.254097],[109.716392,-7.25514],[109.716355,-7.25526],[109.716385,-7.255412],[109.716696,-7.255662],[109.71686,-7.25569],[109.717049,-7.2557],[109.717123,-7.255822],[109.717163,-7.255984],[109.717224,-7.256213],[109.717297,-7.25641],[109.717392,-7.25664],[109.717512,-7.256912],[109.717422,-7.257085],[109.717146,-7.257369],[109.716999,-7.257499],[109.716876,-7.257635],[109.716744,-7.25778],[109.716492,-7.258016],[109.716363,-7.258243],[109.716318,-7.258429],[109.716403,-7.258584],[109.716607,-7.259187],[109.716724,-7.259292],[109.716825,-7.259417],[109.716819,-7.259582],[109.716841,-7.259758],[109.716988,-7.260031],[109.717315,-7.260566],[109.717305,-7.260712],[109.717254,-7.260864],[109.717076,-7.26128],[109.71703,-7.26144],[109.716992,-7.261607],[109.716909,-7.26184],[109.716837,-7.261994],[109.716695,-7.262309],[109.716618,-7.262609],[109.716736,-7.262849],[109.716771,-7.263056],[109.716753,-7.263237],[109.716723,-7.263397],[109.716637,-7.26355],[109.7165,-7.263607],[109.716063,-7.263609],[109.715882,-7.263652],[109.715429,-7.263788],[109.714907,-7.264043],[109.71468,-7.264197],[109.714569,-7.264296],[109.714378,-7.264412],[109.714181,-7.264667],[109.714069,-7.264865],[109.714014,-7.265043],[109.713925,-7.26532],[109.713699,-7.265769]]}},{"type":"Feature","properties":{"id":674,"nomor_ruas":"V.31","nama_ruas":"KARANGTENGAH-PESURENAN","titik_awal":"JL PROP KM 7 BNA","titik_akhir":"JL PROP KM 5 BTR","panjang_km":7.282,"lebar_m":4.5},"geometry":{"type":"LineString","coordinates":[[109.892792,-7.201723],[109.892571,-7.201693],[109.891584,-7.201527],[109.89144,-7.201508],[109.890894,-7.201436],[109.890563,-7.201387],[109.89006,-7.201347],[109.889919,-7.201314],[109.889739,-7.201299],[109.889521,-7.201298],[109.888924,-7.201338],[109.888564,-7.201394],[109.888371,-7.201409],[109.887915,-7.201458],[109.887281,-7.201491],[109.887108,-7.201568],[109.886761,-7.201769],[109.886511,-7.201887],[109.886157,-7.20193],[109.885396,-7.201962],[109.885228,-7.201962],[109.884718,-7.201926],[109.884283,-7.201687],[109.884121,-7.201443],[109.884048,-7.201312],[109.883951,-7.201139],[109.883808,-7.200883],[109.8837,-7.200793],[109.883591,-7.200704],[109.883387,-7.200621],[109.883114,-7.200511],[109.882877,-7.20048],[109.882639,-7.200448],[109.882184,-7.200431],[109.882005,-7.200319],[109.881812,-7.200153],[109.881454,-7.199915],[109.88114,-7.199707],[109.880777,-7.199508],[109.880518,-7.199425],[109.879988,-7.199354],[109.879576,-7.199393],[109.879391,-7.199556],[109.8792,-7.199817],[109.879054,-7.199779],[109.878821,-7.199651],[109.878302,-7.199479],[109.877955,-7.199447],[109.877655,-7.199484],[109.877439,-7.199438],[109.877242,-7.199212],[109.876924,-7.198934],[109.876601,-7.198864],[109.876414,-7.198823],[109.8762,-7.198785],[109.876028,-7.198744],[109.875778,-7.198687],[109.875402,-7.19869],[109.875123,-7.198766],[109.874867,-7.198792],[109.874528,-7.198748],[109.874352,-7.198685],[109.873913,-7.198494],[109.873492,-7.198176],[109.873227,-7.198018],[109.87289,-7.197848],[109.872547,-7.197732],[109.872344,-7.197648],[109.872139,-7.197538],[109.872005,-7.197465],[109.871588,-7.197249],[109.871367,-7.197171],[109.871085,-7.1971],[109.870887,-7.197044],[109.87059,-7.196934],[109.869933,-7.196747],[109.869076,-7.196518],[109.868744,-7.196532],[109.868067,-7.196623],[109.867843,-7.196629],[109.86704,-7.196573],[109.866182,-7.196606],[109.866034,-7.19663],[109.865857,-7.196668],[109.865605,-7.196722],[109.865221,-7.19675],[109.86516,-7.196595],[109.865085,-7.196342],[109.864985,-7.196266],[109.864801,-7.196269],[109.864448,-7.196534],[109.863829,-7.196945],[109.863444,-7.197228],[109.863113,-7.197331],[109.862584,-7.197545],[109.862154,-7.19761],[109.861971,-7.197604],[109.861307,-7.197685],[109.861152,-7.197782],[109.860963,-7.197861],[109.860527,-7.197947],[109.860181,-7.197683],[109.859872,-7.197435],[109.859463,-7.197299],[109.859273,-7.197289],[109.858913,-7.197253],[109.858739,-7.197182],[109.858487,-7.196967],[109.858303,-7.196905],[109.858171,-7.196985],[109.857796,-7.197193],[109.857546,-7.19717],[109.856918,-7.197106],[109.856537,-7.197148],[109.856372,-7.19725],[109.855902,-7.197528],[109.855752,-7.197558],[109.855387,-7.197653],[109.855031,-7.197747],[109.854651,-7.197841],[109.854307,-7.197947],[109.854032,-7.198031],[109.853776,-7.198076],[109.853642,-7.198127],[109.853301,-7.198287],[109.853033,-7.198412],[109.852816,-7.198555],[109.852532,-7.198701],[109.851908,-7.199018],[109.851923,-7.199282],[109.852127,-7.199948],[109.852304,-7.20002],[109.852491,-7.200059],[109.85262,-7.200131],[109.852849,-7.200357],[109.853136,-7.200678],[109.853299,-7.200793],[109.853505,-7.200918],[109.853777,-7.201153],[109.853992,-7.201561],[109.853847,-7.201958],[109.853698,-7.20233],[109.853312,-7.202995],[109.853129,-7.203425],[109.852974,-7.204018],[109.852818,-7.205104],[109.852722,-7.205214],[109.852262,-7.205256],[109.851735,-7.205245],[109.8515,-7.20546],[109.851255,-7.205651],[109.851062,-7.206272],[109.851083,-7.206798],[109.851486,-7.206879],[109.851687,-7.206997],[109.851881,-7.207138],[109.852075,-7.207384],[109.852311,-7.20778],[109.852555,-7.20797],[109.852589,-7.208111],[109.852626,-7.208383],[109.8527,-7.208554],[109.852901,-7.208792],[109.853212,-7.208998],[109.853453,-7.209024],[109.853427,-7.209319],[109.853353,-7.209708],[109.853313,-7.209914],[109.85326,-7.210154],[109.853227,-7.210301],[109.853199,-7.210434],[109.853159,-7.210579],[109.853122,-7.210718],[109.853075,-7.210922],[109.852995,-7.211246],[109.852835,-7.211929],[109.852544,-7.212706],[109.852413,-7.213135],[109.85238,-7.213303],[109.852323,-7.213695],[109.852314,-7.213835],[109.852311,-7.214056],[109.852337,-7.214263],[109.85236,-7.214448],[109.852434,-7.214909],[109.852496,-7.21519],[109.852551,-7.215756],[109.85255,-7.216182],[109.852565,-7.216471]]}},{"type":"Feature","properties":{"id":675,"nomor_ruas":"V.32","nama_ruas":"PENUSUPAN-BATUR","titik_awal":"IV.11","titik_akhir":"Jalan Provinsi","panjang_km":8.108,"lebar_m":4.5},"geometry":{"type":"LineString","coordinates":[[109.794192,-7.248986],[109.794177,-7.248881],[109.79424,-7.248661],[109.794413,-7.248269],[109.794573,-7.247829],[109.794636,-7.247394],[109.794668,-7.247146],[109.794619,-7.24682],[109.794286,-7.246789],[109.794266,-7.246589],[109.794398,-7.246412],[109.794537,-7.245946],[109.794574,-7.245704],[109.794565,-7.245411],[109.794711,-7.244858],[109.794952,-7.244227],[109.795096,-7.244051],[109.795333,-7.243977],[109.796012,-7.244239],[109.796048,-7.244386],[109.79605,-7.244556],[109.796225,-7.244443],[109.796412,-7.244372],[109.79658,-7.243994],[109.796586,-7.243803],[109.7965,-7.243401],[109.796444,-7.243128],[109.79622,-7.242582],[109.796081,-7.242433],[109.796053,-7.24227],[109.796294,-7.241644],[109.796357,-7.241501],[109.796573,-7.241267],[109.796722,-7.241243],[109.797259,-7.24123],[109.797585,-7.241044],[109.79793,-7.240897],[109.798281,-7.240735],[109.798647,-7.240147],[109.798849,-7.239875],[109.798969,-7.239718],[109.799114,-7.239311],[109.799311,-7.239149],[109.799546,-7.238949],[109.799758,-7.238561],[109.799844,-7.238399],[109.800218,-7.238309],[109.800656,-7.237884],[109.800925,-7.237607],[109.801223,-7.237402],[109.801372,-7.237144],[109.80143,-7.236958],[109.801556,-7.236331],[109.801793,-7.235691],[109.801886,-7.234954],[109.801806,-7.234384],[109.801687,-7.23403],[109.801452,-7.234053],[109.801078,-7.233923],[109.800733,-7.233946],[109.800599,-7.233854],[109.800499,-7.233754],[109.800341,-7.233701],[109.800193,-7.233605],[109.800049,-7.23348],[109.799748,-7.233283],[109.799536,-7.233029],[109.799365,-7.232947],[109.79925,-7.232951],[109.799034,-7.233176],[109.798852,-7.233309],[109.798775,-7.233328],[109.798526,-7.233284],[109.798382,-7.233164],[109.79844,-7.233093],[109.798627,-7.232887],[109.798647,-7.232806],[109.798691,-7.232519],[109.798787,-7.232347],[109.798811,-7.23218],[109.798845,-7.231988],[109.798937,-7.231821],[109.79912,-7.231635],[109.799249,-7.231501],[109.799312,-7.231367],[109.799245,-7.231113],[109.799179,-7.230836],[109.799294,-7.230721],[109.799448,-7.230655],[109.799611,-7.230526],[109.799717,-7.230339],[109.799818,-7.230244],[109.799929,-7.230139],[109.800126,-7.229934],[109.800126,-7.229852],[109.799819,-7.229856],[109.799565,-7.229822],[109.79948,-7.229587],[109.799355,-7.229444],[109.799126,-7.229175],[109.799102,-7.229098],[109.79905,-7.228912],[109.799268,-7.228778],[109.79934,-7.228659],[109.799393,-7.228424],[109.799504,-7.228276],[109.79961,-7.228229],[109.799797,-7.228167],[109.799912,-7.228043],[109.800075,-7.227909],[109.800291,-7.227867],[109.800473,-7.227853],[109.80066,-7.227825],[109.800833,-7.227825],[109.80126,-7.22789],[109.801481,-7.227933],[109.801715,-7.227927],[109.80205,-7.227988],[109.802212,-7.227971],[109.80235,-7.227953],[109.802637,-7.227942],[109.802937,-7.227925],[109.803039,-7.227883],[109.803207,-7.227877],[109.803368,-7.227932],[109.803565,-7.228106],[109.803721,-7.228244],[109.803894,-7.228448],[109.804007,-7.228723],[109.804055,-7.228789],[109.804288,-7.228885],[109.80454,-7.228928],[109.804749,-7.229042],[109.804887,-7.22909],[109.805312,-7.229032],[109.805468,-7.229062],[109.80566,-7.229086],[109.805959,-7.229015],[109.806211,-7.228884],[109.806343,-7.228753],[109.806582,-7.228615],[109.806635,-7.2285],[109.806712,-7.228246],[109.806737,-7.228012],[109.806709,-7.227854],[109.806738,-7.227715],[109.806786,-7.227581],[109.806901,-7.227376],[109.807118,-7.22718],[109.807334,-7.22687],[109.807407,-7.226315],[109.807519,-7.225923],[109.80763,-7.225688],[109.807841,-7.22544],[109.807885,-7.225278],[109.807838,-7.224708],[109.807819,-7.22456],[109.807839,-7.224387],[109.807912,-7.224105],[109.808008,-7.22389],[109.808167,-7.223675],[109.808392,-7.223585],[109.808565,-7.223542],[109.808963,-7.223534],[109.809169,-7.223386],[109.809261,-7.223142],[109.80918,-7.222936],[109.809003,-7.222744],[109.80897,-7.222576],[109.809067,-7.222304],[109.809221,-7.221902],[109.809356,-7.221515],[109.809481,-7.221281],[109.809678,-7.221128],[109.809933,-7.22098],[109.810259,-7.220929],[109.810772,-7.220748],[109.810959,-7.220619],[109.811065,-7.220457],[109.811218,-7.220429],[109.811429,-7.220453],[109.811611,-7.22054],[109.81173,-7.220827],[109.811802,-7.22077],[109.811841,-7.220588],[109.811846,-7.220426],[109.812009,-7.220273],[109.812441,-7.220102],[109.81337,-7.219701],[109.814071,-7.21916],[109.814453,-7.218931],[109.815121,-7.218883],[109.816314,-7.219066],[109.816681,-7.218959],[109.816911,-7.21883],[109.817168,-7.218668],[109.817494,-7.218545],[109.817974,-7.218249],[109.818503,-7.217762],[109.818379,-7.217417],[109.818256,-7.217015],[109.818478,-7.21625],[109.818719,-7.215762],[109.819181,-7.215007],[109.819517,-7.214702],[109.819901,-7.214607],[109.820734,-7.214715],[109.821329,-7.214659],[109.821607,-7.214593],[109.822087,-7.214364],[109.822394,-7.214193],[109.822567,-7.214078],[109.822673,-7.21383],[109.822769,-7.213504],[109.823116,-7.212931],[109.823577,-7.212358],[109.823847,-7.212043],[109.82403,-7.21166],[109.824223,-7.211192],[109.824474,-7.210436],[109.824804,-7.208925],[109.825016,-7.208274],[109.825374,-7.207127],[109.825542,-7.206422]]}},{"type":"Feature","properties":{"id":676,"nomor_ruas":"V.10","nama_ruas":"KUBANG-SUSUKAN","titik_awal":"IV.11","titik_akhir":"V.4","panjang_km":0.948,"lebar_m":3},"geometry":{"type":"LineString","coordinates":[[109.751795,-7.270553],[109.751664,-7.27035],[109.751723,-7.270201],[109.75186,-7.270016],[109.751849,-7.269851],[109.75187,-7.26967],[109.751876,-7.269492],[109.751886,-7.269212],[109.751936,-7.268857],[109.752034,-7.268514],[109.752182,-7.268191],[109.752446,-7.267543],[109.75246,-7.267378],[109.752396,-7.267187],[109.752405,-7.267046],[109.752474,-7.266841],[109.752576,-7.266661],[109.752603,-7.26646],[109.752593,-7.26622],[109.752573,-7.266083],[109.752537,-7.265894],[109.752501,-7.265727],[109.752454,-7.265552],[109.75243,-7.265397],[109.752427,-7.265263],[109.752513,-7.264989],[109.752549,-7.264946],[109.752806,-7.264937],[109.752947,-7.26494],[109.753241,-7.264966],[109.75345,-7.26494],[109.753581,-7.264827],[109.75362,-7.264513],[109.753714,-7.26431],[109.753996,-7.263676],[109.754125,-7.263542],[109.754167,-7.263545],[109.754259,-7.263596]]}},{"type":"Feature","properties":{"id":677,"nomor_ruas":"V.12","nama_ruas":"WANARAJA-KEBODUDU","titik_awal":"Jalan Provinsi","titik_akhir":"Dukuh Kebodudu","panjang_km":0.982,"lebar_m":3},"geometry":{"type":"LineString","coordinates":[[109.756214,-7.218125],[109.756461,-7.217916],[109.756002,-7.217434],[109.755909,-7.21719],[109.755961,-7.216486],[109.75584,-7.216278],[109.755783,-7.21612],[109.755284,-7.214554],[109.754882,-7.214222],[109.754445,-7.213877],[109.754274,-7.213216],[109.75401,-7.212382],[109.753881,-7.212425],[109.753571,-7.212496],[109.753486,-7.212022],[109.753458,-7.211792],[109.753272,-7.211591],[109.752864,-7.211144],[109.752742,-7.211036]]}},{"type":"Feature","properties":{"id":678,"nomor_ruas":"VI.20","nama_ruas":"JL KH BUSYAERI","titik_awal":"VI.16","titik_akhir":"VI.23","panjang_km":0.349,"lebar_m":5},"geometry":{"type":"LineString","coordinates":[[109.69902,-7.394286],[109.698616,-7.39425],[109.697502,-7.394186],[109.695862,-7.394177]]}},{"type":"Feature","properties":{"id":679,"nomor_ruas":"V.18","nama_ruas":"SARWODADI-GROGOL","titik_awal":"V.15","titik_akhir":"Jalan Provinsi","panjang_km":5.855,"lebar_m":3},"geometry":{"type":"LineString","coordinates":[[109.772649,-7.244285],[109.772943,-7.244069],[109.772883,-7.243897],[109.772715,-7.243501],[109.772737,-7.243272],[109.772942,-7.2431],[109.773007,-7.243097],[109.77336,-7.243042],[109.773501,-7.243089],[109.773634,-7.243043],[109.773807,-7.242785],[109.773714,-7.242591],[109.773507,-7.24217],[109.773507,-7.242063],[109.773899,-7.241852],[109.774122,-7.241852],[109.774381,-7.24181],[109.774399,-7.241738],[109.774248,-7.241663],[109.774047,-7.241572],[109.77385,-7.241371],[109.773962,-7.241281],[109.774361,-7.241315],[109.774774,-7.241352],[109.775022,-7.24127],[109.775163,-7.241206],[109.775264,-7.241077],[109.775365,-7.24084],[109.775505,-7.2407],[109.775711,-7.240507],[109.775841,-7.240238],[109.77606,-7.240296],[109.776207,-7.240462],[109.776289,-7.240627],[109.776567,-7.240405],[109.776603,-7.240255],[109.776586,-7.239853],[109.776662,-7.23962],[109.776889,-7.239268],[109.776789,-7.239089],[109.776596,-7.238919],[109.776554,-7.23855],[109.77664,-7.238439],[109.776763,-7.238263],[109.776681,-7.238069],[109.776724,-7.237883],[109.776829,-7.2377],[109.777171,-7.237421],[109.777549,-7.237117],[109.777773,-7.236805],[109.778242,-7.236253],[109.778678,-7.235964],[109.778818,-7.235824],[109.779182,-7.235377],[109.779413,-7.23504],[109.779572,-7.23475],[109.779811,-7.234248],[109.779923,-7.234011],[109.779833,-7.233835],[109.779697,-7.233731],[109.779417,-7.233471],[109.779403,-7.233389],[109.77939,-7.233073],[109.779239,-7.232879],[109.779197,-7.232685],[109.779262,-7.232552],[109.779542,-7.232517],[109.779547,-7.232336],[109.779528,-7.232302],[109.779342,-7.232218],[109.779004,-7.232182],[109.778335,-7.232395],[109.77817,-7.232362],[109.777972,-7.2322],[109.778009,-7.232064],[109.778367,-7.231803],[109.778702,-7.23161],[109.779098,-7.231482],[109.77925,-7.23117],[109.77948,-7.230891],[109.779646,-7.230762],[109.779876,-7.230687],[109.779888,-7.23049],[109.77992,-7.230411],[109.780082,-7.230225],[109.78004,-7.230038],[109.780058,-7.229787],[109.779981,-7.229266],[109.780003,-7.229011],[109.780162,-7.228825],[109.780342,-7.2286],[109.780238,-7.228434],[109.780231,-7.228287],[109.780372,-7.228047],[109.780391,-7.227893],[109.780316,-7.22763],[109.78032,-7.227462],[109.780381,-7.227293],[109.780638,-7.226997],[109.780727,-7.226971],[109.780871,-7.226971],[109.781094,-7.226983],[109.781615,-7.226869],[109.781942,-7.226913],[109.782039,-7.226949],[109.782147,-7.227072],[109.782178,-7.227312],[109.782376,-7.22722],[109.782722,-7.22712],[109.782938,-7.227052],[109.783107,-7.226934],[109.78357,-7.226832],[109.783677,-7.226907],[109.783959,-7.226809],[109.784067,-7.226678],[109.784185,-7.226585],[109.784428,-7.226427],[109.784473,-7.226332],[109.784465,-7.226009],[109.784286,-7.225754],[109.784068,-7.225397],[109.783725,-7.224891],[109.783642,-7.224523],[109.783478,-7.224128],[109.783551,-7.223906],[109.783695,-7.223656],[109.783812,-7.223518],[109.783992,-7.223441],[109.784178,-7.223406],[109.784334,-7.223328],[109.78449,-7.223083],[109.784679,-7.22294],[109.784919,-7.222806],[109.785294,-7.222676],[109.785528,-7.222518],[109.785807,-7.22245],[109.786373,-7.222415],[109.786562,-7.222434],[109.786805,-7.222378],[109.786934,-7.222199],[109.787012,-7.221954],[109.787172,-7.221697],[109.787502,-7.2213],[109.787701,-7.220938],[109.787776,-7.220735],[109.78776,-7.22005],[109.787749,-7.219718],[109.787564,-7.21932],[109.787499,-7.219188],[109.787425,-7.21894],[109.787414,-7.218323],[109.787364,-7.217013],[109.78726,-7.216654],[109.787171,-7.216396],[109.787229,-7.216029],[109.787322,-7.215757],[109.787497,-7.21559],[109.78795,-7.21525],[109.788181,-7.214946],[109.788293,-7.214659],[109.788312,-7.214264],[109.788255,-7.214045],[109.788223,-7.213821],[109.788212,-7.213534],[109.788246,-7.213205],[109.788318,-7.213053],[109.788504,-7.212784],[109.78869,-7.212638],[109.788784,-7.212432],[109.789133,-7.21184],[109.789496,-7.211372],[109.789902,-7.210924],[109.790043,-7.210646],[109.790164,-7.21027],[109.790263,-7.209358],[109.790264,-7.20893]]}},{"type":"Feature","properties":{"id":680,"nomor_ruas":"V.19","nama_ruas":"PENUSUPAN-KAREKAN","titik_awal":"IV.11","titik_akhir":"V.25/V.20","panjang_km":4.683,"lebar_m":3},"geometry":{"type":"LineString","coordinates":[[109.79438,-7.248868],[109.794317,-7.248948],[109.794412,-7.249199],[109.794412,-7.249481],[109.794444,-7.249729],[109.794509,-7.249998],[109.794407,-7.250213],[109.794244,-7.250437],[109.794169,-7.250676],[109.794021,-7.251032],[109.793967,-7.251244],[109.793813,-7.251414],[109.793741,-7.251596],[109.794094,-7.251923],[109.794541,-7.252499],[109.794526,-7.252708],[109.794409,-7.2529],[109.794348,-7.253055],[109.794401,-7.253321],[109.794532,-7.253647],[109.79455,-7.253857],[109.794555,-7.254123],[109.794464,-7.254551],[109.794375,-7.255277],[109.794302,-7.255809],[109.79406,-7.256631],[109.793936,-7.257038],[109.7938,-7.257596],[109.793955,-7.257732],[109.794243,-7.257825],[109.794473,-7.257955],[109.794877,-7.258138],[109.795101,-7.258243],[109.795538,-7.258346],[109.79555,-7.258588],[109.795567,-7.258732],[109.795698,-7.259008],[109.795901,-7.259304],[109.795966,-7.259568],[109.795891,-7.259729],[109.795956,-7.260193],[109.796042,-7.26042],[109.796277,-7.260846],[109.796283,-7.261043],[109.796279,-7.261423],[109.796119,-7.261979],[109.795998,-7.262245],[109.79583,-7.262487],[109.795766,-7.262708],[109.795753,-7.263016],[109.795842,-7.263638],[109.7959,-7.26403],[109.795822,-7.264269],[109.795591,-7.264397],[109.795291,-7.264388],[109.794935,-7.26456],[109.794892,-7.264889],[109.794983,-7.26541],[109.794605,-7.265904],[109.794414,-7.266422],[109.794283,-7.266717],[109.794322,-7.266898],[109.79463,-7.267002],[109.794804,-7.267063],[109.795157,-7.267139],[109.795327,-7.26722],[109.795451,-7.267321],[109.795684,-7.267615],[109.795683,-7.267782],[109.795693,-7.267975],[109.795556,-7.268241],[109.795368,-7.268646],[109.795344,-7.268762],[109.795169,-7.269094],[109.795023,-7.269165],[109.794975,-7.269237],[109.794892,-7.26944],[109.794874,-7.269515],[109.794855,-7.269673],[109.794888,-7.269908],[109.794859,-7.270028],[109.794755,-7.270231],[109.794619,-7.270416],[109.794513,-7.270493],[109.794287,-7.270632],[109.794127,-7.27084],[109.793682,-7.271195],[109.79358,-7.27138],[109.793542,-7.271591],[109.793336,-7.271798],[109.793156,-7.271848],[109.793096,-7.271863],[109.792986,-7.272162],[109.793171,-7.27268],[109.793135,-7.272863],[109.793013,-7.27293],[109.792822,-7.272948],[109.792751,-7.272995],[109.792282,-7.27332],[109.792106,-7.273339],[109.791938,-7.273398],[109.791802,-7.273589],[109.791704,-7.273742],[109.791702,-7.273872],[109.791711,-7.274029],[109.791734,-7.274235],[109.791724,-7.274393],[109.79158,-7.274642],[109.791364,-7.27455],[109.791036,-7.274587],[109.790933,-7.274731],[109.790711,-7.27484],[109.790614,-7.27496],[109.790502,-7.275099],[109.790333,-7.275302],[109.790216,-7.275373],[109.789995,-7.275448],[109.789912,-7.275504],[109.789727,-7.275679],[109.789573,-7.275818],[109.789506,-7.275968],[109.789441,-7.276051],[109.789141,-7.276135],[109.788885,-7.276173],[109.788815,-7.276319],[109.788625,-7.276724],[109.788502,-7.276768],[109.788397,-7.276686],[109.788167,-7.276647],[109.787848,-7.276529],[109.787758,-7.276535],[109.787553,-7.276665],[109.787406,-7.276817],[109.787409,-7.276947],[109.787306,-7.277191],[109.787183,-7.277278],[109.786994,-7.277324],[109.786885,-7.277362],[109.786665,-7.277294],[109.786483,-7.277333],[109.786276,-7.277764],[109.786172,-7.277811],[109.786136,-7.277891],[109.785843,-7.277884],[109.785732,-7.277936],[109.785532,-7.277982],[109.785362,-7.277976],[109.785244,-7.278111],[109.78519,-7.278267],[109.785136,-7.278466],[109.785151,-7.278692],[109.784442,-7.278702],[109.784057,-7.278642],[109.783708,-7.278603],[109.783569,-7.278613]]}},{"type":"Feature","properties":{"id":681,"nomor_ruas":"V.2","nama_ruas":"JATILAWANG-KALIDERES","titik_awal":"JL PROP KM 5 HM 6 BTR","titik_akhir":"TG BTS KAB PEKALONGAN","panjang_km":4.372,"lebar_m":4},"geometry":{"type":"LineString","coordinates":[[109.765524,-7.213497],[109.76541,-7.213073],[109.765066,-7.212649],[109.76488,-7.212311],[109.764486,-7.211979],[109.764126,-7.211899],[109.763688,-7.211733],[109.763222,-7.211387],[109.763245,-7.210971],[109.763283,-7.210181],[109.763147,-7.20975],[109.763141,-7.209592],[109.762933,-7.209269],[109.762582,-7.209002],[109.762194,-7.20885],[109.762,-7.208943],[109.761705,-7.208942],[109.761382,-7.208676],[109.761095,-7.208367],[109.76078,-7.208086],[109.760328,-7.20774],[109.760141,-7.207646],[109.759998,-7.207445],[109.759835,-7.206769],[109.759678,-7.206094],[109.759581,-7.205075],[109.759425,-7.203983],[109.759184,-7.202927],[109.75897,-7.202237],[109.758556,-7.201059],[109.758279,-7.200017],[109.757964,-7.199392],[109.757787,-7.199027],[109.757741,-7.198385],[109.757728,-7.198037],[109.757727,-7.197697],[109.757713,-7.197359],[109.757681,-7.197251],[109.756972,-7.197212],[109.756815,-7.197193],[109.756298,-7.197136],[109.755922,-7.197125],[109.755441,-7.197046],[109.755389,-7.196995],[109.755178,-7.196957],[109.754765,-7.196898],[109.75474,-7.19687],[109.754738,-7.196624],[109.754777,-7.196318],[109.754553,-7.196272],[109.754285,-7.196278],[109.754032,-7.19628],[109.753885,-7.196238],[109.753842,-7.195983],[109.75357,-7.195882],[109.753287,-7.195747],[109.75303,-7.19562],[109.752766,-7.195229],[109.752654,-7.194968],[109.752511,-7.19461],[109.752377,-7.194495],[109.752142,-7.194379],[109.751965,-7.194293],[109.751755,-7.194105],[109.751683,-7.193947],[109.751727,-7.193694],[109.751915,-7.19345],[109.751958,-7.193312],[109.752083,-7.193159],[109.752208,-7.193068],[109.752314,-7.192858],[109.752214,-7.1928],[109.752056,-7.192613],[109.752186,-7.192427],[109.752186,-7.192235],[109.752311,-7.192102],[109.752456,-7.191734],[109.752413,-7.191691],[109.752145,-7.191685],[109.752063,-7.191733],[109.75189,-7.191924],[109.751694,-7.19187],[109.751517,-7.19186],[109.751502,-7.192085],[109.751396,-7.192114],[109.751171,-7.192041],[109.750946,-7.191883],[109.750779,-7.191806],[109.750564,-7.191671],[109.750511,-7.19159],[109.750286,-7.191488],[109.750076,-7.191363],[109.749851,-7.19097],[109.749598,-7.190769],[109.749091,-7.190605],[109.748746,-7.190513],[109.748559,-7.19056],[109.748065,-7.190659],[109.747461,-7.190863],[109.747144,-7.190896],[109.746829,-7.190627],[109.746748,-7.19034],[109.746461,-7.190167],[109.746203,-7.189932],[109.745983,-7.189768],[109.745604,-7.189753],[109.745264,-7.189752],[109.745039,-7.189751],[109.744852,-7.189799],[109.744632,-7.189793]]}},{"type":"Feature","properties":{"id":682,"nomor_ruas":"VI.21","nama_ruas":"JL PRAJA","titik_awal":"VI.2/Jalan nasioal","titik_akhir":"VI.9","panjang_km":0.166,"lebar_m":8.25},"geometry":{"type":"LineString","coordinates":[[109.696662,-7.396781],[109.696666,-7.395847],[109.696673,-7.395284]]}},{"type":"Feature","properties":{"id":683,"nomor_ruas":"V.24","nama_ruas":"PAGENTAN-PEJAWARAN","titik_awal":"I.8","titik_akhir":"IV.11","panjang_km":8.812,"lebar_m":4.5},"geometry":{"type":"LineString","coordinates":[[109.810071,-7.301231],[109.810051,-7.300884],[109.810035,-7.300537],[109.810005,-7.300356],[109.809953,-7.300197],[109.809874,-7.299913],[109.809861,-7.299718],[109.809829,-7.299563],[109.809742,-7.299333],[109.809803,-7.299146],[109.809979,-7.299022],[109.810108,-7.298858],[109.810178,-7.298617],[109.810136,-7.298532],[109.809965,-7.298306],[109.809933,-7.298218],[109.809931,-7.297994],[109.80995,-7.29791],[109.810026,-7.297709],[109.810406,-7.297291],[109.810391,-7.297104],[109.810288,-7.296971],[109.810191,-7.296913],[109.809906,-7.296806],[109.809671,-7.2967],[109.809533,-7.296559],[109.809499,-7.296406],[109.80951,-7.296335],[109.809591,-7.29614],[109.809673,-7.295946],[109.809773,-7.295785],[109.809908,-7.29563],[109.810158,-7.295424],[109.810792,-7.294839],[109.810796,-7.294778],[109.810817,-7.294424],[109.810745,-7.294295],[109.810655,-7.294002],[109.810618,-7.293967],[109.810268,-7.293714],[109.810115,-7.29353],[109.810043,-7.293373],[109.809924,-7.293091],[109.809794,-7.292709],[109.809731,-7.292407],[109.809686,-7.2922],[109.809617,-7.29192],[109.809621,-7.291852],[109.809684,-7.29121],[109.809793,-7.290805],[109.809939,-7.290293],[109.809928,-7.290081],[109.809843,-7.289678],[109.809841,-7.289504],[109.80985,-7.28939],[109.809877,-7.289249],[109.810023,-7.288701],[109.81002,-7.28855],[109.810018,-7.287757],[109.81002,-7.287395],[109.81005,-7.287352],[109.810163,-7.287244],[109.810645,-7.286745],[109.810753,-7.286582],[109.811052,-7.285807],[109.811408,-7.285214],[109.811498,-7.285137],[109.81175,-7.284969],[109.81194,-7.28473],[109.811969,-7.284665],[109.812109,-7.284077],[109.812201,-7.283737],[109.812217,-7.283666],[109.812323,-7.283299],[109.81244,-7.283063],[109.812516,-7.282962],[109.812663,-7.282821],[109.812987,-7.282665],[109.813126,-7.282617],[109.81335,-7.282557],[109.813563,-7.282479],[109.813597,-7.282364],[109.813567,-7.282098],[109.813488,-7.281982],[109.813417,-7.281796],[109.813449,-7.281664],[109.813557,-7.281562],[109.813721,-7.281526],[109.813859,-7.281459],[109.813972,-7.281358],[109.814007,-7.281302],[109.814074,-7.281156],[109.814275,-7.280787],[109.814416,-7.2807],[109.81456,-7.280658],[109.814788,-7.280553],[109.814954,-7.280443],[109.81505,-7.280407],[109.815312,-7.280289],[109.815449,-7.280158],[109.815741,-7.279969],[109.815987,-7.280114],[109.81616,-7.28008],[109.816188,-7.280004],[109.816235,-7.279864],[109.816319,-7.279511],[109.816446,-7.279255],[109.816917,-7.278959],[109.816931,-7.278851],[109.816869,-7.278632],[109.816918,-7.278517],[109.816968,-7.278477],[109.817199,-7.278311],[109.817448,-7.278035],[109.817359,-7.277962],[109.816747,-7.27761],[109.816803,-7.277449],[109.816946,-7.277375],[109.817057,-7.277231],[109.817132,-7.277014],[109.817261,-7.277042],[109.817427,-7.277134],[109.817644,-7.277167],[109.817653,-7.277034],[109.817622,-7.27671],[109.817496,-7.276624],[109.817383,-7.276503],[109.81744,-7.276384],[109.817599,-7.276289],[109.817861,-7.276186],[109.817967,-7.276144],[109.818216,-7.275894],[109.818215,-7.275778],[109.818135,-7.275612],[109.818145,-7.275566],[109.818246,-7.275383],[109.818287,-7.275183],[109.818273,-7.275048],[109.818196,-7.274954],[109.818026,-7.274619],[109.81801,-7.274551],[109.818118,-7.274198],[109.818229,-7.27386],[109.818272,-7.273801],[109.818618,-7.273408],[109.818772,-7.273308],[109.819207,-7.273142],[109.819454,-7.272984],[109.819443,-7.272843],[109.819414,-7.272702],[109.819302,-7.272352],[109.819234,-7.272191],[109.819086,-7.271915],[109.818979,-7.271861],[109.818567,-7.271816],[109.818086,-7.271471],[109.817628,-7.271181],[109.817556,-7.271144],[109.817131,-7.270978],[109.816045,-7.270411],[109.815945,-7.270377],[109.815379,-7.270175],[109.815329,-7.270064],[109.815253,-7.269431],[109.815187,-7.269325],[109.815061,-7.269251],[109.814917,-7.26921],[109.814495,-7.26913],[109.814193,-7.269071],[109.81384,-7.268969],[109.813754,-7.268841],[109.813723,-7.268775],[109.813368,-7.267748],[109.813346,-7.267631],[109.813329,-7.2674],[109.813317,-7.267145],[109.813324,-7.266791],[109.813363,-7.266614],[109.813407,-7.266534],[109.81375,-7.266119],[109.813799,-7.265942],[109.813826,-7.265696],[109.81386,-7.26542],[109.813947,-7.264722],[109.814222,-7.263584],[109.8143,-7.263486],[109.81436,-7.263421],[109.814553,-7.263242],[109.814611,-7.263173],[109.814753,-7.262934],[109.814858,-7.262803],[109.815048,-7.262586],[109.815223,-7.262445],[109.815331,-7.262301],[109.815353,-7.262219],[109.815433,-7.261777],[109.815495,-7.26162],[109.81561,-7.261383],[109.815633,-7.261166],[109.815614,-7.260957],[109.815577,-7.260819],[109.815475,-7.260539],[109.815337,-7.260274],[109.815267,-7.260171],[109.815078,-7.259951],[109.814918,-7.259832],[109.814708,-7.259734],[109.814551,-7.259663],[109.814402,-7.259507],[109.814359,-7.259285],[109.814401,-7.25914],[109.814502,-7.258893],[109.814421,-7.258741],[109.814359,-7.258649],[109.814234,-7.258252],[109.81413,-7.257809],[109.814199,-7.257698],[109.814276,-7.257512],[109.814285,-7.25731],[109.814282,-7.256943],[109.81432,-7.256772],[109.814309,-7.256635],[109.814159,-7.256517],[109.813966,-7.256514],[109.81392,-7.256492],[109.813691,-7.256327],[109.813456,-7.25619],[109.813274,-7.25588],[109.813232,-7.255647],[109.813205,-7.255512],[109.813155,-7.255272],[109.813133,-7.255074],[109.813114,-7.254765],[109.813097,-7.254689],[109.812935,-7.254093],[109.812935,-7.253945],[109.812951,-7.253752],[109.812922,-7.253507],[109.812816,-7.253393],[109.812762,-7.253352],[109.812538,-7.253171],[109.81251,-7.253074],[109.812512,-7.25297],[109.812479,-7.252672],[109.812346,-7.252617],[109.812283,-7.252696],[109.812111,-7.252842],[109.812025,-7.252939],[109.811832,-7.25302],[109.811625,-7.25312],[109.811451,-7.253066],[109.8114,-7.252955],[109.811436,-7.25279],[109.811454,-7.252645],[109.811448,-7.252416],[109.81135,-7.252321],[109.811254,-7.251867],[109.81125,-7.251632],[109.81126,-7.251533],[109.81129,-7.251225],[109.811175,-7.25102],[109.81118,-7.250944],[109.811254,-7.250641],[109.811168,-7.250535],[109.811036,-7.250343],[109.810689,-7.25014],[109.810477,-7.250119],[109.810396,-7.25001],[109.810376,-7.249917],[109.810377,-7.249791],[109.81042,-7.249455],[109.810413,-7.249417],[109.81024,-7.249024],[109.810167,-7.24899],[109.810238,-7.248706],[109.810096,-7.248569],[109.809992,-7.248573],[109.809489,-7.248423],[109.809274,-7.24846],[109.809155,-7.248603],[109.808877,-7.24868],[109.808694,-7.248634],[109.80859,-7.248541],[109.808425,-7.248155],[109.808224,-7.248134],[109.807992,-7.24814],[109.807844,-7.248151],[109.807348,-7.24815],[109.807096,-7.248281],[109.806862,-7.248479],[109.806577,-7.248803],[109.806424,-7.248875],[109.806293,-7.248861],[109.806144,-7.248789],[109.805859,-7.248559],[109.805634,-7.248418],[109.805245,-7.248238],[109.804972,-7.248173],[109.804546,-7.248112],[109.804414,-7.248124],[109.804102,-7.248145],[109.803973,-7.24813],[109.803731,-7.247956],[109.803638,-7.247836],[109.803581,-7.247694],[109.803453,-7.247297],[109.803401,-7.247278],[109.803158,-7.247162],[109.80295,-7.247136],[109.802604,-7.247124],[109.802351,-7.247123],[109.802256,-7.247103],[109.802156,-7.246992],[109.801963,-7.246594],[109.801797,-7.246469],[109.801674,-7.246303]]}},{"type":"Feature","properties":{"id":684,"nomor_ruas":"V.25","nama_ruas":"ARIBAYA-KAYUARES","titik_awal":"I.8","titik_akhir":"V.29","panjang_km":4.238,"lebar_m":3},"geometry":{"type":"LineString","coordinates":[[109.766423,-7.341707],[109.766436,-7.341578],[109.766471,-7.341469],[109.766581,-7.341239],[109.76665,-7.341077],[109.766711,-7.340864],[109.766728,-7.340694],[109.766672,-7.340381],[109.766647,-7.340199],[109.766641,-7.340036],[109.766632,-7.339881],[109.766675,-7.339729],[109.76673,-7.339596],[109.766761,-7.339386],[109.766773,-7.33922],[109.766852,-7.339032],[109.766985,-7.338834],[109.767183,-7.3386],[109.767323,-7.338491],[109.767505,-7.338415],[109.76776,-7.338294],[109.767931,-7.338188],[109.768084,-7.338123],[109.76834,-7.338079],[109.768519,-7.337916],[109.768566,-7.33778],[109.768594,-7.337573],[109.768712,-7.33722],[109.768798,-7.336941],[109.768781,-7.336745],[109.768813,-7.336549],[109.768971,-7.336259],[109.769106,-7.336067],[109.769217,-7.335885],[109.769353,-7.335724],[109.76946,-7.335592],[109.769584,-7.335425],[109.769711,-7.335293],[109.769871,-7.335061],[109.770097,-7.334734],[109.770158,-7.334582],[109.770184,-7.334418],[109.770192,-7.334236],[109.770218,-7.334073],[109.770278,-7.333796],[109.770299,-7.333647],[109.770468,-7.333368],[109.770626,-7.333166],[109.770814,-7.332969],[109.770883,-7.332857],[109.770994,-7.332612],[109.771099,-7.33243],[109.771291,-7.332359],[109.771359,-7.332238],[109.771469,-7.33197],[109.771523,-7.331819],[109.771511,-7.331649],[109.771576,-7.331496],[109.771625,-7.331315],[109.771774,-7.330979],[109.771883,-7.330787],[109.77201,-7.330788],[109.772219,-7.330848],[109.772398,-7.330883],[109.772724,-7.330974],[109.772791,-7.331218],[109.77291,-7.331385],[109.773063,-7.331383],[109.773683,-7.331055],[109.773959,-7.330925],[109.774088,-7.330744],[109.774216,-7.330707],[109.774603,-7.330836],[109.774817,-7.331122],[109.774971,-7.33105],[109.775198,-7.33084],[109.775434,-7.330813],[109.775656,-7.330821],[109.775814,-7.330855],[109.775975,-7.330817],[109.776143,-7.330701],[109.776323,-7.330526],[109.776464,-7.330418],[109.776753,-7.330241],[109.77689,-7.330192],[109.777074,-7.330143],[109.777257,-7.330099],[109.777555,-7.330062],[109.777724,-7.330018],[109.77797,-7.329982],[109.778156,-7.329925],[109.778322,-7.329849],[109.778663,-7.329587],[109.779044,-7.329305],[109.779199,-7.329217],[109.779366,-7.329156],[109.779535,-7.32908],[109.779655,-7.329004],[109.779827,-7.328923],[109.780007,-7.328805],[109.780162,-7.32868],[109.780439,-7.328428],[109.780548,-7.328347],[109.780671,-7.328273],[109.780789,-7.32818],[109.780988,-7.328037],[109.781191,-7.327848],[109.781349,-7.327775],[109.781415,-7.32762],[109.781439,-7.327347],[109.781478,-7.327171],[109.781549,-7.326985],[109.781676,-7.326834],[109.781839,-7.326734],[109.782064,-7.326645],[109.782154,-7.326517],[109.782126,-7.326368],[109.782139,-7.3262],[109.782186,-7.326035],[109.782288,-7.325737],[109.782362,-7.325486],[109.782372,-7.325332],[109.782374,-7.325015],[109.782343,-7.324724],[109.782296,-7.324542],[109.782284,-7.324401],[109.782317,-7.324144],[109.782368,-7.323986],[109.782461,-7.323866],[109.782506,-7.323728],[109.782513,-7.323563],[109.782516,-7.323304],[109.78245,-7.32313],[109.782309,-7.323053],[109.782385,-7.32283],[109.782485,-7.322562],[109.782469,-7.322468],[109.782465,-7.322325],[109.782445,-7.322056],[109.782395,-7.321944],[109.78225,-7.321585],[109.78234,-7.321535],[109.782478,-7.321621],[109.782579,-7.321724],[109.782878,-7.322045],[109.783009,-7.322103],[109.783255,-7.322137],[109.783325,-7.322162],[109.783527,-7.322244],[109.783766,-7.322372],[109.784058,-7.322493],[109.784339,-7.322561],[109.784498,-7.32254],[109.78467,-7.322484],[109.785118,-7.322318],[109.785318,-7.322307],[109.785465,-7.322359],[109.785642,-7.322396],[109.785709,-7.322371],[109.785853,-7.322288],[109.786064,-7.322114],[109.78616,-7.322017],[109.786204,-7.321851],[109.786394,-7.321273],[109.786389,-7.321196],[109.786353,-7.320877],[109.786339,-7.320724],[109.786325,-7.320497],[109.786278,-7.320269],[109.786201,-7.320018],[109.786334,-7.319918],[109.786649,-7.319732],[109.786721,-7.319549],[109.786825,-7.319487]]}},{"type":"Feature","properties":{"id":685,"nomor_ruas":"V.26","nama_ruas":"CLAPAR-NAGASARI","titik_awal":"I.8","titik_akhir":"Dukuh Nagasari","panjang_km":5.761,"lebar_m":3},"geometry":{"type":"LineString","coordinates":[[109.764515,-7.347628],[109.764403,-7.347527],[109.764255,-7.347428],[109.764145,-7.347325],[109.76406,-7.34724],[109.763924,-7.34707],[109.7639,-7.347014],[109.763749,-7.346777],[109.763698,-7.346732],[109.763515,-7.3466],[109.763369,-7.346495],[109.763153,-7.346334],[109.763009,-7.346168],[109.762963,-7.346096],[109.762909,-7.345946],[109.762847,-7.345746],[109.762733,-7.34555],[109.762655,-7.345474],[109.762462,-7.345309],[109.762382,-7.345256],[109.76219,-7.34514],[109.761992,-7.344983],[109.761965,-7.344923],[109.761898,-7.344799],[109.76169,-7.344507],[109.761635,-7.344472],[109.761379,-7.344414],[109.761258,-7.344501],[109.761151,-7.344559],[109.76103,-7.344615],[109.76083,-7.344595],[109.760638,-7.34453],[109.760442,-7.344547],[109.760153,-7.344569],[109.759933,-7.344589],[109.759599,-7.344403],[109.759626,-7.344294],[109.759661,-7.344106],[109.75974,-7.343866],[109.759791,-7.343664],[109.759786,-7.34359],[109.759745,-7.343382],[109.75969,-7.343194],[109.759614,-7.343031],[109.759586,-7.34283],[109.759517,-7.342657],[109.759411,-7.342443],[109.759276,-7.342247],[109.75911,-7.342033],[109.759106,-7.341978],[109.759067,-7.341744],[109.759005,-7.341633],[109.758908,-7.34151],[109.758726,-7.341227],[109.75867,-7.341042],[109.758603,-7.340888],[109.758474,-7.340752],[109.758305,-7.340606],[109.758088,-7.340566],[109.757868,-7.340417],[109.757199,-7.340123],[109.757204,-7.339909],[109.757177,-7.339837],[109.75699,-7.339672],[109.756862,-7.339557],[109.756875,-7.339414],[109.756913,-7.339283],[109.756926,-7.339153],[109.756942,-7.338916],[109.75704,-7.338716],[109.756623,-7.33853],[109.756482,-7.338564],[109.756353,-7.338553],[109.756281,-7.338495],[109.756146,-7.338244],[109.755997,-7.338131],[109.755792,-7.338085],[109.755572,-7.337943],[109.755303,-7.337462],[109.755176,-7.337319],[109.754939,-7.337041],[109.754903,-7.336928],[109.755016,-7.336569],[109.754866,-7.336239],[109.754491,-7.335883],[109.754448,-7.335801],[109.75405,-7.335657],[109.753768,-7.335515],[109.753699,-7.33547],[109.753354,-7.335519],[109.753276,-7.335493],[109.752959,-7.335308],[109.752875,-7.335165],[109.752747,-7.335075],[109.752596,-7.334984],[109.752289,-7.334863],[109.752185,-7.334855],[109.752034,-7.334828],[109.751712,-7.334699],[109.751393,-7.334594],[109.751239,-7.334402],[109.751177,-7.334342],[109.75105,-7.33426],[109.750682,-7.334092],[109.750616,-7.334036],[109.750519,-7.333904],[109.750263,-7.333347],[109.75027,-7.333271],[109.750277,-7.333015],[109.750233,-7.332775],[109.750152,-7.332397],[109.750226,-7.332246],[109.750176,-7.332052],[109.750176,-7.331859],[109.750131,-7.331712],[109.750033,-7.331534],[109.749916,-7.331282],[109.749565,-7.331208],[109.749453,-7.331083],[109.749257,-7.330855],[109.748978,-7.330656],[109.74878,-7.330462],[109.748654,-7.33033],[109.74862,-7.330098],[109.748547,-7.330026],[109.748365,-7.3298],[109.748377,-7.329689],[109.748491,-7.329354],[109.748331,-7.329182],[109.748146,-7.328991],[109.748053,-7.328974],[109.747757,-7.32902],[109.747588,-7.328903],[109.74738,-7.32867],[109.747243,-7.328623],[109.747153,-7.328583],[109.747003,-7.328432],[109.74675,-7.328335],[109.746679,-7.328166],[109.746709,-7.328108],[109.746796,-7.327789],[109.746739,-7.327573],[109.746545,-7.327405],[109.746459,-7.327141],[109.746407,-7.326796],[109.746411,-7.326651],[109.746451,-7.326327],[109.746544,-7.326001],[109.746529,-7.325809],[109.746493,-7.325592],[109.746494,-7.325511],[109.746513,-7.325366],[109.746538,-7.32512],[109.746515,-7.325066],[109.746384,-7.324861],[109.746329,-7.324689],[109.746328,-7.324455],[109.746333,-7.324232],[109.746353,-7.324092],[109.746452,-7.323864],[109.746421,-7.323762],[109.746177,-7.323677],[109.746053,-7.32354],[109.746089,-7.323458],[109.746234,-7.323107],[109.746177,-7.322894],[109.746165,-7.322822],[109.746141,-7.322616],[109.746045,-7.322393],[109.746035,-7.32231],[109.745894,-7.32202],[109.745395,-7.321899],[109.745194,-7.321855],[109.745027,-7.321874],[109.744714,-7.322064],[109.744433,-7.322238],[109.744426,-7.322298],[109.744352,-7.322449],[109.744288,-7.322723],[109.744156,-7.322908],[109.744103,-7.323058],[109.744091,-7.323416],[109.743977,-7.323479],[109.743852,-7.323546],[109.743681,-7.323734],[109.743649,-7.323893],[109.743565,-7.324084],[109.743558,-7.324272],[109.743507,-7.32445],[109.743456,-7.324649],[109.743303,-7.324685],[109.743162,-7.324721],[109.742986,-7.32479],[109.742756,-7.32478],[109.742656,-7.324873],[109.742556,-7.325111],[109.742564,-7.325454],[109.74261,-7.325623],[109.742601,-7.325735],[109.742521,-7.325881],[109.74243,-7.326389],[109.742296,-7.326413],[109.742017,-7.326521],[109.741798,-7.326397],[109.741529,-7.326334],[109.741243,-7.326284],[109.741204,-7.326237],[109.740847,-7.326456],[109.740762,-7.326539],[109.740584,-7.326623],[109.740409,-7.326562],[109.740311,-7.326642],[109.740086,-7.326888],[109.739995,-7.327037],[109.739941,-7.327193],[109.740196,-7.327265],[109.740435,-7.327259],[109.740617,-7.327233],[109.740758,-7.327308],[109.740779,-7.327375],[109.740857,-7.327683],[109.740903,-7.327902],[109.740951,-7.327906],[109.741166,-7.327924],[109.74134,-7.328072],[109.74141,-7.328279],[109.741831,-7.328408],[109.74211,-7.3285],[109.742252,-7.328744],[109.742375,-7.328956],[109.742418,-7.329089],[109.742446,-7.329272],[109.742447,-7.32952],[109.742552,-7.329555],[109.742779,-7.329562],[109.742937,-7.329572],[109.743092,-7.329546],[109.743203,-7.329459],[109.743495,-7.329344],[109.743639,-7.329376]]}},{"type":"Feature","properties":{"id":686,"nomor_ruas":"V.29","nama_ruas":"BULUKUNING-DAWUHAN","titik_awal":"I.8","titik_akhir":"IV.11","panjang_km":12.681,"lebar_m":3.5},"geometry":{"type":"LineString","coordinates":[[109.798724,-7.307798],[109.798173,-7.307918],[109.797841,-7.307922],[109.79742,-7.307919],[109.797163,-7.307988],[109.79701,-7.308015],[109.796724,-7.308192],[109.796577,-7.308209],[109.796402,-7.308136],[109.796188,-7.308031],[109.796117,-7.308005],[109.795894,-7.307957],[109.795586,-7.307894],[109.795486,-7.307886],[109.795335,-7.307882],[109.795115,-7.308037],[109.7949,-7.307952],[109.794556,-7.308003],[109.794456,-7.308037],[109.794223,-7.30816],[109.794054,-7.308229],[109.793829,-7.308313],[109.793658,-7.308386],[109.793656,-7.308627],[109.793627,-7.308806],[109.793486,-7.309711],[109.793479,-7.309872],[109.793491,-7.309966],[109.793544,-7.310271],[109.793585,-7.310553],[109.793587,-7.310777],[109.793842,-7.311404],[109.793882,-7.311609],[109.793909,-7.311815],[109.793935,-7.312128],[109.793974,-7.3124],[109.794041,-7.312612],[109.793963,-7.312749],[109.793923,-7.313095],[109.793711,-7.313314],[109.793483,-7.313398],[109.793352,-7.313364],[109.792918,-7.313147],[109.792726,-7.313183],[109.792541,-7.313338],[109.792447,-7.313447],[109.792217,-7.31372],[109.792118,-7.313813],[109.792102,-7.314029],[109.791972,-7.314351],[109.791862,-7.314529],[109.791724,-7.314698],[109.791639,-7.314676],[109.791367,-7.315],[109.791197,-7.315176],[109.790995,-7.315376],[109.790644,-7.315718],[109.790553,-7.315778],[109.790358,-7.315908],[109.790219,-7.316034],[109.790164,-7.316167],[109.790143,-7.316246],[109.790071,-7.316586],[109.789977,-7.316821],[109.789851,-7.316916],[109.789623,-7.316987],[109.789393,-7.317091],[109.788828,-7.31737],[109.788781,-7.317464],[109.788742,-7.317628],[109.788659,-7.317786],[109.78836,-7.318235],[109.788139,-7.318531],[109.788001,-7.318618],[109.787803,-7.318754],[109.787677,-7.318829],[109.787517,-7.318938],[109.787397,-7.319025],[109.787296,-7.319153],[109.786825,-7.319487],[109.7867,-7.319577],[109.786637,-7.319609],[109.78624,-7.319754],[109.785623,-7.31975],[109.785412,-7.319716],[109.785287,-7.319673],[109.785071,-7.31953],[109.785047,-7.319537],[109.784813,-7.319098],[109.78468,-7.319196],[109.784723,-7.319343],[109.784747,-7.319408],[109.784837,-7.319643],[109.784801,-7.319804],[109.78466,-7.319927],[109.7845,-7.319947],[109.784429,-7.31992],[109.78431,-7.319845],[109.784187,-7.319754],[109.783996,-7.319597],[109.783639,-7.319405],[109.783068,-7.31899],[109.782892,-7.318975],[109.782781,-7.318938],[109.782582,-7.318817],[109.782463,-7.318878],[109.782055,-7.318733],[109.781675,-7.318573],[109.781448,-7.318508],[109.781157,-7.318429],[109.780778,-7.31819],[109.780516,-7.317994],[109.780307,-7.317784],[109.780141,-7.317546],[109.78005,-7.317418],[109.779918,-7.317204],[109.779845,-7.317111],[109.779765,-7.31698],[109.779635,-7.316783],[109.779507,-7.316721],[109.779341,-7.316803],[109.779293,-7.316909],[109.779264,-7.317103],[109.779126,-7.317372],[109.778935,-7.317406],[109.778847,-7.317387],[109.778629,-7.31733],[109.778482,-7.317372],[109.7784,-7.31749],[109.778348,-7.31759],[109.778103,-7.3178],[109.777975,-7.317872],[109.777798,-7.317932],[109.777616,-7.317964],[109.777291,-7.317755],[109.777211,-7.317628],[109.776347,-7.316158],[109.776225,-7.315954],[109.776052,-7.315685],[109.775858,-7.315674],[109.775792,-7.315725],[109.7756,-7.315937],[109.775435,-7.316084],[109.775183,-7.316265],[109.775048,-7.316254],[109.774952,-7.316196],[109.774829,-7.316083],[109.774484,-7.31579],[109.774192,-7.315631],[109.774124,-7.315406],[109.773804,-7.315148],[109.773687,-7.315135],[109.772971,-7.315111],[109.77279,-7.315046],[109.77234,-7.314871],[109.772259,-7.31478],[109.772024,-7.314413],[109.771566,-7.314208],[109.771299,-7.314099],[109.771168,-7.314058],[109.770884,-7.313983],[109.770644,-7.313918],[109.770559,-7.313849],[109.770317,-7.313612],[109.770118,-7.313621],[109.769998,-7.313706],[109.769777,-7.313902],[109.7696,-7.313855],[109.769392,-7.313804],[109.769222,-7.313823],[109.769121,-7.313823],[109.768944,-7.313763],[109.768853,-7.313732],[109.768566,-7.313659],[109.76844,-7.313634],[109.768289,-7.313621],[109.76812,-7.313727],[109.767966,-7.313981],[109.767764,-7.314138],[109.767667,-7.314223],[109.767565,-7.31434],[109.767387,-7.314545],[109.767313,-7.314622],[109.767089,-7.314809],[109.766957,-7.314897],[109.766809,-7.315014],[109.76664,-7.315168],[109.766535,-7.315292],[109.766446,-7.315439],[109.766342,-7.315502],[109.766188,-7.315513],[109.765811,-7.315447],[109.76592,-7.315301],[109.765984,-7.315169],[109.766014,-7.315037],[109.76612,-7.314836],[109.766133,-7.314724],[109.766153,-7.314582],[109.766182,-7.31442],[109.766209,-7.31427],[109.766238,-7.314137],[109.766302,-7.313945],[109.76628,-7.313777],[109.76625,-7.313613],[109.766272,-7.313419],[109.766262,-7.313149],[109.766318,-7.312994],[109.76633,-7.312847],[109.766431,-7.312704],[109.766421,-7.312539],[109.766421,-7.312336],[109.766212,-7.312059],[109.766025,-7.311403],[109.76599,-7.311176],[109.766055,-7.311034],[109.766043,-7.31087],[109.765878,-7.310559],[109.765835,-7.310408],[109.765755,-7.310279],[109.765677,-7.310092],[109.765694,-7.309892],[109.765725,-7.309621],[109.765653,-7.309471],[109.765546,-7.309384],[109.765444,-7.309292],[109.765312,-7.309093],[109.765334,-7.308928],[109.765375,-7.30879],[109.765423,-7.308651],[109.765326,-7.308387],[109.765289,-7.308249],[109.765001,-7.30768],[109.765004,-7.307519],[109.765061,-7.307381],[109.765193,-7.307244],[109.76526,-7.30708],[109.765342,-7.306838],[109.765421,-7.306706],[109.76548,-7.306556],[109.765542,-7.306422],[109.765664,-7.306233],[109.765741,-7.306071],[109.765826,-7.305828],[109.76583,-7.305668],[109.765841,-7.30548],[109.765831,-7.30534],[109.765827,-7.305114],[109.765615,-7.305021],[109.765436,-7.304968],[109.765332,-7.304828],[109.765291,-7.304684],[109.765143,-7.304637],[109.765249,-7.304466],[109.765449,-7.304307],[109.765543,-7.304201],[109.765722,-7.303963],[109.765725,-7.303311],[109.765676,-7.303082],[109.765629,-7.302954],[109.765524,-7.302691],[109.76543,-7.302545],[109.765352,-7.302378],[109.765395,-7.302234],[109.765413,-7.302064],[109.765386,-7.3019],[109.765385,-7.301728],[109.765323,-7.301541],[109.765226,-7.301289],[109.7652,-7.301213],[109.76514,-7.301041],[109.765365,-7.300867],[109.76543,-7.300669],[109.765457,-7.300492],[109.765516,-7.300351],[109.765483,-7.300207],[109.765357,-7.300075],[109.765224,-7.299956],[109.764905,-7.299764],[109.764667,-7.299637],[109.764745,-7.299171],[109.764724,-7.298985],[109.764678,-7.298887],[109.764552,-7.29854],[109.764613,-7.298364],[109.764742,-7.298255],[109.764882,-7.298099],[109.764878,-7.297954],[109.764819,-7.297745],[109.764647,-7.297391],[109.764638,-7.297202],[109.764721,-7.29705],[109.764839,-7.296981],[109.765036,-7.297054],[109.765248,-7.297091],[109.765563,-7.29711],[109.765775,-7.297118],[109.765898,-7.297266],[109.766105,-7.297394],[109.766205,-7.297396],[109.766431,-7.297377],[109.766704,-7.297357],[109.766936,-7.297326],[109.767052,-7.297276],[109.767205,-7.297167],[109.767315,-7.297011],[109.767413,-7.296918],[109.767586,-7.296703],[109.767586,-7.296559],[109.767607,-7.296374],[109.767665,-7.29626],[109.767761,-7.296176],[109.767994,-7.296027],[109.768111,-7.296026],[109.76833,-7.296036],[109.768498,-7.295942],[109.768673,-7.295911],[109.768784,-7.29587],[109.768922,-7.295793],[109.76911,-7.295642],[109.769246,-7.295537],[109.769411,-7.295447],[109.769523,-7.295352],[109.769685,-7.295184],[109.769901,-7.295009],[109.770045,-7.294851],[109.770125,-7.294662],[109.770178,-7.29452],[109.77031,-7.29427],[109.770369,-7.294213],[109.770477,-7.294],[109.770404,-7.293804],[109.770293,-7.293843],[109.770083,-7.294136],[109.769983,-7.294216],[109.769832,-7.294307],[109.769707,-7.294407],[109.769535,-7.294446],[109.769466,-7.29442],[109.769228,-7.294251],[109.769169,-7.294115],[109.769146,-7.294007],[109.769111,-7.293779],[109.769017,-7.293528],[109.768871,-7.293202],[109.768742,-7.293161],[109.768556,-7.293055],[109.768457,-7.292959],[109.768267,-7.292682],[109.768261,-7.292565],[109.768255,-7.292396],[109.768175,-7.292212],[109.76803,-7.291991],[109.767766,-7.291844],[109.767565,-7.291653],[109.767475,-7.291477],[109.767412,-7.291222],[109.767385,-7.290982],[109.767343,-7.290864],[109.767318,-7.290811],[109.767239,-7.290677],[109.76709,-7.290442],[109.766934,-7.290217],[109.766691,-7.290117],[109.766647,-7.290032],[109.766585,-7.289872],[109.766514,-7.289745],[109.766375,-7.289544],[109.766214,-7.289433],[109.766055,-7.289424],[109.76587,-7.289486],[109.765781,-7.289427],[109.765404,-7.289306],[109.764876,-7.289424],[109.764826,-7.289185],[109.764813,-7.288961],[109.764726,-7.288654],[109.764628,-7.288632],[109.764459,-7.288585],[109.764405,-7.288545],[109.764168,-7.288279],[109.764145,-7.288194],[109.764066,-7.288003],[109.763927,-7.287884],[109.763647,-7.287754],[109.763478,-7.28776],[109.763369,-7.287679],[109.763336,-7.287556],[109.763379,-7.287367],[109.763346,-7.28721],[109.763345,-7.287073],[109.763367,-7.287022],[109.763559,-7.286649],[109.763537,-7.286575],[109.763472,-7.286511],[109.763221,-7.286277],[109.763255,-7.28616],[109.763485,-7.285962],[109.76361,-7.285859],[109.763726,-7.285779],[109.763925,-7.28565],[109.764129,-7.285492],[109.764206,-7.28539],[109.764238,-7.285305],[109.764337,-7.284966],[109.764374,-7.284733],[109.764447,-7.284366],[109.764544,-7.284195],[109.764662,-7.284075],[109.764765,-7.283935],[109.764862,-7.283807],[109.765498,-7.283555],[109.765598,-7.283486],[109.765761,-7.28335],[109.765869,-7.283247],[109.766007,-7.283072],[109.766024,-7.282943],[109.765971,-7.282753],[109.765845,-7.282585],[109.765681,-7.282461],[109.76555,-7.282472],[109.765407,-7.282491],[109.765298,-7.282493],[109.765091,-7.282487],[109.764884,-7.282529],[109.764764,-7.282552],[109.764592,-7.282566],[109.764351,-7.282554],[109.764168,-7.282485],[109.764023,-7.282409],[109.763846,-7.282267],[109.76379,-7.282201],[109.763606,-7.281952],[109.763431,-7.28176],[109.763466,-7.281578],[109.7634,-7.280874],[109.763064,-7.280712],[109.762989,-7.280638],[109.762728,-7.280454],[109.762518,-7.280285],[109.76244,-7.2802],[109.762332,-7.280067],[109.762153,-7.279718],[109.762044,-7.279462],[109.761941,-7.279349],[109.761723,-7.279137],[109.761654,-7.278974],[109.761566,-7.278773],[109.761487,-7.278762],[109.761265,-7.278795],[109.761148,-7.278762],[109.761095,-7.278649],[109.761083,-7.278426],[109.761024,-7.278308],[109.760834,-7.278128],[109.760792,-7.277993],[109.760684,-7.277911],[109.760581,-7.277534],[109.760599,-7.277396],[109.760623,-7.277231],[109.76062,-7.277129],[109.760605,-7.27698],[109.760577,-7.276696],[109.760605,-7.276491],[109.760688,-7.276292],[109.760701,-7.276187],[109.760593,-7.276006],[109.760494,-7.27597],[109.760324,-7.27594],[109.759697,-7.275834],[109.759504,-7.275824],[109.759308,-7.275798],[109.758692,-7.275711],[109.758581,-7.275664],[109.758142,-7.275502],[109.757966,-7.275516],[109.75775,-7.275576],[109.757321,-7.275664],[109.757147,-7.275631],[109.757047,-7.275536],[109.757049,-7.275434],[109.756913,-7.274829],[109.756867,-7.27465],[109.756814,-7.274533],[109.756634,-7.274196],[109.756588,-7.27399],[109.756495,-7.273794],[109.756398,-7.273622],[109.756092,-7.273317],[109.756159,-7.273131],[109.756209,-7.272864],[109.756261,-7.272654],[109.756326,-7.272363],[109.756304,-7.272213],[109.756234,-7.272062],[109.756101,-7.271915],[109.755851,-7.271814],[109.755725,-7.271762],[109.755511,-7.271613],[109.755427,-7.271414],[109.755421,-7.271252],[109.755442,-7.271102],[109.755725,-7.270374],[109.755928,-7.270282]]}},{"type":"Feature","properties":{"id":687,"nomor_ruas":"VI.22","nama_ruas":"JL HOS COKROAMINOTO","titik_awal":"VI.9","titik_akhir":"VI.15","panjang_km":0.25,"lebar_m":8.8},"geometry":{"type":"LineString","coordinates":[[109.698104,-7.39538],[109.698226,-7.396559],[109.698246,-7.396764],[109.69835,-7.397613]]}},{"type":"Feature","properties":{"id":688,"nomor_ruas":"V.34","nama_ruas":"SUMBER-SIDENGKOK","titik_awal":"Jalan ProvIinsi","titik_akhir":"V.30","panjang_km":0.575,"lebar_m":4},"geometry":{"type":"LineString","coordinates":[[109.83521,-7.211217],[109.835115,-7.211551],[109.834911,-7.212084],[109.834747,-7.212578],[109.834571,-7.21311],[109.834341,-7.213471],[109.834101,-7.213774],[109.83379,-7.214358],[109.833691,-7.214603],[109.833618,-7.21482],[109.833564,-7.215279],[109.833533,-7.215597],[109.833493,-7.216021]]}},{"type":"Feature","properties":{"id":689,"nomor_ruas":"V.38","nama_ruas":"TLAGABANG-PESAYANGAN","titik_awal":"V.36","titik_akhir":"Dukuh Pesayangan","panjang_km":1.363,"lebar_m":3},"geometry":{"type":"LineString","coordinates":[[109.814909,-7.192755],[109.813378,-7.192828],[109.812515,-7.192874],[109.811873,-7.192815],[109.811452,-7.192718],[109.81127,-7.192612],[109.811117,-7.19243],[109.810935,-7.192343],[109.810638,-7.192276],[109.81037,-7.192256],[109.810083,-7.192293],[109.809901,-7.192274],[109.809786,-7.192187],[109.809575,-7.191976],[109.808596,-7.19195],[109.808716,-7.191783],[109.808836,-7.191639],[109.809016,-7.191472],[109.809053,-7.191257],[109.808969,-7.191113],[109.808765,-7.191161],[109.808489,-7.191291],[109.808238,-7.19141],[109.807806,-7.191421],[109.807723,-7.191289],[109.807544,-7.190966],[109.807292,-7.191025],[109.806837,-7.191167],[109.806549,-7.191286],[109.805591,-7.191188],[109.805147,-7.191163],[109.804968,-7.191151],[109.804957,-7.190816]]}},{"type":"Feature","properties":{"id":690,"nomor_ruas":"VI.23","nama_ruas":"JL MAY.JAND.MT.HARYONO","titik_awal":"VI.2","titik_akhir":"VI.17/VI.52","panjang_km":0.41,"lebar_m":8.6},"geometry":{"type":"LineString","coordinates":[[109.698867,-7.396682],[109.698878,-7.396361],[109.698953,-7.395389],[109.69902,-7.394286],[109.699041,-7.394035],[109.69905,-7.393472],[109.699083,-7.393002]]}},{"type":"Feature","properties":{"id":691,"nomor_ruas":"VI.24","nama_ruas":"JL VETERAN","titik_awal":"VI.15/VI.28/VI.27","titik_akhir":"VI.17/VI.19","panjang_km":0.515,"lebar_m":13.8},"geometry":{"type":"LineString","coordinates":[[109.70053,-7.392932],[109.700544,-7.393017],[109.700573,-7.393153],[109.700621,-7.393431],[109.700707,-7.394047],[109.700752,-7.394617],[109.700788,-7.394951],[109.700814,-7.395196],[109.700851,-7.395439],[109.700891,-7.395751],[109.700874,-7.396091],[109.700936,-7.396489],[109.700986,-7.396806],[109.700971,-7.397023],[109.700999,-7.397289],[109.701232,-7.397233]]}},{"type":"Feature","properties":{"id":692,"nomor_ruas":"VI.25","nama_ruas":"JL H. AGUS SALIM","titik_awal":"VI.15","titik_akhir":"VI.15","panjang_km":0.156,"lebar_m":4},"geometry":{"type":"LineString","coordinates":[[109.694545,-7.398102],[109.694373,-7.398134],[109.693958,-7.398218],[109.693789,-7.398254],[109.693205,-7.398374],[109.693162,-7.398381]]}},{"type":"Feature","properties":{"id":693,"nomor_ruas":"VI.26","nama_ruas":"JL JEND. GATOT SUBROTO","titik_awal":"VI.2/VI.16","titik_akhir":"I.14/VI.15","panjang_km":0.115,"lebar_m":10},"geometry":{"type":"LineString","coordinates":[[109.695731,-7.396881],[109.695789,-7.397137],[109.695792,-7.397641],[109.695801,-7.397906]]}},{"type":"Feature","properties":{"id":694,"nomor_ruas":"V.8","nama_ruas":"DALAM KOTA BATUR","titik_awal":"Jalan Provinsi","titik_akhir":"Jalan Provinsi","panjang_km":0.649,"lebar_m":3},"geometry":{"type":"LineString","coordinates":[[109.829791,-7.206946],[109.829789,-7.206791],[109.829786,-7.206602],[109.829744,-7.20618],[109.829543,-7.206162],[109.82908,-7.206125],[109.828662,-7.206075],[109.828361,-7.206065],[109.827961,-7.206043],[109.82764,-7.206013],[109.827437,-7.205976],[109.827055,-7.205947],[109.825599,-7.205693],[109.824685,-7.205511]]}},{"type":"Feature","properties":{"id":695,"nomor_ruas":"VI.1","nama_ruas":"JL LET.JEND. SUPRAPTO","titik_awal":"I.30/I.32","titik_akhir":"VI.3/VI.2","panjang_km":3.436,"lebar_m":2.36},"geometry":{"type":"LineString","coordinates":[[109.667632,-7.398544],[109.668345,-7.398607],[109.66861,-7.398631],[109.66902,-7.398671],[109.669703,-7.398748],[109.669756,-7.39808],[109.669838,-7.397956],[109.670024,-7.397973],[109.670251,-7.397926],[109.670341,-7.397758],[109.670494,-7.397786],[109.670963,-7.397995],[109.671222,-7.398032],[109.671295,-7.397772],[109.671305,-7.397418],[109.671489,-7.397438],[109.671658,-7.397438],[109.671837,-7.397448],[109.671977,-7.397478],[109.672131,-7.397524],[109.672285,-7.397619],[109.672415,-7.39772],[109.673082,-7.397854],[109.673291,-7.397901],[109.67352,-7.397962],[109.673592,-7.397845],[109.673742,-7.397745],[109.673919,-7.39776],[109.674256,-7.397786],[109.674837,-7.39793],[109.675009,-7.397956],[109.675204,-7.397959],[109.675346,-7.397954],[109.6756,-7.397998],[109.676042,-7.398123],[109.676287,-7.39816],[109.676504,-7.39818],[109.676721,-7.398233],[109.676959,-7.398339],[109.677377,-7.398543],[109.677592,-7.398595],[109.6779,-7.398593],[109.678263,-7.398591],[109.678766,-7.39861],[109.678909,-7.398616],[109.679115,-7.398567],[109.679357,-7.398442],[109.679791,-7.398153],[109.679975,-7.398105],[109.680137,-7.398049],[109.680311,-7.397955],[109.680619,-7.397766],[109.680699,-7.39797],[109.680831,-7.398204],[109.681669,-7.398121],[109.681924,-7.398254],[109.682137,-7.398353],[109.68259,-7.398394],[109.682777,-7.398415],[109.682982,-7.39842],[109.683184,-7.398428],[109.683376,-7.398427],[109.683578,-7.398409],[109.683904,-7.398173],[109.684064,-7.397939],[109.684185,-7.397692],[109.684362,-7.397714],[109.68456,-7.397701],[109.684737,-7.397666],[109.684942,-7.397592],[109.685031,-7.397477],[109.68518,-7.397492],[109.685329,-7.397529],[109.685497,-7.397458],[109.685526,-7.397276],[109.685567,-7.397084],[109.685588,-7.396896],[109.685586,-7.396841],[109.686121,-7.396936],[109.68625,-7.396984],[109.686571,-7.397004],[109.68689,-7.396332],[109.687027,-7.396035],[109.687277,-7.396132],[109.687647,-7.396126],[109.687926,-7.396088],[109.687992,-7.396074],[109.688173,-7.396073],[109.688492,-7.396142],[109.688832,-7.396127],[109.689155,-7.396133],[109.689244,-7.396405],[109.689302,-7.396747],[109.689417,-7.396815],[109.689634,-7.397],[109.689644,-7.397059],[109.689686,-7.397355],[109.689825,-7.397423],[109.690151,-7.397484],[109.690391,-7.39751],[109.690527,-7.397567],[109.690787,-7.397741],[109.691098,-7.397728],[109.691215,-7.397826],[109.691235,-7.39787],[109.691337,-7.398177],[109.691342,-7.398325],[109.691324,-7.398479],[109.691418,-7.398727],[109.69218,-7.398562],[109.692392,-7.398513],[109.692816,-7.398404],[109.692968,-7.398409],[109.693033,-7.398393]]}},{"type":"Feature","properties":{"id":696,"nomor_ruas":"VI.10","nama_ruas":"JL YOS SUDARSO","titik_awal":"VI.8","titik_akhir":"VI.11","panjang_km":0.2,"lebar_m":5.5},"geometry":{"type":"LineString","coordinates":[[109.692602,-7.393664],[109.69297,-7.393704],[109.693731,-7.393769],[109.694413,-7.393817]]}},{"type":"Feature","properties":{"id":697,"nomor_ruas":"VI.11","nama_ruas":"JL PARTO ADIWILJOYO","titik_awal":"VI.9/VI.12","titik_akhir":"VI.17","panjang_km":0.282,"lebar_m":0},"geometry":{"type":"LineString","coordinates":[[109.694418,-7.395235],[109.694422,-7.393793],[109.694421,-7.392695]]}},{"type":"Feature","properties":{"id":698,"nomor_ruas":"VI.3","nama_ruas":"JL LET.JEND. S. PARMAN","titik_awal":"VI.2/VI.24","titik_akhir":"VI.4/VI.30","panjang_km":1.635,"lebar_m":3.5},"geometry":{"type":"LineString","coordinates":[[109.700949,-7.39644],[109.701237,-7.396355],[109.701639,-7.396228],[109.701767,-7.396178],[109.702674,-7.395855],[109.702983,-7.395738],[109.703447,-7.395561],[109.70384,-7.395484],[109.703803,-7.395495],[109.704301,-7.395148],[109.7044,-7.395072],[109.704823,-7.39482],[109.70508,-7.394691],[109.705654,-7.394479],[109.707204,-7.393964],[109.707452,-7.393885],[109.707922,-7.393727],[109.708843,-7.393446],[109.709366,-7.393287],[109.710516,-7.392945],[109.711007,-7.392792],[109.712591,-7.392376],[109.712746,-7.392343],[109.713017,-7.392287],[109.713247,-7.392255],[109.713822,-7.392188],[109.714922,-7.392078]]}},{"type":"Feature","properties":{"id":699,"nomor_ruas":"VI.31","nama_ruas":"JL STADION","titik_awal":"VI.3/Jalan Nasional","titik_akhir":"VI.30","panjang_km":0.314,"lebar_m":15.2},"geometry":{"type":"LineString","coordinates":[[109.705654,-7.394479],[109.705406,-7.394034],[109.705232,-7.393677],[109.704962,-7.393121],[109.704783,-7.392786],[109.704631,-7.392454],[109.704496,-7.392186],[109.704388,-7.391952]]}},{"type":"Feature","properties":{"id":700,"nomor_ruas":"VI.32","nama_ruas":"JL WIJAYA KUSUMA","titik_awal":"VI.4/Jalan Nasional","titik_akhir":"VI.33","panjang_km":0.304,"lebar_m":6},"geometry":{"type":"LineString","coordinates":[[109.725314,-7.392006],[109.725313,-7.39161],[109.725295,-7.390786],[109.725335,-7.390458],[109.725336,-7.390367],[109.725324,-7.389574],[109.725334,-7.38941],[109.725334,-7.389272]]}},{"type":"Feature","properties":{"id":701,"nomor_ruas":"VI.33","nama_ruas":"JL TERATAI","titik_awal":"VI.32","titik_akhir":"VI.34","panjang_km":0.131,"lebar_m":3},"geometry":{"type":"LineString","coordinates":[[109.72412,-7.389139],[109.724661,-7.389208],[109.725166,-7.389239],[109.725303,-7.389237]]}},{"type":"Feature","properties":{"id":702,"nomor_ruas":"VI.34","nama_ruas":"JL TANJUNG","titik_awal":"VI.33","titik_akhir":"VI.35","panjang_km":0.082,"lebar_m":3},"geometry":{"type":"LineString","coordinates":[[109.723514,-7.388668],[109.724122,-7.389095]]}},{"type":"Feature","properties":{"id":703,"nomor_ruas":"VI.35","nama_ruas":"JL ANGGREK","titik_awal":"VI.34","titik_akhir":"VI.36","panjang_km":0.105,"lebar_m":3},"geometry":{"type":"LineString","coordinates":[[109.723422,-7.388605],[109.723452,-7.389072],[109.723293,-7.389526]]}},{"type":"Feature","properties":{"id":704,"nomor_ruas":"VI.36","nama_ruas":"JL NUSA INDAH","titik_awal":"VI.38","titik_akhir":"Jalan Kelurahan","panjang_km":0.137,"lebar_m":3},"geometry":{"type":"LineString","coordinates":[[109.723956,-7.389602],[109.723606,-7.389552],[109.723237,-7.389521],[109.723067,-7.389505],[109.722721,-7.389486]]}},{"type":"Feature","properties":{"id":705,"nomor_ruas":"VI.40","nama_ruas":"JL DAHLIA","titik_awal":"VI.32","titik_akhir":"VI.38","panjang_km":0.144,"lebar_m":3},"geometry":{"type":"LineString","coordinates":[[109.725322,-7.389966],[109.724626,-7.389874],[109.724028,-7.389814]]}},{"type":"Feature","properties":{"id":706,"nomor_ruas":"VI.41","nama_ruas":"JL ALAMANDA","titik_awal":"VI.32","titik_akhir":"VI.38","panjang_km":0.148,"lebar_m":4},"geometry":{"type":"LineString","coordinates":[[109.724095,-7.39026],[109.724465,-7.390326],[109.725336,-7.390367],[109.725335,-7.390458]]}},{"type":"Feature","properties":{"id":707,"nomor_ruas":"VI.42","nama_ruas":"JL CEMPAKA","titik_awal":"VI.32","titik_akhir":"VI.38","panjang_km":0.132,"lebar_m":3},"geometry":{"type":"LineString","coordinates":[[109.725295,-7.390786],[109.724761,-7.390733],[109.724402,-7.390666],[109.724267,-7.390659],[109.724126,-7.390581]]}},{"type":"Feature","properties":{"id":708,"nomor_ruas":"VI.43","nama_ruas":"JL MAWAR","titik_awal":"VI.42","titik_akhir":"VI.44","panjang_km":0.091,"lebar_m":3},"geometry":{"type":"LineString","coordinates":[[109.724225,-7.391503],[109.724411,-7.390702]]}},{"type":"Feature","properties":{"id":709,"nomor_ruas":"VI.46","nama_ruas":"JL SAKURA","titik_awal":"VI.32","titik_akhir":"TEGALAN","panjang_km":0.138,"lebar_m":3},"geometry":{"type":"LineString","coordinates":[[109.725318,-7.390297],[109.726109,-7.390441],[109.72654,-7.390554]]}},{"type":"Feature","properties":{"id":710,"nomor_ruas":"VI.48","nama_ruas":"JL RSS SEMARANG","titik_awal":"VI.27","titik_akhir":"VI.27","panjang_km":0.206,"lebar_m":3},"geometry":{"type":"LineString","coordinates":[[109.700863,-7.402387],[109.700923,-7.40259],[109.700953,-7.40283],[109.700995,-7.403214],[109.701061,-7.403417],[109.701257,-7.403585],[109.701475,-7.404084]]}},{"type":"Feature","properties":{"id":711,"nomor_ruas":"I.31","nama_ruas":"JAGAPATI-JAGABELA","titik_awal":"VI.3/VI.3","titik_akhir":"VI.3/VI.3","panjang_km":0.642,"lebar_m":3},"geometry":{"type":"LineString","coordinates":[[109.700309,-7.390531],[109.700546,-7.39053],[109.700757,-7.390454],[109.700991,-7.390375],[109.701346,-7.390259],[109.701953,-7.390106],[109.703146,-7.389742],[109.70328,-7.389683],[109.703356,-7.389594],[109.703821,-7.389452],[109.70479,-7.389249],[109.705565,-7.389078],[109.705895,-7.389054]]}},{"type":"Feature","properties":{"id":712,"nomor_ruas":"VI.51","nama_ruas":"JL UNTA","titik_awal":"VI.48","titik_akhir":"VI.63","panjang_km":0.113,"lebar_m":3},"geometry":{"type":"LineString","coordinates":[[109.700995,-7.403214],[109.701061,-7.403417],[109.701257,-7.403585],[109.701475,-7.404084]]}},{"type":"Feature","properties":{"id":713,"nomor_ruas":"VI.52","nama_ruas":"JL.KI JAGAPATI 2","titik_awal":"VI.17/VI.23","titik_akhir":"VI.19","panjang_km":0.233,"lebar_m":3.5},"geometry":{"type":"LineString","coordinates":[[109.699092,-7.392966],[109.699092,-7.392487],[109.69907,-7.39228],[109.699034,-7.392012],[109.699017,-7.391867],[109.698999,-7.391722],[109.698972,-7.391558],[109.698935,-7.391112],[109.698877,-7.390885]]}},{"type":"Feature","properties":{"id":714,"nomor_ruas":"VI.54","nama_ruas":"JL COKROAMINOTO II","titik_awal":"VI.15/VI.22","titik_akhir":"VI.27","panjang_km":0.317,"lebar_m":4},"geometry":{"type":"LineString","coordinates":[[109.698452,-7.397597],[109.698599,-7.397577],[109.699123,-7.397504],[109.69923,-7.397486],[109.699851,-7.397379],[109.69997,-7.39737],[109.70013,-7.397349],[109.700552,-7.397289],[109.700952,-7.397267],[109.700964,-7.397475],[109.700967,-7.397611]]}},{"type":"Feature","properties":{"id":715,"nomor_ruas":"VI.55","nama_ruas":"JL KRENAN","titik_awal":"VI.3/Jalan Nasional","titik_akhir":"K. IRIGASI","panjang_km":0.51,"lebar_m":3},"geometry":{"type":"LineString","coordinates":[[109.704317,-7.395104],[109.704609,-7.395552],[109.704691,-7.395655],[109.704711,-7.395675],[109.704906,-7.395844],[109.70533,-7.396145],[109.705392,-7.396145],[109.705613,-7.39614],[109.706348,-7.396177],[109.706569,-7.396227],[109.706751,-7.396247],[109.70746,-7.396577],[109.707685,-7.396557],[109.707991,-7.396473],[109.708039,-7.39647],[109.70838,-7.396438]]}},{"type":"Feature","properties":{"id":716,"nomor_ruas":"VI.56","nama_ruas":"JL MANYAR","titik_awal":"VI.30","titik_akhir":"VI.57","panjang_km":0.133,"lebar_m":3},"geometry":{"type":"LineString","coordinates":[[109.712659,-7.391566],[109.713175,-7.391455],[109.713602,-7.391374],[109.713842,-7.391359]]}},{"type":"Feature","properties":{"id":717,"nomor_ruas":"VI.58","nama_ruas":"JL GLATIK","titik_awal":"VI.30","titik_akhir":"VI.57","panjang_km":0.132,"lebar_m":3},"geometry":{"type":"LineString","coordinates":[[109.706611,-7.391026],[109.70666,-7.391424],[109.706645,-7.391871],[109.706586,-7.392204]]}},{"type":"Feature","properties":{"id":718,"nomor_ruas":"VI.59","nama_ruas":"JL NURI","titik_awal":"VI.3/Jalan Nasional","titik_akhir":"VI.57","panjang_km":0.154,"lebar_m":3},"geometry":{"type":"LineString","coordinates":[[109.70796,-7.39369],[109.708037,-7.393173],[109.708089,-7.392878],[109.708093,-7.392776],[109.708008,-7.392457],[109.707982,-7.392332]]}},{"type":"Feature","properties":{"id":719,"nomor_ruas":"VI.6","nama_ruas":"JL SALAMANIK","titik_awal":"VI.8/VI.9","titik_akhir":"VI.5","panjang_km":0.274,"lebar_m":3},"geometry":{"type":"LineString","coordinates":[[109.692686,-7.395218],[109.692252,-7.395204],[109.691023,-7.395206],[109.690284,-7.39522],[109.690206,-7.395246]]}},{"type":"Feature","properties":{"id":720,"nomor_ruas":"VI.60","nama_ruas":"JL KEPODANG","titik_awal":"VI.30","titik_akhir":"VI.57","panjang_km":0.15,"lebar_m":3},"geometry":{"type":"LineString","coordinates":[[109.708318,-7.39084],[109.708339,-7.391166],[109.70837,-7.391709],[109.708379,-7.392061],[109.7084,-7.39219]]}},{"type":"Feature","properties":{"id":721,"nomor_ruas":"VI.61","nama_ruas":"JL KUTILANG","titik_awal":"VI.30","titik_akhir":"VI.57","panjang_km":0.137,"lebar_m":3},"geometry":{"type":"LineString","coordinates":[[109.710197,-7.390701],[109.710394,-7.391606],[109.710453,-7.391911]]}},{"type":"Feature","properties":{"id":722,"nomor_ruas":"VI.62","nama_ruas":"JL KENARI","titik_awal":"VI.48","titik_akhir":"VI.63","panjang_km":0.119,"lebar_m":3},"geometry":{"type":"LineString","coordinates":[[109.701701,-7.403936],[109.701473,-7.403383],[109.701313,-7.40294]]}},{"type":"Feature","properties":{"id":723,"nomor_ruas":"VI.63","nama_ruas":"JL LAWET","titik_awal":"VI.27","titik_akhir":"VI..48","panjang_km":0.13,"lebar_m":3},"geometry":{"type":"LineString","coordinates":[[109.701541,-7.402877],[109.701287,-7.40296],[109.701001,-7.403086],[109.70042,-7.403238]]}},{"type":"Feature","properties":{"id":724,"nomor_ruas":"VI.65","nama_ruas":"JL SRITI","titik_awal":"VI.3/Jalan Nasional","titik_akhir":"VI.57","panjang_km":0.104,"lebar_m":3},"geometry":{"type":"LineString","coordinates":[[109.711007,-7.392792],[109.710883,-7.391863]]}},{"type":"Feature","properties":{"id":725,"nomor_ruas":"VI.67","nama_ruas":"JL GAGAK","titik_awal":"VI.30","titik_akhir":"I.29","panjang_km":0.281,"lebar_m":3},"geometry":{"type":"LineString","coordinates":[[109.707127,-7.390794],[109.706997,-7.390252],[109.706996,-7.390001],[109.706992,-7.389669],[109.706992,-7.389526],[109.70699,-7.389262],[109.706919,-7.389014],[109.706705,-7.388923],[109.706908,-7.388477]]}},{"type":"Feature","properties":{"id":726,"nomor_ruas":"VI.68","nama_ruas":"JL MERPATI","titik_awal":"VI.48","titik_akhir":"Kebun","panjang_km":0.063,"lebar_m":3},"geometry":{"type":"LineString","coordinates":[[109.70117,-7.402206],[109.701016,-7.401665]]}},{"type":"Feature","properties":{"id":727,"nomor_ruas":"VI.69","nama_ruas":"JL CENDRAWASIH","titik_awal":"VI.30","titik_akhir":"VI.59","panjang_km":0.402,"lebar_m":3},"geometry":{"type":"LineString","coordinates":[[109.706113,-7.391071],[109.706128,-7.391502],[109.706124,-7.391656],[109.706121,-7.391811],[109.706022,-7.392067],[109.705956,-7.392187],[109.705901,-7.392371],[109.706046,-7.392645],[109.706162,-7.392745],[109.706349,-7.39287],[109.706699,-7.393123],[109.706947,-7.393163],[109.707087,-7.393165],[109.707303,-7.393254],[109.707371,-7.393247],[109.707523,-7.393194],[109.707839,-7.393191]]}},{"type":"Feature","properties":{"id":728,"nomor_ruas":"VI.71","nama_ruas":"JL SOKANANDI II","titik_awal":"VI.4/Jalan Nasional","titik_akhir":"VI.70","panjang_km":0.149,"lebar_m":3.5},"geometry":{"type":"LineString","coordinates":[[109.717858,-7.391863],[109.717635,-7.391978],[109.717374,-7.392127],[109.717125,-7.392212],[109.716995,-7.392225],[109.716956,-7.392061],[109.716854,-7.391956],[109.716775,-7.391909]]}},{"type":"Feature","properties":{"id":729,"nomor_ruas":"VI.72","nama_ruas":"JL KALIBENDA II","titik_awal":"VI.4/Jalan Nasional","titik_akhir":"Kebun","panjang_km":0.483,"lebar_m":3.5},"geometry":{"type":"LineString","coordinates":[[109.729436,-7.392272],[109.729576,-7.392633],[109.729754,-7.393055],[109.729843,-7.393392],[109.729871,-7.393721],[109.729858,-7.394092],[109.729894,-7.394618],[109.730012,-7.395371],[109.730061,-7.395634],[109.730196,-7.395793],[109.730366,-7.39596],[109.730543,-7.396085],[109.730587,-7.396167],[109.730655,-7.396286]]}},{"type":"Feature","properties":{"id":730,"nomor_ruas":"VI.74","nama_ruas":"JL BAMBANG KOMPOL","titik_awal":"VI.2/Jalan nasioal","titik_akhir":"VI.15","panjang_km":0.086,"lebar_m":3},"geometry":{"type":"LineString","coordinates":[[109.699834,-7.397381],[109.69971,-7.396616]]}},{"type":"Feature","properties":{"id":731,"nomor_ruas":"VI.75","nama_ruas":"JL AL FATAH","titik_awal":"VI.3/Jalan nasioal","titik_akhir":"VI.76","panjang_km":0.217,"lebar_m":2},"geometry":{"type":"LineString","coordinates":[[109.71056,-7.393061],[109.710654,-7.393311],[109.710807,-7.393874],[109.710897,-7.39398],[109.711183,-7.394208],[109.711648,-7.394593]]}},{"type":"Feature","properties":{"id":732,"nomor_ruas":"VI.76","nama_ruas":"JL RSS KALISEMI","titik_awal":"VI.75","titik_akhir":"I.27","panjang_km":0.312,"lebar_m":3},"geometry":{"type":"LineString","coordinates":[[109.711661,-7.3946],[109.71266,-7.394497],[109.713362,-7.394434],[109.713752,-7.394411],[109.714158,-7.3944],[109.714267,-7.394391],[109.714482,-7.39439]]}},{"type":"Feature","properties":{"id":733,"nomor_ruas":"VI.8","nama_ruas":"JL JEND. SUDIRMAN","titik_awal":"VI.1/VI.2","titik_akhir":"VI.7/VI.17","panjang_km":0.499,"lebar_m":10},"geometry":{"type":"LineString","coordinates":[[109.692918,-7.397215],[109.692887,-7.396724],[109.692767,-7.395876],[109.69272,-7.395414],[109.69269,-7.395279],[109.692602,-7.393664],[109.692552,-7.393202],[109.692522,-7.392746]]}},{"type":"Feature","properties":{"id":734,"nomor_ruas":"VI.9","nama_ruas":"JL DIPAYUDA","titik_awal":"VI.8/VI.6","titik_akhir":"VI.24","panjang_km":0.897,"lebar_m":10.83},"geometry":{"type":"LineString","coordinates":[[109.692722,-7.395195],[109.693004,-7.39521],[109.693243,-7.395226],[109.693416,-7.395231],[109.693631,-7.395247],[109.693983,-7.395258],[109.694454,-7.395271],[109.695154,-7.395275],[109.69581,-7.395295],[109.696637,-7.395323],[109.697727,-7.395345],[109.698206,-7.395359],[109.698973,-7.395389],[109.69975,-7.395411],[109.700851,-7.395439]]}},{"type":"Feature","properties":{"id":735,"nomor_ruas":"III.7","nama_ruas":"SIJERUK-PRENDENGAN","titik_awal":"Jalan Prov.","titik_akhir":"III.8","panjang_km":3.227,"lebar_m":3},"geometry":{"type":"LineString","coordinates":[[109.711274,-7.318232],[109.710832,-7.318322],[109.710702,-7.318293],[109.710511,-7.318192],[109.710311,-7.317924],[109.710235,-7.317891],[109.709899,-7.317707],[109.709694,-7.317556],[109.709534,-7.317525],[109.709365,-7.317485],[109.709115,-7.317413],[109.708766,-7.317365],[109.708565,-7.317449],[109.7083,-7.317373],[109.708089,-7.317396],[109.707925,-7.317443],[109.707691,-7.317409],[109.707345,-7.317542],[109.706808,-7.31755],[109.706665,-7.317521],[109.706425,-7.317525],[109.706248,-7.317553],[109.706046,-7.317553],[109.705807,-7.317495],[109.705466,-7.317589],[109.705169,-7.317598],[109.70504,-7.317435],[109.70483,-7.317004],[109.704725,-7.316869],[109.704698,-7.316558],[109.70466,-7.316247],[109.70457,-7.316041],[109.704421,-7.315931],[109.704331,-7.315782],[109.704192,-7.315748],[109.703952,-7.315676],[109.703862,-7.315532],[109.703791,-7.315063],[109.703624,-7.314933],[109.703437,-7.314908],[109.703098,-7.314395],[109.703012,-7.314275],[109.702897,-7.314194],[109.702778,-7.314112],[109.702615,-7.314035],[109.702505,-7.313886],[109.702348,-7.313704],[109.702161,-7.313646],[109.701836,-7.313411],[109.701481,-7.313486],[109.701327,-7.313486],[109.701217,-7.313395],[109.701079,-7.313059],[109.700802,-7.312924],[109.700404,-7.312856],[109.700146,-7.312568],[109.699902,-7.312438],[109.69928,-7.311968],[109.698773,-7.31154],[109.698702,-7.311406],[109.698645,-7.311229],[109.698573,-7.311099],[109.698559,-7.310946],[109.698469,-7.310716],[109.69858,-7.310592],[109.698595,-7.310243],[109.698605,-7.30998],[109.698711,-7.309846],[109.698861,-7.309454],[109.698589,-7.309166],[109.698345,-7.309031],[109.698273,-7.308763],[109.698068,-7.308681],[109.697929,-7.308566],[109.697723,-7.308436],[109.697551,-7.308211],[109.697397,-7.307865],[109.697212,-7.30769],[109.697167,-7.307497],[109.697183,-7.307296],[109.697266,-7.307014],[109.697266,-7.306819],[109.697221,-7.306572],[109.697121,-7.306338],[109.697035,-7.306138],[109.697051,-7.305933],[109.696984,-7.305652],[109.69689,-7.305473],[109.696803,-7.305319],[109.696695,-7.305133],[109.696644,-7.304973],[109.696644,-7.304694],[109.696719,-7.3045],[109.696752,-7.304457],[109.697059,-7.30425],[109.697142,-7.304071],[109.697124,-7.303866],[109.697097,-7.303795],[109.696848,-7.303433],[109.696813,-7.303252],[109.696815,-7.30297],[109.696788,-7.302704],[109.696641,-7.302592],[109.696516,-7.302456],[109.696433,-7.302298],[109.696326,-7.302137],[109.69619,-7.301955],[109.695714,-7.301798],[109.695639,-7.301777],[109.695422,-7.301711],[109.695058,-7.301694],[109.694663,-7.301528],[109.694502,-7.301417],[109.694428,-7.301369]]}},{"type":"Feature","properties":{"id":736,"nomor_ruas":"II.31","nama_ruas":"GANDULEKOR-KALIWINASUH","titik_awal":"Jalan ProvInsi Gandulekor-Gombong","titik_akhir":"II.28","panjang_km":1.792,"lebar_m":3},"geometry":{"type":"LineString","coordinates":[[109.475444,-7.455125],[109.473544,-7.455155],[109.473313,-7.455204],[109.471675,-7.455378],[109.470995,-7.455415],[109.470853,-7.455451],[109.470749,-7.455508],[109.470568,-7.455647],[109.470454,-7.455761],[109.470343,-7.455888],[109.470039,-7.45606],[109.469494,-7.456095],[109.46914,-7.456123],[109.468264,-7.456173],[109.468072,-7.456188],[109.467706,-7.456212],[109.467108,-7.456264],[109.465659,-7.456415],[109.465075,-7.456473],[109.46448,-7.456523],[109.463243,-7.456375],[109.463025,-7.45637],[109.46206,-7.456396],[109.461449,-7.456448],[109.460605,-7.456496],[109.459464,-7.456563]]}},{"type":"Feature","properties":{"id":737,"nomor_ruas":"IV.7","nama_ruas":"GUMELAR-BANTAR","titik_awal":"IV.6","titik_akhir":"IV.8","panjang_km":1.173,"lebar_m":3},"geometry":{"type":"LineString","coordinates":[[109.737051,-7.282248],[109.737252,-7.282377],[109.737559,-7.282504],[109.737813,-7.282552],[109.737859,-7.282574],[109.738129,-7.282713],[109.738373,-7.282708],[109.738487,-7.28254],[109.738597,-7.282332],[109.738749,-7.282328],[109.738902,-7.282393],[109.739192,-7.282569],[109.739332,-7.282343],[109.739437,-7.282062],[109.739485,-7.28192],[109.739627,-7.281842],[109.739768,-7.281873],[109.739934,-7.281721],[109.740026,-7.281489],[109.740018,-7.281362],[109.739814,-7.28092],[109.739627,-7.280646],[109.739578,-7.280501],[109.739536,-7.280325],[109.739544,-7.280023],[109.739614,-7.279953],[109.739839,-7.279869],[109.739931,-7.279871],[109.740185,-7.279874],[109.740358,-7.279834],[109.740545,-7.279777],[109.740605,-7.279783],[109.741028,-7.279895],[109.74133,-7.280007],[109.741464,-7.279944],[109.741799,-7.279741],[109.742272,-7.27949],[109.742308,-7.279487],[109.742527,-7.279574],[109.742811,-7.279766],[109.743059,-7.279729],[109.743338,-7.279592],[109.743523,-7.279493],[109.743646,-7.279337],[109.743909,-7.278965]]}},{"type":"Feature","properties":{"id":738,"nomor_ruas":null,"nama_ruas":"PANDANSARI-KARANGTENGAH","titik_awal":"V.29","titik_akhir":"V.7","panjang_km":1.298,"lebar_m":3},"geometry":{"type":"LineString","coordinates":[[109.765488,-7.302625],[109.765635,-7.302722],[109.765788,-7.302772],[109.765959,-7.302786],[109.766238,-7.302812],[109.766429,-7.302896],[109.766556,-7.303034],[109.766608,-7.303059],[109.766803,-7.303141],[109.766895,-7.303249],[109.767005,-7.303446],[109.767077,-7.303507],[109.767351,-7.303602],[109.767473,-7.303563],[109.767695,-7.303425],[109.767832,-7.303446],[109.768212,-7.30356],[109.768373,-7.303457],[109.768511,-7.303457],[109.768672,-7.303497],[109.768784,-7.303604],[109.769112,-7.303888],[109.769222,-7.303994],[109.769354,-7.304236],[109.769416,-7.304488],[109.769463,-7.304907],[109.769625,-7.304988],[109.769798,-7.304998],[109.769903,-7.305073],[109.769975,-7.305275],[109.770117,-7.305485],[109.770337,-7.305523],[109.770568,-7.305512],[109.770808,-7.305629],[109.77096,-7.30567],[109.771102,-7.305713],[109.771133,-7.305754],[109.771241,-7.306027],[109.77145,-7.306241],[109.771608,-7.306526],[109.771802,-7.306516],[109.771861,-7.306461],[109.772083,-7.30624],[109.77222,-7.306099],[109.77236,-7.30596],[109.772388,-7.305702],[109.772647,-7.305795],[109.772875,-7.305909],[109.773026,-7.305886],[109.773324,-7.306015],[109.773471,-7.305986],[109.77361,-7.305974],[109.77383,-7.306312],[109.774345,-7.306231]]}},{"type":"Feature","properties":{"id":739,"nomor_ruas":"V.37","nama_ruas":"KASIMPAR-PENANGGUNGAN","titik_awal":"Jalan Provinsi","titik_akhir":"Desa Penanggungan","panjang_km":1.335,"lebar_m":3},"geometry":{"type":"LineString","coordinates":[[109.780633,-7.200498],[109.780353,-7.200805],[109.780071,-7.201152],[109.779944,-7.201409],[109.779956,-7.20166],[109.780027,-7.20181],[109.780092,-7.201989],[109.780065,-7.202193],[109.779981,-7.20236],[109.77995,-7.202629],[109.779764,-7.202919],[109.779487,-7.203289],[109.779459,-7.203549],[109.779558,-7.203582],[109.779881,-7.203613],[109.780274,-7.203674],[109.780269,-7.20443],[109.78024,-7.205175],[109.780268,-7.205791],[109.78024,-7.206093],[109.780146,-7.206596],[109.780205,-7.206907],[109.780348,-7.207335],[109.780494,-7.20759],[109.780549,-7.208086],[109.78066,-7.208347],[109.780674,-7.208484],[109.780593,-7.208703],[109.780481,-7.209196],[109.78034,-7.210194],[109.780172,-7.211223]]}},{"type":"Feature","properties":{"id":740,"nomor_ruas":"I.38","nama_ruas":"PESANGKALAN-SADANG","titik_awal":"I.33/I.33","titik_akhir":"TUGU BATAS KAB","panjang_km":2.445,"lebar_m":4},"geometry":{"type":"LineString","coordinates":[[109.716276,-7.460015],[109.716148,-7.46018],[109.716037,-7.460366],[109.715944,-7.460511],[109.715838,-7.460633],[109.715678,-7.460733],[109.715545,-7.460805],[109.715386,-7.46093],[109.715267,-7.461112],[109.715217,-7.46128],[109.715233,-7.461427],[109.715295,-7.461619],[109.715265,-7.461802],[109.715155,-7.46196],[109.715083,-7.462135],[109.714951,-7.46224],[109.714816,-7.462273],[109.714652,-7.462358],[109.714568,-7.46249],[109.714439,-7.462656],[109.714265,-7.462826],[109.714101,-7.462928],[109.713916,-7.463055],[109.7138,-7.46317],[109.713688,-7.463323],[109.713531,-7.463523],[109.713334,-7.463766],[109.713122,-7.464049],[109.712988,-7.464196],[109.712814,-7.464331],[109.712576,-7.464544],[109.712332,-7.46475],[109.712192,-7.464885],[109.712139,-7.465041],[109.712165,-7.465249],[109.712143,-7.465412],[109.712047,-7.465572],[109.711836,-7.465833],[109.711703,-7.465996],[109.711599,-7.466146],[109.711402,-7.466361],[109.711271,-7.466456],[109.711111,-7.466577],[109.710925,-7.466674],[109.710697,-7.466736],[109.710463,-7.466852],[109.710282,-7.467005],[109.710107,-7.467113],[109.709873,-7.467208],[109.709622,-7.467262],[109.709391,-7.467342],[109.709272,-7.467479],[109.709038,-7.467624],[109.708789,-7.467676],[109.708562,-7.467733],[109.708399,-7.467805],[109.708117,-7.467957],[109.707973,-7.468063],[109.707642,-7.468426],[109.707507,-7.468515],[109.70732,-7.46859],[109.707056,-7.468713],[109.706926,-7.468816],[109.706504,-7.469045],[109.70639,-7.46916],[109.706292,-7.469354],[109.706148,-7.469661],[109.705989,-7.469934],[109.705872,-7.47012],[109.70578,-7.470281],[109.705581,-7.470521],[109.705373,-7.470707],[109.705153,-7.470914],[109.70516,-7.471063],[109.705159,-7.471266],[109.704999,-7.471324],[109.704822,-7.471321],[109.70466,-7.471344],[109.704522,-7.471418],[109.704042,-7.471559],[109.703905,-7.471661],[109.7037,-7.471866],[109.703632,-7.471929],[109.703527,-7.472028],[109.703309,-7.472265],[109.703207,-7.472348],[109.703099,-7.472437],[109.702777,-7.472616],[109.702487,-7.472743],[109.702401,-7.472852],[109.702238,-7.473072],[109.702058,-7.473189],[109.702031,-7.473225],[109.701959,-7.47335],[109.70188,-7.47361],[109.701963,-7.473764],[109.701939,-7.473818],[109.701785,-7.473948],[109.701648,-7.474073],[109.701378,-7.474302],[109.70128,-7.474354]]}},{"type":"Feature","properties":{"id":741,"nomor_ruas":"II.27","nama_ruas":"KLAMPOK-KECITRAN","titik_awal":"II.25","titik_akhir":"II.24","panjang_km":4.788,"lebar_m":0},"geometry":{"type":"LineString","coordinates":[[109.43875,-7.457745],[109.438261,-7.457755],[109.437605,-7.457935],[109.437693,-7.458851],[109.437769,-7.459542],[109.437827,-7.460077],[109.437934,-7.460697],[109.438068,-7.460665],[109.438629,-7.460488],[109.439051,-7.460362],[109.4392,-7.460317],[109.439417,-7.460249],[109.439588,-7.460219],[109.439782,-7.460781],[109.440715,-7.463153],[109.441206,-7.464424],[109.441499,-7.465183],[109.441739,-7.465944],[109.443184,-7.465729],[109.443531,-7.46568],[109.445006,-7.46547],[109.446266,-7.465275],[109.44787,-7.465025],[109.449139,-7.464845],[109.451052,-7.464607],[109.451184,-7.464594],[109.452031,-7.46442],[109.452363,-7.464425],[109.452088,-7.464772],[109.45202,-7.464982],[109.452019,-7.465144],[109.452006,-7.466029],[109.451991,-7.46644],[109.452008,-7.467055],[109.451974,-7.468323],[109.451976,-7.469412],[109.451949,-7.470159],[109.452123,-7.470937],[109.45221,-7.471307],[109.452398,-7.472097],[109.452468,-7.47254],[109.452575,-7.472955],[109.452715,-7.473557],[109.452679,-7.473774],[109.452576,-7.47442],[109.452504,-7.474909],[109.452438,-7.475265],[109.452276,-7.476466],[109.452245,-7.476687],[109.452076,-7.477417],[109.451242,-7.477337],[109.449861,-7.477313],[109.44803,-7.477254],[109.447229,-7.477223],[109.446377,-7.477071],[109.444647,-7.476797]]}},{"type":"Feature","properties":{"id":743,"nomor_ruas":"II.16","nama_ruas":"PURWASABA-PAGAK","titik_awal":"Jalan ProvInsi Gandulekor-Gombong","titik_akhir":"II.28","panjang_km":1.792,"lebar_m":0},"geometry":{"type":"LineString","coordinates":[[109.475444,-7.455125],[109.473544,-7.455155],[109.473313,-7.455204],[109.471675,-7.455378],[109.470995,-7.455415],[109.470853,-7.455451],[109.470749,-7.455508],[109.470568,-7.455647],[109.470454,-7.455761],[109.470343,-7.455888],[109.470039,-7.45606],[109.469494,-7.456095],[109.46914,-7.456123],[109.468264,-7.456173],[109.468072,-7.456188],[109.467706,-7.456212],[109.467108,-7.456264],[109.465659,-7.456415],[109.465075,-7.456473],[109.46448,-7.456523],[109.463243,-7.456375],[109.463025,-7.45637],[109.46206,-7.456396],[109.461449,-7.456448],[109.460605,-7.456496],[109.459464,-7.456563]]}},{"type":"Feature","properties":{"id":744,"nomor_ruas":"II.30","nama_ruas":"PEKUNCEN-PURWAREJA","titik_awal":"Jalan ProvInsi Gandulekor-Gombong","titik_akhir":"II.25","panjang_km":5.478,"lebar_m":0},"geometry":{"type":"LineString","coordinates":[[109.475444,-7.455125],[109.428965,-7.472537]]}},{"type":"Feature","properties":{"id":745,"nomor_ruas":"II.13","nama_ruas":"PANGGISARI-GANDULEKOR","titik_awal":"JL.NAS","titik_akhir":"JL.PROV Gandulekor-Gombong","panjang_km":3.533,"lebar_m":0},"geometry":{"type":"LineString","coordinates":[[109.482775,-7.449954],[109.483194,-7.450015],[109.483585,-7.450064],[109.483573,-7.450619],[109.484114,-7.450732],[109.484368,-7.450963],[109.484517,-7.450914],[109.484742,-7.450791],[109.484894,-7.450836],[109.485051,-7.450915],[109.485197,-7.450995],[109.485452,-7.451046],[109.485605,-7.451042],[109.485524,-7.451221],[109.485527,-7.451449],[109.485547,-7.451641],[109.485597,-7.451935],[109.485717,-7.452018],[109.485731,-7.45217],[109.485803,-7.452284],[109.486022,-7.452321],[109.48633,-7.45234],[109.486702,-7.452464],[109.486863,-7.452479],[109.486941,-7.452614],[109.487083,-7.452688],[109.487426,-7.452718],[109.487779,-7.452691],[109.487775,-7.452832],[109.487791,-7.453225],[109.487804,-7.453857],[109.487803,-7.45431],[109.487807,-7.454435],[109.487819,-7.454817],[109.487938,-7.455316],[109.488204,-7.455322],[109.488624,-7.455414],[109.48865,-7.45584],[109.488698,-7.456403],[109.488745,-7.456723],[109.488848,-7.457969],[109.488857,-7.458179],[109.488892,-7.458661],[109.488957,-7.459152],[109.489035,-7.459659],[109.489088,-7.459905],[109.489276,-7.460721],[109.488649,-7.461124],[109.488086,-7.461499],[109.48821,-7.462099],[109.488344,-7.462729],[109.488412,-7.463047],[109.488475,-7.463389],[109.48853,-7.463996],[109.488526,-7.464331],[109.488506,-7.464587],[109.488477,-7.464983],[109.488481,-7.465345],[109.488503,-7.465661],[109.488511,-7.466039],[109.488523,-7.466278],[109.488532,-7.466462],[109.488685,-7.467313],[109.487919,-7.467436],[109.487939,-7.467562],[109.488012,-7.46796],[109.488168,-7.46869],[109.488237,-7.46899],[109.488337,-7.46935],[109.488495,-7.469991],[109.488669,-7.470759],[109.488291,-7.472622],[109.488079,-7.473563],[109.487863,-7.474533],[109.487783,-7.474874],[109.48769,-7.475283]]}},{"type":"Feature","properties":{"id":747,"nomor_ruas":"I.12","nama_ruas":"PETAMBAKAN-KALIURIP","titik_awal":"JL PROP KM 3 BNA","titik_akhir":"Masjid Dkh Pakelen","panjang_km":6.657,"lebar_m":4.5},"geometry":{"type":"LineString","coordinates":[[109.692417,-7.375347],[109.693287,-7.375393],[109.694596,-7.375463],[109.695147,-7.37546],[109.695707,-7.375677],[109.696048,-7.375822],[109.696212,-7.375884],[109.696615,-7.376013],[109.696767,-7.376094],[109.696959,-7.376217],[109.697133,-7.376203],[109.697151,-7.376179],[109.697244,-7.375972],[109.697411,-7.375584],[109.697502,-7.375522],[109.697676,-7.375488],[109.698092,-7.375419],[109.698181,-7.375362],[109.698402,-7.375169],[109.698442,-7.375097],[109.698525,-7.374815],[109.698579,-7.374649],[109.698722,-7.374512],[109.698905,-7.374405],[109.699186,-7.374327],[109.699347,-7.374299],[109.699633,-7.374258],[109.700081,-7.374206],[109.700391,-7.374176],[109.700692,-7.374155],[109.70097,-7.374059],[109.701139,-7.373932],[109.701512,-7.373565],[109.701601,-7.373388],[109.701684,-7.373033],[109.701735,-7.372913],[109.701869,-7.372764],[109.702025,-7.37259],[109.702491,-7.371844],[109.702699,-7.371626],[109.702954,-7.371492],[109.703136,-7.371454],[109.70335,-7.371458],[109.703529,-7.371491],[109.703647,-7.371447],[109.703802,-7.37134],[109.703942,-7.371244],[109.704057,-7.37115],[109.704264,-7.370934],[109.704382,-7.370773],[109.704557,-7.370587],[109.704787,-7.370463],[109.705016,-7.370347],[109.705165,-7.37026],[109.705292,-7.370077],[109.705392,-7.36972],[109.705439,-7.369535],[109.70551,-7.36937],[109.705709,-7.369112],[109.706193,-7.368457],[109.706261,-7.368324],[109.706375,-7.368125],[109.70647,-7.367916],[109.70656,-7.367678],[109.706565,-7.367492],[109.706455,-7.367224],[109.70647,-7.367118],[109.706896,-7.366755],[109.707115,-7.366555],[109.707246,-7.366454],[109.707348,-7.366364],[109.70748,-7.366236],[109.707576,-7.366134],[109.707708,-7.365949],[109.707855,-7.365763],[109.708346,-7.365398],[109.708515,-7.365252],[109.708671,-7.365146],[109.708828,-7.365079],[109.709006,-7.365062],[109.709153,-7.365023],[109.709261,-7.364923],[109.709467,-7.364808],[109.709669,-7.364731],[109.70978,-7.364558],[109.709804,-7.364391],[109.709919,-7.364233],[109.71009,-7.364172],[109.710236,-7.364108],[109.710344,-7.363927],[109.710446,-7.363786],[109.710556,-7.363644],[109.710628,-7.363512],[109.710867,-7.363246],[109.710966,-7.363113],[109.711082,-7.362956],[109.711204,-7.362721],[109.711224,-7.362549],[109.711281,-7.362389],[109.711439,-7.362217],[109.711597,-7.36207],[109.711744,-7.362033],[109.711881,-7.362035],[109.712084,-7.362058],[109.712243,-7.362077],[109.712396,-7.361871],[109.712423,-7.361512],[109.712532,-7.361285],[109.712734,-7.361128],[109.71287,-7.361057],[109.712997,-7.361007],[109.713289,-7.360939],[109.7135,-7.3609],[109.713614,-7.360778],[109.713782,-7.360635],[109.713984,-7.36055],[109.714157,-7.3604],[109.714146,-7.360234],[109.714134,-7.359944],[109.714091,-7.359751],[109.713916,-7.359416],[109.713904,-7.359119],[109.713932,-7.358881],[109.713995,-7.358739],[109.714132,-7.358517],[109.714163,-7.35838],[109.714098,-7.358215],[109.714022,-7.358071],[109.71389,-7.357787],[109.7138,-7.357633],[109.713804,-7.357466],[109.713866,-7.3573],[109.713995,-7.357153],[109.714124,-7.357024],[109.714247,-7.356772],[109.714358,-7.356319],[109.714399,-7.35608],[109.714413,-7.355934],[109.714412,-7.355737],[109.714454,-7.355572],[109.714592,-7.355363],[109.714732,-7.35515],[109.714904,-7.355105],[109.715048,-7.355069],[109.715203,-7.354896],[109.715404,-7.354806],[109.71552,-7.354653],[109.71556,-7.354389],[109.715557,-7.354254],[109.715555,-7.354088],[109.715556,-7.353952],[109.715528,-7.353808],[109.715436,-7.3537],[109.715315,-7.353579],[109.715079,-7.353372],[109.714897,-7.353174],[109.714869,-7.352994],[109.714916,-7.352751],[109.715022,-7.352542],[109.715187,-7.352406],[109.715266,-7.352393],[109.715466,-7.352327],[109.715599,-7.352213],[109.715769,-7.352042],[109.715905,-7.35191],[109.716058,-7.35176],[109.716094,-7.351586],[109.716096,-7.351439],[109.716091,-7.351221],[109.716092,-7.351052],[109.716003,-7.350169],[109.716163,-7.349928],[109.716224,-7.349778],[109.716248,-7.349618],[109.716294,-7.349291],[109.716379,-7.349121],[109.716481,-7.348936],[109.716579,-7.348832],[109.716666,-7.34871],[109.716736,-7.348584],[109.716854,-7.348397],[109.71698,-7.348256],[109.717055,-7.348121],[109.71712,-7.347771],[109.717183,-7.347515],[109.717264,-7.347275],[109.717378,-7.346961],[109.717448,-7.346824],[109.717618,-7.346537],[109.717758,-7.346421],[109.717997,-7.34632],[109.718176,-7.346151],[109.718314,-7.346093],[109.718574,-7.346075],[109.718665,-7.346091],[109.718894,-7.34608],[109.719109,-7.345967],[109.719247,-7.346001],[109.719383,-7.346066],[109.719598,-7.346173],[109.71965,-7.346191],[109.719973,-7.346227],[109.720014,-7.346159],[109.720014,-7.345943],[109.720018,-7.345756],[109.72007,-7.34566],[109.720173,-7.345542],[109.720462,-7.345357],[109.720547,-7.345242],[109.72058,-7.345104],[109.72073,-7.34483],[109.720888,-7.344479],[109.720865,-7.344287],[109.720847,-7.344108],[109.72094,-7.343983],[109.72104,-7.343916],[109.721257,-7.343814],[109.721296,-7.343718],[109.721319,-7.34356],[109.72137,-7.343382],[109.721364,-7.343307],[109.721347,-7.343037],[109.72146,-7.342941],[109.72149,-7.342803],[109.721419,-7.342568],[109.721514,-7.342452],[109.721571,-7.342205],[109.721551,-7.342142],[109.721213,-7.34152],[109.721299,-7.341412],[109.721425,-7.341253],[109.721689,-7.34095],[109.721746,-7.340787],[109.721812,-7.340652],[109.721856,-7.340594],[109.722003,-7.340393],[109.721994,-7.340088],[109.721918,-7.339958],[109.721752,-7.339814],[109.72172,-7.339693],[109.72185,-7.339558],[109.722189,-7.339462],[109.722522,-7.339253],[109.722729,-7.339218],[109.72296,-7.33921],[109.723066,-7.33902],[109.72325,-7.338928],[109.723424,-7.338845],[109.723403,-7.338722],[109.723212,-7.33859],[109.723171,-7.338444],[109.72323,-7.338279],[109.723278,-7.33809],[109.723411,-7.33806],[109.723532,-7.337941],[109.723497,-7.337682],[109.723524,-7.337453]]}},{"type":"Feature","properties":{"id":748,"nomor_ruas":"VI.66","nama_ruas":"JL PERKUTUT","titik_awal":"VI.3/Jalan Nasional","titik_akhir":"VI.57","panjang_km":0.294,"lebar_m":0},"geometry":{"type":"LineString","coordinates":[[109.708037,-7.393173],[109.708089,-7.392878],[109.708093,-7.392776],[109.708008,-7.392457],[109.708056,-7.392245],[109.7084,-7.39219],[109.708817,-7.392165],[109.709129,-7.392131],[109.7095,-7.392118],[109.709477,-7.391863]]}},{"type":"Feature","properties":{"id":749,"nomor_ruas":"V.16","nama_ruas":"KALILUNJAR-KARANGSARI","titik_awal":"IV.11","titik_akhir":"IV.11","panjang_km":31.604,"lebar_m":0},"geometry":{"type":"LineString","coordinates":[[109.77454,-7.267112],[109.774224,-7.266882],[109.77399,-7.266743],[109.773926,-7.266717],[109.773623,-7.266685],[109.773207,-7.26662],[109.773164,-7.266492],[109.773083,-7.266371],[109.772898,-7.266038],[109.772597,-7.265803],[109.772503,-7.265726],[109.77245,-7.265591],[109.772039,-7.265153],[109.771937,-7.265046],[109.771803,-7.265098],[109.771541,-7.26522],[109.771377,-7.265326],[109.771216,-7.265475],[109.771047,-7.265522],[109.770581,-7.265584],[109.770443,-7.26559],[109.770008,-7.265639],[109.769828,-7.265658],[109.769409,-7.265682],[109.769112,-7.265687],[109.768884,-7.265691],[109.768469,-7.265667],[109.767813,-7.265767],[109.767549,-7.265763],[109.767253,-7.265758],[109.767058,-7.266086],[109.766986,-7.266238],[109.766964,-7.266436],[109.766933,-7.26658],[109.766822,-7.266766],[109.766618,-7.267011],[109.766402,-7.26712],[109.766278,-7.267115],[109.765941,-7.267057],[109.76549,-7.267037],[109.765072,-7.267021],[109.764857,-7.267069],[109.764691,-7.267104],[109.764471,-7.267153],[109.764251,-7.267247],[109.764035,-7.267376],[109.76386,-7.267428],[109.76344,-7.267384],[109.763173,-7.267541],[109.76274,-7.267736],[109.762185,-7.267975],[109.762087,-7.267995],[109.76194,-7.268026],[109.761454,-7.268116],[109.761025,-7.268248],[109.760921,-7.268285],[109.76048,-7.268434],[109.760184,-7.268562],[109.759608,-7.268862],[109.759344,-7.269023],[109.759172,-7.2692],[109.759022,-7.269263],[109.758848,-7.269263],[109.758632,-7.269231],[109.758501,-7.269244],[109.758282,-7.269292],[109.758,-7.26934],[109.757821,-7.269313],[109.75764,-7.269207],[109.757233,-7.269025],[109.757078,-7.26909],[109.756787,-7.269309],[109.756709,-7.269447],[109.75659,-7.269722],[109.756632,-7.269837],[109.756459,-7.270092],[109.756411,-7.270139],[109.75621,-7.270296],[109.756112,-7.270338],[109.755928,-7.270282],[109.75571,-7.270454],[109.755424,-7.270517],[109.755275,-7.270605],[109.755092,-7.270793],[109.754928,-7.270984],[109.754763,-7.271032],[109.754595,-7.271017],[109.754251,-7.270861],[109.754071,-7.270768],[109.753606,-7.27048],[109.75349,-7.270465],[109.753265,-7.27046],[109.753032,-7.27046],[109.752894,-7.270451],[109.752604,-7.270421],[109.752515,-7.270427],[109.752333,-7.270408],[109.75198,-7.270501],[109.750743,-7.270881],[109.750451,-7.270931],[109.750274,-7.270968],[109.750117,-7.270996],[109.749956,-7.271033],[109.749723,-7.271135],[109.749521,-7.271204],[109.749389,-7.271221],[109.74875,-7.271216],[109.748573,-7.271227],[109.748432,-7.27125],[109.748267,-7.271286],[109.748017,-7.27133],[109.74706,-7.271607],[109.746425,-7.271687],[109.746152,-7.271635],[109.746031,-7.271663],[109.745726,-7.271619],[109.745314,-7.271532],[109.744831,-7.271399],[109.744304,-7.271245],[109.743978,-7.271149],[109.743816,-7.271107],[109.743633,-7.271093],[109.743215,-7.271075],[109.743083,-7.271059],[109.742899,-7.27103],[109.742684,-7.270999],[109.742489,-7.270949],[109.742345,-7.270914],[109.742077,-7.270849],[109.74194,-7.271284],[109.741873,-7.271434],[109.741725,-7.271457],[109.741573,-7.271467],[109.741155,-7.271468],[109.741027,-7.271459],[109.740809,-7.27145],[109.74032,-7.271444],[109.740245,-7.271727],[109.740081,-7.272005],[109.739943,-7.272116],[109.739778,-7.272141],[109.73923,-7.272186],[109.738845,-7.272235],[109.738795,-7.273793],[109.738687,-7.273964],[109.738515,-7.274073],[109.738311,-7.274114],[109.737855,-7.274166],[109.737606,-7.274206],[109.737442,-7.274302],[109.737241,-7.274394],[109.737013,-7.274371],[109.736815,-7.27433],[109.736651,-7.274319],[109.736482,-7.274327],[109.736155,-7.274389],[109.735882,-7.274486],[109.735349,-7.274757],[109.73521,-7.274835],[109.735072,-7.274931],[109.734904,-7.27507],[109.73472,-7.275196],[109.734527,-7.275337],[109.734337,-7.275481],[109.734102,-7.275695],[109.733874,-7.275938],[109.73332,-7.276355],[109.733145,-7.276363],[109.733012,-7.27642],[109.7328,-7.276517],[109.732632,-7.276514],[109.732455,-7.276478],[109.732314,-7.276492],[109.732113,-7.276554],[109.731878,-7.276605],[109.731712,-7.276562],[109.731475,-7.276461],[109.731322,-7.276418],[109.730962,-7.276397],[109.730756,-7.276413],[109.730608,-7.276416],[109.730316,-7.27637],[109.730093,-7.276285],[109.72995,-7.276241],[109.729774,-7.276261],[109.729656,-7.276256],[109.729461,-7.276143],[109.729206,-7.276105],[109.729042,-7.276166],[109.728847,-7.276282],[109.728685,-7.276301],[109.728558,-7.27629],[109.728255,-7.276271],[109.72804,-7.27625],[109.727708,-7.276232],[109.727402,-7.276233],[109.727159,-7.276258],[109.726987,-7.276298],[109.726859,-7.276285],[109.726433,-7.276254],[109.726366,-7.27626],[109.726041,-7.276298],[109.72592,-7.276302],[109.725691,-7.276253],[109.725481,-7.276233],[109.725312,-7.276255],[109.72513,-7.276288],[109.724888,-7.276386],[109.724803,-7.276548],[109.724668,-7.276697],[109.724535,-7.276789],[109.724287,-7.276886],[109.724041,-7.276947],[109.723868,-7.276949],[109.723682,-7.276885],[109.723366,-7.276818],[109.723179,-7.276784],[109.722851,-7.276765],[109.722463,-7.276754],[109.722291,-7.276648],[109.722121,-7.276463],[109.721924,-7.276527],[109.72159,-7.276646],[109.721405,-7.276716],[109.721239,-7.27677],[109.720877,-7.276852],[109.720695,-7.27683],[109.720204,-7.276596],[109.720021,-7.276533],[109.719815,-7.276495],[109.719662,-7.27655],[109.719558,-7.276724],[109.719441,-7.276994],[109.719295,-7.277112],[109.719105,-7.277193],[109.718917,-7.277212],[109.718737,-7.277216],[109.718555,-7.277195],[109.718385,-7.277165],[109.718244,-7.277102],[109.718032,-7.277024],[109.717882,-7.277022],[109.717708,-7.277069],[109.717513,-7.277158],[109.717353,-7.277227],[109.717119,-7.277309],[109.716982,-7.277361],[109.716811,-7.277474],[109.71674,-7.277593],[109.716678,-7.27779],[109.71665,-7.277962],[109.716606,-7.278171],[109.716574,-7.278336],[109.716488,-7.278506],[109.71637,-7.278631],[109.7162,-7.278695],[109.716025,-7.278717],[109.715743,-7.278783],[109.715434,-7.278878],[109.715322,-7.279005],[109.715266,-7.279153],[109.715193,-7.27934],[109.715104,-7.279462],[109.71499,-7.279604],[109.714843,-7.279717],[109.714707,-7.279769],[109.71451,-7.279777],[109.714263,-7.279758],[109.714069,-7.27965],[109.713873,-7.279573],[109.713712,-7.279541],[109.713569,-7.279578],[109.713428,-7.279672],[109.713289,-7.279799],[109.713177,-7.279979],[109.713102,-7.280153],[109.713032,-7.2803],[109.712947,-7.280435],[109.712827,-7.280542],[109.712666,-7.280631],[109.712478,-7.280665],[109.712281,-7.280649],[109.711964,-7.280654],[109.711643,-7.280641],[109.711508,-7.280767],[109.71137,-7.280821],[109.711213,-7.280907],[109.711096,-7.281009],[109.710976,-7.281195],[109.71091,-7.281328],[109.710776,-7.281631],[109.710709,-7.28177],[109.710583,-7.281912],[109.710454,-7.282018],[109.710367,-7.282128],[109.710326,-7.282284],[109.710338,-7.282446],[109.710395,-7.28258],[109.71044,-7.282718],[109.710394,-7.282902],[109.710285,-7.283012],[109.710182,-7.283134],[109.710012,-7.283387],[109.70991,-7.283544],[109.70975,-7.283647],[109.709577,-7.283692],[109.709407,-7.283685],[109.709269,-7.283673],[109.709094,-7.283726],[109.708977,-7.283847],[109.708858,-7.283992],[109.708718,-7.284167],[109.708507,-7.284281],[109.708376,-7.284328],[109.708112,-7.284429],[109.708027,-7.284474],[109.707914,-7.284561],[109.707808,-7.284633],[109.707628,-7.28482],[109.707346,-7.284976],[109.707175,-7.285052],[109.707034,-7.28521],[109.706968,-7.285395],[109.706925,-7.285518],[109.706865,-7.285667],[109.706738,-7.285814],[109.706518,-7.28612],[109.70637,-7.286234],[109.706178,-7.286368],[109.705848,-7.286613],[109.705656,-7.28669],[109.705526,-7.286854],[109.705396,-7.28702],[109.705236,-7.287258],[109.70513,-7.28735],[109.704908,-7.287528],[109.704744,-7.287667],[109.704607,-7.287675],[109.704419,-7.287643],[109.704221,-7.287504],[109.704092,-7.287363],[109.704013,-7.287157],[109.703915,-7.2871],[109.703734,-7.287098],[109.70351,-7.287164],[109.703352,-7.287222],[109.70314,-7.28722],[109.703008,-7.287289],[109.702963,-7.287371],[109.70289,-7.287612],[109.702928,-7.287813],[109.702998,-7.288159],[109.702901,-7.288257],[109.702772,-7.288284],[109.70255,-7.288418],[109.70233,-7.288595],[109.70226,-7.288734],[109.702137,-7.288837],[109.701957,-7.288962],[109.701793,-7.289104],[109.701391,-7.289311],[109.701289,-7.289462],[109.701166,-7.289803],[109.701199,-7.290039],[109.701331,-7.290205],[109.701452,-7.290394],[109.70139,-7.290583],[109.701415,-7.290814],[109.701331,-7.290795],[109.701136,-7.29067],[109.700927,-7.290489],[109.700754,-7.290323],[109.700657,-7.290261],[109.700439,-7.290202],[109.700235,-7.290138],[109.69996,-7.290089],[109.699779,-7.290035],[109.699588,-7.289926],[109.699441,-7.289886],[109.699267,-7.289875],[109.699042,-7.289934],[109.698953,-7.28999],[109.698642,-7.290051],[109.698323,-7.29016],[109.698183,-7.290133],[109.697918,-7.289936],[109.697638,-7.289921],[109.697532,-7.289844],[109.697059,-7.289604],[109.696861,-7.289553],[109.696758,-7.289549],[109.696477,-7.289572],[109.696236,-7.289558],[109.696156,-7.289572],[109.695854,-7.289652],[109.695717,-7.289687],[109.695416,-7.289827],[109.695193,-7.289973],[109.695029,-7.29013],[109.6949,-7.290247],[109.694715,-7.290332],[109.694468,-7.290455],[109.694318,-7.290524],[109.694032,-7.290614],[109.693674,-7.290817],[109.69339,-7.291014],[109.693017,-7.291046],[109.692897,-7.291125],[109.69284,-7.291197],[109.69272,-7.291405],[109.692559,-7.29154],[109.692451,-7.291652],[109.692333,-7.291791],[109.692148,-7.291857],[109.692012,-7.291897],[109.691708,-7.291993],[109.691504,-7.291993],[109.691233,-7.292023],[109.691153,-7.292158],[109.691067,-7.292213],[109.690925,-7.292261],[109.690847,-7.292328],[109.690619,-7.292469],[109.690443,-7.292513],[109.690236,-7.292543],[109.690086,-7.292583],[109.689831,-7.29265],[109.689665,-7.292728],[109.689569,-7.292781],[109.689308,-7.292956],[109.689188,-7.293052],[109.689096,-7.293086],[109.688903,-7.293038],[109.688704,-7.293009],[109.688641,-7.293027],[109.688412,-7.293107],[109.688214,-7.293082],[109.688012,-7.293085],[109.687795,-7.293116],[109.68767,-7.293161],[109.687537,-7.293263],[109.687383,-7.293413],[109.687101,-7.293739],[109.687063,-7.2939],[109.686854,-7.294171],[109.686879,-7.294338],[109.686875,-7.294524],[109.686754,-7.294633],[109.68661,-7.29468],[109.686495,-7.294789],[109.686032,-7.294999],[109.685945,-7.295205],[109.685827,-7.295224],[109.685683,-7.295235],[109.685511,-7.295293],[109.68542,-7.295354],[109.685211,-7.295509],[109.685028,-7.295587],[109.684852,-7.295562],[109.684734,-7.295576],[109.684548,-7.295674],[109.684453,-7.295824],[109.684387,-7.295999],[109.684335,-7.296363],[109.684274,-7.296541],[109.684179,-7.296861],[109.684115,-7.296951],[109.683923,-7.297154],[109.683797,-7.297214],[109.683596,-7.297288],[109.683359,-7.297357],[109.683267,-7.297373],[109.683002,-7.297471],[109.683001,-7.297524],[109.682989,-7.29779],[109.682974,-7.297915],[109.682925,-7.298216],[109.682884,-7.29827],[109.682674,-7.298466],[109.682595,-7.298515],[109.682329,-7.298671],[109.682264,-7.298777],[109.682217,-7.299051],[109.682299,-7.299271],[109.682319,-7.299396],[109.682324,-7.299511],[109.682313,-7.299757],[109.682225,-7.299961],[109.682135,-7.300091],[109.68194,-7.300317],[109.681539,-7.300696],[109.681325,-7.300787],[109.681186,-7.300887],[109.681137,-7.301013],[109.680648,-7.30129],[109.680221,-7.301547],[109.6801,-7.301671],[109.680026,-7.301727],[109.679882,-7.301809],[109.679748,-7.30187],[109.679506,-7.301979],[109.679135,-7.302209],[109.678489,-7.302474],[109.678201,-7.30253],[109.67811,-7.302566],[109.677933,-7.302637],[109.677638,-7.302681],[109.677515,-7.302616],[109.677387,-7.302568],[109.677208,-7.302571],[109.677015,-7.302571],[109.676655,-7.302548],[109.676545,-7.302539],[109.676399,-7.302529],[109.676157,-7.302526],[109.675701,-7.302606],[109.675329,-7.302686],[109.674822,-7.302792],[109.674713,-7.302806],[109.674594,-7.302838],[109.674383,-7.302876],[109.674177,-7.302919],[109.674034,-7.302962],[109.673658,-7.302859],[109.673484,-7.302852],[109.672872,-7.302567],[109.67263,-7.302478],[109.672462,-7.302455],[109.672292,-7.302409],[109.672099,-7.302317],[109.67156,-7.302049],[109.671282,-7.301859],[109.670646,-7.301634],[109.670294,-7.301439],[109.670134,-7.301428],[109.669988,-7.301419],[109.669804,-7.301226],[109.66964,-7.301128],[109.669342,-7.30087],[109.66922,-7.300718],[109.669101,-7.300625],[109.668965,-7.300583],[109.668833,-7.300487],[109.668695,-7.300383],[109.668517,-7.300282],[109.668349,-7.300294],[109.668291,-7.300167],[109.668191,-7.300046],[109.668209,-7.299852],[109.668061,-7.299593],[109.668029,-7.299419],[109.667978,-7.299289],[109.667936,-7.299109],[109.667687,-7.299037],[109.667392,-7.298829],[109.667297,-7.298714],[109.667202,-7.298555],[109.667098,-7.298318],[109.667067,-7.29818],[109.667077,-7.29804],[109.667097,-7.297692],[109.667082,-7.297475],[109.66705,-7.2973],[109.667025,-7.29713],[109.666933,-7.296632],[109.666915,-7.296425],[109.666927,-7.296254],[109.667041,-7.296031],[109.667233,-7.29589],[109.667153,-7.295598],[109.667058,-7.29545],[109.666828,-7.295066],[109.666757,-7.294901],[109.666686,-7.294831],[109.666438,-7.294741],[109.666243,-7.294815],[109.666087,-7.294847],[109.665809,-7.29481],[109.665334,-7.294813],[109.665189,-7.294742],[109.665032,-7.294655],[109.664782,-7.294996],[109.664599,-7.295103],[109.664552,-7.295224],[109.66447,-7.2954],[109.664329,-7.295512],[109.664253,-7.29568],[109.664264,-7.295837],[109.664206,-7.296011],[109.664084,-7.296121],[109.663897,-7.29621],[109.663683,-7.296263],[109.663592,-7.296414],[109.663571,-7.296529],[109.663476,-7.29682],[109.663357,-7.29702],[109.663288,-7.297196],[109.663171,-7.297296],[109.662857,-7.297439],[109.662821,-7.297536],[109.662808,-7.297645],[109.662811,-7.297795],[109.662822,-7.298007],[109.66282,-7.298367],[109.662831,-7.298629],[109.662863,-7.298846],[109.662788,-7.299027],[109.662742,-7.299099],[109.662708,-7.299254],[109.662754,-7.299495],[109.662695,-7.299939],[109.662643,-7.300134],[109.662522,-7.300282],[109.662437,-7.300333],[109.66223,-7.300415],[109.662067,-7.300445],[109.661889,-7.300479],[109.661693,-7.300534],[109.661476,-7.300617],[109.661118,-7.300875],[109.661004,-7.300966],[109.660872,-7.301047],[109.660807,-7.301185],[109.66071,-7.301352],[109.660534,-7.301515],[109.660257,-7.301766],[109.660061,-7.301915],[109.6599,-7.302005],[109.659677,-7.302083],[109.65951,-7.30215],[109.65934,-7.302274],[109.659256,-7.302382],[109.659156,-7.302495],[109.659057,-7.302641],[109.658944,-7.30278],[109.658796,-7.302877],[109.658607,-7.302878],[109.658448,-7.302853],[109.658289,-7.302821],[109.658114,-7.302794],[109.657926,-7.30279],[109.657752,-7.302829],[109.657607,-7.302909],[109.657454,-7.302953],[109.65731,-7.302949],[109.657062,-7.302898],[109.656909,-7.302873],[109.65677,-7.302901],[109.656549,-7.303011],[109.656372,-7.303043],[109.656215,-7.303123],[109.65607,-7.303217],[109.655828,-7.303364],[109.655579,-7.303458],[109.655375,-7.30355],[109.655145,-7.303654],[109.654892,-7.303747],[109.654679,-7.303869],[109.654556,-7.303937],[109.654416,-7.303966],[109.654226,-7.303986],[109.654062,-7.304045],[109.653908,-7.304049],[109.653655,-7.304015],[109.653522,-7.304041],[109.653326,-7.304119],[109.653118,-7.304208],[109.652967,-7.304276],[109.652816,-7.304398],[109.652655,-7.304461],[109.652587,-7.304587],[109.652527,-7.304718],[109.652327,-7.304903],[109.652032,-7.305119],[109.651887,-7.305144],[109.651585,-7.305222],[109.65145,-7.3053],[109.651363,-7.305425],[109.651293,-7.30558],[109.651043,-7.305747],[109.65092,-7.305806],[109.65068,-7.305918],[109.650177,-7.306224],[109.649922,-7.30637],[109.649616,-7.306567],[109.649432,-7.306706],[109.649296,-7.306797],[109.649182,-7.306942],[109.648903,-7.307695],[109.648804,-7.307945],[109.648616,-7.30869],[109.648396,-7.309722],[109.648259,-7.310319],[109.648124,-7.310484],[109.64807,-7.310492],[109.647472,-7.310518],[109.647081,-7.310519],[109.646483,-7.310711],[109.646156,-7.31077],[109.645994,-7.310767],[109.645839,-7.310706],[109.645736,-7.31089],[109.645641,-7.311089],[109.645136,-7.311426],[109.645072,-7.311451],[109.644763,-7.31158],[109.644626,-7.311668],[109.644403,-7.311877],[109.64434,-7.312003],[109.644175,-7.312593],[109.644125,-7.3127],[109.643771,-7.31325],[109.643586,-7.313364],[109.643374,-7.313487],[109.643402,-7.313617],[109.643555,-7.313801],[109.64368,-7.313919],[109.64385,-7.314199],[109.644082,-7.314414],[109.644045,-7.314593],[109.643947,-7.314853],[109.643748,-7.315099],[109.643773,-7.315427],[109.643851,-7.315807],[109.643829,-7.316101],[109.643771,-7.316438],[109.64372,-7.316549],[109.643503,-7.316902],[109.643421,-7.317028],[109.643245,-7.317172],[109.643243,-7.317277],[109.643179,-7.317531],[109.643156,-7.317634],[109.643104,-7.317901],[109.642953,-7.31825],[109.642783,-7.318349],[109.642434,-7.318495],[109.642205,-7.318716],[109.642189,-7.318905],[109.642293,-7.319016],[109.642522,-7.319119],[109.642636,-7.319254],[109.642593,-7.319419],[109.642422,-7.319776],[109.642303,-7.319846],[109.642103,-7.319868],[109.641939,-7.319915],[109.641896,-7.320012],[109.641945,-7.320228],[109.642037,-7.320427],[109.642034,-7.320565],[109.641889,-7.320632],[109.641668,-7.320657],[109.641668,-7.320657],[109.641327,-7.320926],[109.641233,-7.321045],[109.64134,-7.321155],[109.641455,-7.321383],[109.641049,-7.322033],[109.640951,-7.322195],[109.640883,-7.322314],[109.640844,-7.322588],[109.640831,-7.322725],[109.640667,-7.322713],[109.640555,-7.323],[109.640507,-7.323231],[109.640355,-7.323555],[109.640262,-7.323666],[109.640081,-7.323848],[109.639942,-7.324035],[109.639583,-7.324551],[109.639287,-7.324838],[109.639044,-7.324959],[109.63892,-7.324981],[109.638659,-7.324989],[109.638492,-7.325049],[109.638467,-7.325194],[109.638371,-7.325412],[109.638287,-7.325576],[109.638169,-7.325801],[109.638031,-7.326055],[109.637881,-7.326228],[109.637797,-7.326297],[109.637384,-7.326543],[109.637006,-7.326712],[109.63691,-7.326821],[109.636894,-7.326853],[109.636802,-7.327095],[109.636682,-7.327307],[109.636713,-7.327407],[109.636156,-7.327678],[109.636094,-7.327651],[109.635805,-7.327517],[109.635727,-7.327555],[109.635249,-7.327707],[109.635078,-7.327864],[109.634911,-7.327892],[109.634757,-7.327855],[109.634541,-7.32778],[109.634462,-7.327769],[109.634208,-7.327807],[109.633708,-7.327854],[109.633141,-7.327903],[109.633028,-7.327967],[109.632951,-7.32802],[109.632792,-7.328074],[109.632489,-7.328137],[109.632328,-7.328148],[109.631889,-7.328145],[109.631778,-7.328201],[109.631669,-7.328267],[109.630975,-7.328433],[109.630444,-7.328576],[109.630351,-7.328536],[109.630279,-7.328484],[109.630048,-7.328303],[109.629905,-7.32822],[109.629695,-7.328139],[109.629509,-7.328137],[109.629355,-7.328197],[109.629217,-7.328262],[109.629049,-7.328341],[109.628695,-7.328511],[109.628466,-7.328595],[109.628179,-7.328683],[109.628101,-7.328616],[109.628009,-7.328356],[109.627824,-7.328225],[109.627554,-7.328162],[109.627318,-7.328086],[109.626954,-7.328144],[109.626555,-7.32819],[109.626192,-7.328069],[109.625895,-7.328159],[109.625562,-7.328166],[109.625452,-7.327959],[109.625303,-7.327841],[109.62516,-7.327836],[109.625052,-7.327869],[109.62471,-7.327917],[109.624634,-7.3279],[109.624437,-7.327792],[109.624086,-7.327592],[109.623912,-7.327569],[109.623565,-7.327565],[109.623222,-7.327677],[109.623153,-7.327681],[109.623043,-7.327667],[109.622481,-7.327545],[109.622282,-7.327454],[109.622114,-7.327351],[109.621881,-7.327196],[109.621723,-7.32705],[109.62151,-7.326752],[109.621432,-7.326712],[109.621188,-7.326637],[109.621109,-7.326589],[109.620891,-7.326512],[109.620624,-7.326504],[109.620463,-7.326539],[109.620395,-7.326605],[109.620261,-7.326687],[109.61989,-7.326967],[109.619754,-7.326992],[109.619683,-7.32699],[109.619308,-7.326917],[109.618952,-7.326849],[109.618494,-7.326783],[109.618134,-7.326709],[109.617631,-7.32667],[109.617527,-7.326811],[109.617421,-7.32694],[109.617334,-7.327256],[109.617281,-7.327449],[109.616908,-7.327696],[109.61667,-7.327807],[109.616345,-7.328265],[109.615948,-7.328845],[109.615493,-7.329301],[109.615248,-7.329526],[109.615021,-7.329751],[109.614839,-7.329902],[109.614757,-7.330085],[109.614757,-7.330243],[109.614782,-7.33041],[109.61472,-7.330643],[109.614537,-7.331015],[109.614326,-7.331262],[109.61403,-7.331548],[109.61353,-7.332004],[109.613077,-7.332421],[109.612521,-7.332931],[109.612116,-7.333225],[109.611861,-7.333393],[109.611541,-7.333605],[109.611457,-7.333953],[109.61138,-7.334373],[109.611335,-7.334723],[109.61112,-7.33488],[109.611062,-7.334899],[109.610774,-7.334952],[109.610422,-7.334973],[109.609798,-7.335354],[109.609626,-7.335383],[109.609352,-7.335338],[109.609313,-7.335414],[109.60908,-7.335582],[109.608936,-7.335889],[109.60873,-7.336281],[109.608554,-7.336403],[109.608154,-7.336705],[109.607964,-7.336824],[109.607759,-7.336877],[109.60754,-7.336928],[109.607374,-7.337056],[109.607014,-7.337626],[109.606919,-7.337793],[109.60679,-7.33799],[109.606664,-7.338065],[109.606588,-7.338093],[109.606436,-7.338123],[109.606296,-7.338144],[109.605967,-7.338151],[109.605767,-7.33821],[109.605623,-7.338281],[109.605594,-7.338453],[109.605773,-7.338813],[109.605873,-7.339],[109.605915,-7.33937],[109.605825,-7.339502],[109.605654,-7.339548],[109.605487,-7.339649],[109.605266,-7.339788],[109.605151,-7.339871],[109.604854,-7.340047],[109.604704,-7.340147],[109.604337,-7.340293],[109.60422,-7.340445],[109.604036,-7.340627],[109.603959,-7.34075],[109.603783,-7.341023],[109.60367,-7.341121],[109.603493,-7.341195],[109.603229,-7.341237],[109.603102,-7.34112],[109.602982,-7.341031],[109.602882,-7.340967],[109.6027,-7.340919],[109.602638,-7.340888],[109.602513,-7.340817],[109.602371,-7.340696],[109.60225,-7.340564],[109.602165,-7.340447],[109.601998,-7.340169],[109.60195,-7.340007],[109.601934,-7.339858],[109.601964,-7.339685],[109.601997,-7.339523],[109.601938,-7.339424],[109.601773,-7.339394],[109.601621,-7.339374],[109.601472,-7.339308],[109.601365,-7.339193],[109.601294,-7.339108],[109.601134,-7.338893],[109.60114,-7.33872],[109.601182,-7.338531],[109.601099,-7.338437],[109.600914,-7.338398],[109.600663,-7.338321],[109.600482,-7.338261],[109.600414,-7.338096],[109.600395,-7.337995],[109.600324,-7.337758],[109.600253,-7.337562],[109.599929,-7.33753],[109.599788,-7.337521],[109.599646,-7.337627],[109.599525,-7.33784],[109.599271,-7.338203],[109.599063,-7.338434],[109.598913,-7.338435],[109.598779,-7.338382],[109.59866,-7.338301],[109.598473,-7.338164],[109.598327,-7.33811],[109.598192,-7.338093],[109.598055,-7.338132],[109.59793,-7.338215],[109.597439,-7.338779],[109.597287,-7.33889],[109.597162,-7.338831],[109.597118,-7.338648],[109.597104,-7.338459],[109.597001,-7.338179],[109.596875,-7.338078],[109.596611,-7.337936],[109.596297,-7.337814],[109.59612,-7.337709],[109.595998,-7.337586],[109.595781,-7.337585],[109.595633,-7.337624],[109.59527,-7.337786],[109.595095,-7.337707],[109.595027,-7.337588],[109.594945,-7.337479],[109.594799,-7.337397],[109.594606,-7.337334],[109.594378,-7.337367],[109.59423,-7.337358],[109.593992,-7.337357],[109.593838,-7.337395],[109.593631,-7.337506],[109.593478,-7.337504],[109.593313,-7.337458],[109.593126,-7.337365],[109.592944,-7.337617],[109.592781,-7.337776],[109.592656,-7.337927],[109.59253,-7.338092],[109.592311,-7.338407],[109.592165,-7.338532],[109.591823,-7.338833],[109.591718,-7.339097],[109.591584,-7.339175],[109.591393,-7.339265],[109.590807,-7.339389],[109.590615,-7.339526],[109.590305,-7.3396],[109.58991,-7.339719],[109.589756,-7.339775],[109.589729,-7.339797],[109.58959,-7.339976],[109.589438,-7.340067],[109.589175,-7.340192],[109.588983,-7.340206],[109.588745,-7.340156],[109.5886,-7.340066],[109.588421,-7.340009],[109.588247,-7.34007],[109.588052,-7.340197],[109.587907,-7.340206],[109.58774,-7.340144],[109.587561,-7.340074],[109.587334,-7.340093],[109.586998,-7.340196],[109.586895,-7.340173],[109.58672,-7.340092],[109.586164,-7.340043],[109.58576,-7.340047],[109.585621,-7.340164],[109.585401,-7.340267],[109.584862,-7.340483],[109.584729,-7.34053],[109.584397,-7.340653],[109.584089,-7.34079],[109.583984,-7.340786],[109.583816,-7.340741],[109.583643,-7.340688],[109.583573,-7.340657],[109.583441,-7.340604],[109.583312,-7.340549],[109.583172,-7.340488],[109.582853,-7.34041],[109.582684,-7.3404],[109.582332,-7.340386],[109.582235,-7.340221],[109.582147,-7.340043],[109.582038,-7.33991],[109.581864,-7.3398],[109.581678,-7.339745],[109.581293,-7.339698],[109.580929,-7.339686],[109.580698,-7.339681],[109.580555,-7.339713],[109.580384,-7.339792],[109.580275,-7.339865],[109.58011,-7.33997],[109.580051,-7.339988],[109.579839,-7.340002],[109.579694,-7.340136],[109.579642,-7.340241],[109.579518,-7.340505],[109.579379,-7.340848],[109.579305,-7.341152],[109.579122,-7.340914],[109.578904,-7.340576],[109.578839,-7.340407],[109.578826,-7.340183],[109.578875,-7.339992],[109.578896,-7.339908],[109.578972,-7.339644],[109.579043,-7.339518],[109.579149,-7.339416],[109.579301,-7.339246],[109.579334,-7.339057],[109.579222,-7.338955],[109.579056,-7.33895],[109.578981,-7.338995],[109.578815,-7.339238],[109.578674,-7.339442],[109.578603,-7.339518],[109.578503,-7.339623],[109.578383,-7.3398],[109.578315,-7.339991],[109.578254,-7.340173],[109.578124,-7.340264],[109.577967,-7.340245],[109.577654,-7.340199],[109.577521,-7.340237],[109.577472,-7.340307],[109.577404,-7.340436],[109.577296,-7.340606],[109.577146,-7.340689],[109.576905,-7.340684],[109.576688,-7.340635],[109.576536,-7.340573],[109.576294,-7.340458],[109.575846,-7.34012],[109.575896,-7.340257],[109.577082,-7.341111],[109.577247,-7.341295],[109.577234,-7.341478],[109.577156,-7.341629],[109.57707,-7.341785],[109.576934,-7.341935],[109.576716,-7.34205],[109.576609,-7.342213],[109.576555,-7.342376],[109.576539,-7.342593],[109.576574,-7.342776],[109.576667,-7.343095],[109.576972,-7.34384],[109.576694,-7.343725],[109.576308,-7.343566],[109.576075,-7.343418],[109.575734,-7.343126],[109.575527,-7.343005],[109.575294,-7.342933],[109.57493,-7.342767],[109.574791,-7.342619],[109.574603,-7.342318],[109.574181,-7.341497],[109.573989,-7.34132],[109.573829,-7.341247],[109.573436,-7.341125],[109.573161,-7.341057],[109.57277,-7.340956],[109.572263,-7.340834],[109.572053,-7.340653],[109.57184,-7.340426],[109.571699,-7.340376],[109.571562,-7.340421],[109.570972,-7.340605],[109.570836,-7.340579],[109.570723,-7.34048],[109.570694,-7.340326],[109.570624,-7.340061],[109.570464,-7.34005],[109.570257,-7.340061],[109.569969,-7.340095],[109.569675,-7.340159],[109.56915,-7.34029],[109.568866,-7.340298],[109.568597,-7.340341],[109.568447,-7.340346]]}},{"type":"Feature","properties":{"id":750,"nomor_ruas":"V.30","nama_ruas":"GEMBOL-TEGALJERUK","titik_awal":"Jalan Provinsi","titik_akhir":"V.27","panjang_km":8.15,"lebar_m":3},"geometry":{"type":"LineString","coordinates":[[109.830843,-7.273831],[109.830879,-7.273616],[109.830913,-7.273152],[109.830891,-7.27264],[109.830935,-7.272329],[109.831007,-7.272008],[109.831151,-7.271932],[109.831267,-7.271841],[109.831396,-7.271712],[109.831531,-7.271478],[109.831728,-7.271278],[109.832002,-7.271082],[109.832108,-7.270972],[109.832328,-7.270302],[109.831798,-7.270143],[109.831838,-7.270011],[109.831936,-7.269831],[109.832008,-7.269652],[109.832045,-7.269394],[109.831862,-7.269261],[109.83183,-7.269197],[109.831962,-7.269095],[109.832223,-7.268915],[109.832596,-7.268786],[109.832748,-7.2687],[109.83292,-7.268602],[109.833094,-7.268552],[109.833181,-7.268406],[109.833377,-7.267955],[109.833608,-7.267653],[109.833669,-7.26745],[109.833783,-7.267235],[109.834068,-7.267179],[109.83435,-7.267003],[109.834503,-7.266878],[109.834701,-7.266636],[109.835008,-7.266296],[109.835208,-7.266264],[109.835325,-7.266117],[109.835473,-7.26592],[109.83562,-7.265747],[109.835746,-7.265658],[109.836262,-7.265259],[109.836266,-7.265115],[109.836349,-7.264839],[109.836555,-7.26466],[109.836573,-7.264398],[109.836574,-7.264237],[109.836546,-7.263996],[109.836658,-7.263731],[109.836658,-7.263569],[109.83668,-7.263351],[109.83667,-7.263038],[109.836743,-7.262913],[109.836743,-7.262644],[109.83677,-7.261958],[109.83677,-7.261865],[109.836835,-7.261732],[109.836843,-7.26156],[109.836908,-7.261341],[109.837103,-7.261194],[109.837225,-7.261155],[109.837476,-7.261281],[109.837678,-7.261228],[109.837848,-7.260902],[109.837906,-7.260658],[109.837734,-7.260507],[109.837425,-7.260187],[109.837146,-7.259895],[109.836938,-7.25964],[109.836899,-7.259525],[109.836928,-7.259345],[109.837079,-7.259138],[109.836965,-7.258944],[109.83694,-7.258786],[109.837067,-7.258226],[109.837165,-7.257925],[109.837295,-7.257753],[109.837303,-7.257573],[109.837332,-7.257315],[109.837369,-7.257024],[109.837244,-7.256805],[109.836997,-7.256366],[109.836835,-7.256158],[109.836811,-7.256003],[109.836854,-7.255842],[109.836894,-7.255562],[109.836985,-7.255243],[109.837036,-7.254927],[109.837015,-7.254791],[109.836962,-7.254579],[109.836923,-7.254313],[109.836923,-7.254152],[109.83696,-7.253994],[109.837018,-7.253682],[109.837152,-7.253316],[109.83716,-7.252993],[109.837164,-7.252591],[109.837154,-7.252426],[109.837075,-7.252307],[109.836965,-7.252066],[109.836897,-7.25184],[109.837013,-7.251424],[109.83714,-7.25104],[109.837133,-7.250932],[109.836957,-7.250731],[109.836624,-7.25035],[109.83638,-7.250292],[109.836283,-7.250223],[109.836283,-7.249976],[109.835938,-7.249928],[109.835471,-7.249905],[109.835479,-7.249676],[109.835566,-7.249468],[109.835671,-7.249102],[109.835848,-7.248851],[109.835928,-7.24855],[109.835982,-7.248306],[109.835983,-7.248137],[109.836069,-7.247947],[109.836411,-7.247693],[109.836779,-7.24745],[109.836916,-7.247066],[109.836895,-7.246851],[109.836839,-7.246452],[109.836861,-7.246205],[109.836843,-7.246054],[109.83669,-7.245551],[109.836659,-7.245188],[109.836843,-7.244826],[109.83702,-7.244511],[109.83711,-7.244253],[109.837157,-7.244109],[109.837241,-7.243969],[109.837245,-7.243719],[109.838041,-7.243247],[109.838215,-7.243044],[109.83845,-7.242555],[109.838574,-7.242226],[109.83882,-7.241858],[109.838959,-7.241643],[109.839175,-7.241548],[109.839736,-7.241296],[109.839933,-7.241315],[109.840096,-7.241373],[109.840273,-7.24145],[109.840421,-7.241455],[109.840748,-7.241336],[109.840911,-7.241308],[109.84116,-7.241275],[109.841755,-7.240923],[109.842389,-7.240541],[109.842648,-7.240432],[109.843151,-7.240333],[109.843741,-7.240191],[109.843957,-7.240072],[109.844087,-7.2399],[109.84414,-7.239732],[109.844155,-7.239593],[109.844318,-7.239426],[109.844525,-7.239245],[109.84476,-7.23893],[109.845,-7.238926],[109.845173,-7.238802],[109.845259,-7.238668],[109.845351,-7.23852],[109.845548,-7.238276],[109.845553,-7.238118],[109.845486,-7.237951],[109.845477,-7.237778],[109.845607,-7.237678],[109.845794,-7.237564],[109.846289,-7.236967],[109.846443,-7.236737],[109.846626,-7.236561],[109.84675,-7.236518],[109.847028,-7.236595],[109.847177,-7.236395],[109.847518,-7.236161],[109.847687,-7.235936],[109.847854,-7.235856],[109.848071,-7.235578],[109.848268,-7.235402],[109.848543,-7.23468],[109.848634,-7.234527],[109.848889,-7.234379],[109.849119,-7.234222],[109.849215,-7.234064],[109.849441,-7.233888],[109.849628,-7.233754],[109.849772,-7.233688],[109.849868,-7.233535],[109.850008,-7.233128],[109.850095,-7.232971],[109.850225,-7.232822],[109.850268,-7.232631],[109.850178,-7.232487],[109.850063,-7.232243],[109.850093,-7.231803],[109.850061,-7.231348],[109.850162,-7.231114],[109.850258,-7.231033],[109.850416,-7.231009],[109.850598,-7.230981],[109.850747,-7.230943],[109.850853,-7.230848],[109.851007,-7.230589],[109.851074,-7.230398],[109.851195,-7.229997],[109.851541,-7.229581],[109.851815,-7.229247],[109.852027,-7.228984],[109.852579,-7.228531],[109.852934,-7.228259],[109.853276,-7.227886],[109.85341,-7.227777],[109.853875,-7.227653],[109.854196,-7.227683],[109.854686,-7.227771],[109.854811,-7.227542],[109.854974,-7.227399],[109.85519,-7.22728],[109.855373,-7.227165],[109.85568,-7.226893],[109.856022,-7.226425],[109.85617,-7.226425],[109.856319,-7.226392],[109.856472,-7.226335],[109.856655,-7.226192],[109.856794,-7.225972],[109.856809,-7.225762],[109.856867,-7.225633],[109.857011,-7.225499],[109.857165,-7.22512],[109.857238,-7.22494],[109.857291,-7.224777],[109.857412,-7.224074],[109.857567,-7.2236],[109.85752,-7.223146],[109.857564,-7.222945],[109.858145,-7.222616],[109.858481,-7.222315],[109.858688,-7.221995],[109.858938,-7.221503],[109.858944,-7.22113],[109.858983,-7.220953],[109.859185,-7.220599],[109.859468,-7.220284],[109.859637,-7.219885]]}},{"type":"Feature","properties":{"id":752,"nomor_ruas":"VI.29","nama_ruas":"JL PASAR","titik_awal":"VI.24","titik_akhir":"VI.30","panjang_km":0.233,"lebar_m":0},"geometry":{"type":"LineString","coordinates":[[109.701513,-7.394566],[109.701772,-7.394512],[109.701851,-7.394442],[109.701847,-7.394154],[109.701807,-7.393774],[109.701881,-7.393693],[109.702243,-7.393566],[109.702071,-7.393113],[109.702157,-7.393089]]}},{"type":"Feature","properties":{"id":753,"nomor_ruas":"VI.53","nama_ruas":"JL AL MUNAWAROH II","titik_awal":"VI.5","titik_akhir":"Kebun","panjang_km":0.288,"lebar_m":0},"geometry":{"type":"LineString","coordinates":[[109.686895,-7.396347],[109.68654,-7.396262],[109.686344,-7.396248],[109.685968,-7.396211],[109.685581,-7.396182],[109.685167,-7.396163],[109.68472,-7.396112],[109.684405,-7.396097],[109.684306,-7.396107]]}},{"type":"Feature","properties":{"id":754,"nomor_ruas":"VI.64","nama_ruas":"JL KASWARI","titik_awal":"VI.30","titik_akhir":"VI.61","panjang_km":0.514,"lebar_m":0},"geometry":{"type":"LineString","coordinates":[[109.71029,-7.391189],[109.710172,-7.390556],[109.710951,-7.390332],[109.711636,-7.390061],[109.711894,-7.389982],[109.712097,-7.389919],[109.712277,-7.389867],[109.712986,-7.389711],[109.713228,-7.389701],[109.713391,-7.389803],[109.713412,-7.389851],[109.713464,-7.390063],[109.713524,-7.390412]]}},{"type":"Feature","properties":{"id":755,"nomor_ruas":"I.14","nama_ruas":"BANJARNEGARA-ARGASOKA","titik_awal":"SIMPANG 4 KANTOR KODIM","titik_akhir":"PEMUKIMAN DESA SIRAWA","panjang_km":1.566,"lebar_m":3},"geometry":{"type":"LineString","coordinates":[[109.695801,-7.397906],[109.695839,-7.398152],[109.695917,-7.398724],[109.695995,-7.399342],[109.695962,-7.39959],[109.695927,-7.399966],[109.695929,-7.400204],[109.69592,-7.400464],[109.695854,-7.400582],[109.69576,-7.40084],[109.695577,-7.401175],[109.695545,-7.401276],[109.69545,-7.401542],[109.695429,-7.401834],[109.695451,-7.401973],[109.69554,-7.402204],[109.69562,-7.402524],[109.695787,-7.40319],[109.696091,-7.404057],[109.696199,-7.404649],[109.696153,-7.404888],[109.69607,-7.405218],[109.695989,-7.405379],[109.695858,-7.405457],[109.695447,-7.405634],[109.695295,-7.405771],[109.695339,-7.405952],[109.695443,-7.406253],[109.695494,-7.406402],[109.695567,-7.406547],[109.69569,-7.406769],[109.695728,-7.40693],[109.695789,-7.407201],[109.69593,-7.407456],[109.696083,-7.407632],[109.696121,-7.407766],[109.696141,-7.407914],[109.696195,-7.408049],[109.696312,-7.408279],[109.696395,-7.408451],[109.696556,-7.408869],[109.69676,-7.409088],[109.696708,-7.409226],[109.696677,-7.40936],[109.696378,-7.409971],[109.696207,-7.410263],[109.696172,-7.410477],[109.696201,-7.410736],[109.696246,-7.410824]]}},{"type":"Feature","properties":{"id":756,"nomor_ruas":"V.43","nama_ruas":null,"titik_awal":"IV.11","titik_akhir":"V.34","panjang_km":9.45,"lebar_m":0},"geometry":{"type":"LineString","coordinates":[[109.779941,-7.260918],[109.779808,-7.260818],[109.779539,-7.260716],[109.779643,-7.260556],[109.779646,-7.260474],[109.779671,-7.260226],[109.779659,-7.260181],[109.779449,-7.259903],[109.779427,-7.25969],[109.779188,-7.259586],[109.779182,-7.259366],[109.779159,-7.259262],[109.779048,-7.25899],[109.778925,-7.258804],[109.778816,-7.258468],[109.778745,-7.257395],[109.778762,-7.257268],[109.778926,-7.25714],[109.778903,-7.257012],[109.778804,-7.256789],[109.778801,-7.256642],[109.778798,-7.256474],[109.778785,-7.25581],[109.778762,-7.255603],[109.778726,-7.255372],[109.778641,-7.25516],[109.778472,-7.254975],[109.778518,-7.254883],[109.77859,-7.254766],[109.77871,-7.254589],[109.778873,-7.254484],[109.77901,-7.254436],[109.779222,-7.25441],[109.779384,-7.254406],[109.779583,-7.254331],[109.779655,-7.254201],[109.779748,-7.25406],[109.779885,-7.25395],[109.779954,-7.253826],[109.780006,-7.253696],[109.780038,-7.253465],[109.780162,-7.25334],[109.780311,-7.253333],[109.780483,-7.253373],[109.780664,-7.253472],[109.780871,-7.25353],[109.781069,-7.253614],[109.781191,-7.253752],[109.781335,-7.253844],[109.781784,-7.253904],[109.781959,-7.253829],[109.782218,-7.253667],[109.782349,-7.253575],[109.78273,-7.253279],[109.782921,-7.25322],[109.783066,-7.253216],[109.783244,-7.253169],[109.783599,-7.25302],[109.783722,-7.252945],[109.784048,-7.252703],[109.78414,-7.252558],[109.784163,-7.252421],[109.784222,-7.252297],[109.784261,-7.25211],[109.784342,-7.251917],[109.784437,-7.25175],[109.78464,-7.251447],[109.784968,-7.251047],[109.785204,-7.250782],[109.785466,-7.250495],[109.785597,-7.250279],[109.785633,-7.250061],[109.785596,-7.24963],[109.785724,-7.249463],[109.78588,-7.249379],[109.786239,-7.24915],[109.786383,-7.249105],[109.786548,-7.249072],[109.786834,-7.249072],[109.787037,-7.249217],[109.787176,-7.249303],[109.787304,-7.249357],[109.787989,-7.249658],[109.788284,-7.249719],[109.788619,-7.249835],[109.788939,-7.249963],[109.78908,-7.250032],[109.789252,-7.250068],[109.789473,-7.250091],[109.790186,-7.250269],[109.790438,-7.25027],[109.790592,-7.25022],[109.790945,-7.250044],[109.791276,-7.249939],[109.791533,-7.249846],[109.791671,-7.249831],[109.791936,-7.24981],[109.79209,-7.249751],[109.792288,-7.249645],[109.792435,-7.249597],[109.792609,-7.249592],[109.792916,-7.249595],[109.793107,-7.249537],[109.793314,-7.249455],[109.793523,-7.249336],[109.793868,-7.249145],[109.794192,-7.248986],[109.794243,-7.248889],[109.794635,-7.24862],[109.794843,-7.248504],[109.795017,-7.248399],[109.795255,-7.248231],[109.795379,-7.248095],[109.795458,-7.247845],[109.795603,-7.247256],[109.795644,-7.246703],[109.796017,-7.246719],[109.796167,-7.246735],[109.796566,-7.246801],[109.796816,-7.246836],[109.797037,-7.24671],[109.797262,-7.246607],[109.797418,-7.246652],[109.79756,-7.246722],[109.797815,-7.246662],[109.798049,-7.246523],[109.798285,-7.246403],[109.798512,-7.246248],[109.798626,-7.246116],[109.798706,-7.245968],[109.798879,-7.245675],[109.799076,-7.24558],[109.799272,-7.245513],[109.799459,-7.245497],[109.799699,-7.245489],[109.799853,-7.245512],[109.800059,-7.245583],[109.800372,-7.245722],[109.800444,-7.245857],[109.80059,-7.24618],[109.800722,-7.246371],[109.800916,-7.246482],[109.80106,-7.246441],[109.801596,-7.246263],[109.801814,-7.246143],[109.802114,-7.246029],[109.802248,-7.245964],[109.802419,-7.245659],[109.802779,-7.245372],[109.803195,-7.244919],[109.803385,-7.244771],[109.803623,-7.2443],[109.803886,-7.243562],[109.804079,-7.243098],[109.804335,-7.242613],[109.804512,-7.2424],[109.804705,-7.242221],[109.804981,-7.241849],[109.805169,-7.241663],[109.80537,-7.241575],[109.805595,-7.241776],[109.805743,-7.2418],[109.805806,-7.241758],[109.806192,-7.241535],[109.806279,-7.241485],[109.806383,-7.241266],[109.806373,-7.24109],[109.806489,-7.240796],[109.806734,-7.240441],[109.80685,-7.240302],[109.807051,-7.240216],[109.807317,-7.240163],[109.80749,-7.239919],[109.807588,-7.239801],[109.807624,-7.2396],[109.807751,-7.239342],[109.808029,-7.238758],[109.808203,-7.238331],[109.808393,-7.238018],[109.80866,-7.237909],[109.80906,-7.237619],[109.809381,-7.23734],[109.809471,-7.237164],[109.809676,-7.237093],[109.809866,-7.237079],[109.810075,-7.236922],[109.810331,-7.236679],[109.810716,-7.236403],[109.811188,-7.236071],[109.811667,-7.235792],[109.811908,-7.235685],[109.812156,-7.23575],[109.812389,-7.235797],[109.812878,-7.235817],[109.813248,-7.235803],[109.813957,-7.235762],[109.814719,-7.235689],[109.815082,-7.235546],[109.815259,-7.235338],[109.815604,-7.235253],[109.815791,-7.235139],[109.815935,-7.235081],[109.816134,-7.234867],[109.816406,-7.234733],[109.816642,-7.234723],[109.816818,-7.234679],[109.817024,-7.234496],[109.817243,-7.23421],[109.817253,-7.233871],[109.81728,-7.233519],[109.817279,-7.233333],[109.817493,-7.233029],[109.817909,-7.23224],[109.8182,-7.231678],[109.81829,-7.231254],[109.818404,-7.230906],[109.818513,-7.230574],[109.818628,-7.230218],[109.818704,-7.229985],[109.819337,-7.229858],[109.819792,-7.229783],[109.820254,-7.229763],[109.820654,-7.229757],[109.820991,-7.229699],[109.82098,-7.229438],[109.82097,-7.229075],[109.820989,-7.228951],[109.821068,-7.228806],[109.821217,-7.228571],[109.821458,-7.228348],[109.821694,-7.228206],[109.822047,-7.227992],[109.822282,-7.227846],[109.822502,-7.22774],[109.822642,-7.227616],[109.822915,-7.227355],[109.823339,-7.226998],[109.823821,-7.226587],[109.824181,-7.226289],[109.824792,-7.226048],[109.825213,-7.225957],[109.825926,-7.225917],[109.826309,-7.22589],[109.826475,-7.225878],[109.826734,-7.22586],[109.82701,-7.225845],[109.827246,-7.225847],[109.827669,-7.225739],[109.827723,-7.225469],[109.827764,-7.225004],[109.827825,-7.224763],[109.827891,-7.224552],[109.827943,-7.224318],[109.82813,-7.224264],[109.828442,-7.224086],[109.828605,-7.224011],[109.828882,-7.223956],[109.829555,-7.223794],[109.82966,-7.223656],[109.829561,-7.223476],[109.829116,-7.223216],[109.829016,-7.223059],[109.829139,-7.222452],[109.829342,-7.222168],[109.829485,-7.221967],[109.829758,-7.221625],[109.830035,-7.221656],[109.830394,-7.221583],[109.830655,-7.221489],[109.830942,-7.221379],[109.831069,-7.221314],[109.831251,-7.22118],[109.831402,-7.221208],[109.831539,-7.221249],[109.832038,-7.221437],[109.832407,-7.221525],[109.832598,-7.221425],[109.832609,-7.221287],[109.832635,-7.221135],[109.832674,-7.220871],[109.832783,-7.220086],[109.832845,-7.219651],[109.832922,-7.219361],[109.83303,-7.219155],[109.833233,-7.219083],[109.833405,-7.21905],[109.833396,-7.218865]]}},{"type":"Feature","properties":{"id":757,"nomor_ruas":"I.1","nama_ruas":"TUNGGARA-KALIKUTA","titik_awal":"JL PROP KM 15 HM 5-6 BNA","titik_akhir":"BATAS DESA","panjang_km":2.908,"lebar_m":3},"geometry":{"type":"LineString","coordinates":[[109.829324,-7.422807],[109.820676,-7.447513]]}},{"type":"Feature","properties":{"id":758,"nomor_ruas":"II.17","nama_ruas":"SOMAWANGI-SIMBANG","titik_awal":"II.10","titik_akhir":"II.19/II.20","panjang_km":3.39,"lebar_m":3},"geometry":{"type":"LineString","coordinates":[[109.518693,-7.466077],[109.518609,-7.466095],[109.518456,-7.466108],[109.518145,-7.466113],[109.517824,-7.466143],[109.517633,-7.466198],[109.517189,-7.466465],[109.517006,-7.466561],[109.516462,-7.466833],[109.515828,-7.467053],[109.515518,-7.467125],[109.515069,-7.467273],[109.514651,-7.467383],[109.514295,-7.467493],[109.513816,-7.467605],[109.513124,-7.467804],[109.51278,-7.467927],[109.511749,-7.46828],[109.511509,-7.468327],[109.510789,-7.46853],[109.510122,-7.468695],[109.509959,-7.4687],[109.509604,-7.468775],[109.509091,-7.468879],[109.508919,-7.468914],[109.508438,-7.46901],[109.508016,-7.469105],[109.507768,-7.469132],[109.507202,-7.469255],[109.506319,-7.469455],[109.505493,-7.469626],[109.504214,-7.469863],[109.504043,-7.469921],[109.503813,-7.469966],[109.503238,-7.470074],[109.502643,-7.470182],[109.501866,-7.470328],[109.5013,-7.470412],[109.500537,-7.470534],[109.499965,-7.470618],[109.499303,-7.470633],[109.498167,-7.470753],[109.496959,-7.470846],[109.496385,-7.470908],[109.496163,-7.470935],[109.49599,-7.470951],[109.495756,-7.470972],[109.495356,-7.471001],[109.495082,-7.471025],[109.494789,-7.471048],[109.494582,-7.471064],[109.494182,-7.471105],[109.493959,-7.471117],[109.493533,-7.471142],[109.49319,-7.471177],[109.492718,-7.47123],[109.492316,-7.471254],[109.492102,-7.471262],[109.491452,-7.471188],[109.491191,-7.471148],[109.490962,-7.471097],[109.490684,-7.471058],[109.490522,-7.471029],[109.489924,-7.470955],[109.489521,-7.4709],[109.488658,-7.470765]]}},{"type":"Feature","properties":{"id":759,"nomor_ruas":"I.22","nama_ruas":"ARGASOKA-TWELAGIRI","titik_awal":"I.21","titik_akhir":"I.15/I.15","panjang_km":1.861,"lebar_m":3},"geometry":{"type":"LineString","coordinates":[[109.694163,-7.420373],[109.69403,-7.42042],[109.693869,-7.420498],[109.693662,-7.420606],[109.69324,-7.420788],[109.692931,-7.420754],[109.692813,-7.420632],[109.692677,-7.420528],[109.692564,-7.420384],[109.692392,-7.420123],[109.692274,-7.420044],[109.692025,-7.420021],[109.691885,-7.420091],[109.691649,-7.420259],[109.691383,-7.42033],[109.691075,-7.420195],[109.691092,-7.420039],[109.691103,-7.419927],[109.691221,-7.419556],[109.691167,-7.419229],[109.691138,-7.419164],[109.691061,-7.41903],[109.69091,-7.41867],[109.690805,-7.41857],[109.690604,-7.418455],[109.69049,-7.418235],[109.690332,-7.418091],[109.690224,-7.417957],[109.690155,-7.417755],[109.689937,-7.417666],[109.689431,-7.417506],[109.689394,-7.417472],[109.689014,-7.417161],[109.688858,-7.417164],[109.688758,-7.417176],[109.688532,-7.417066],[109.688235,-7.416965],[109.687944,-7.416812],[109.687791,-7.41674],[109.687408,-7.416556],[109.687228,-7.416549],[109.687159,-7.416554],[109.686815,-7.416622],[109.686734,-7.416658],[109.68666,-7.416719],[109.68654,-7.416973],[109.686275,-7.417],[109.685885,-7.416954],[109.68579,-7.416913],[109.685492,-7.416779],[109.685101,-7.416576],[109.684954,-7.416447],[109.684798,-7.416375],[109.68442,-7.416239],[109.684238,-7.416169],[109.684075,-7.416141],[109.683931,-7.416131],[109.683756,-7.416154],[109.683594,-7.416225],[109.68299,-7.41639],[109.682725,-7.416266],[109.682339,-7.415846],[109.682226,-7.415748],[109.68202,-7.415632],[109.681734,-7.415555],[109.681116,-7.415443],[109.680907,-7.41543],[109.680798,-7.415436]]}},{"type":"Feature","properties":{"id":760,"nomor_ruas":"II.19","nama_ruas":"PURWASABA-KEBANARAN","titik_awal":"II.11","titik_akhir":"II.8","panjang_km":3.001,"lebar_m":3},"geometry":{"type":"LineString","coordinates":[[109.478125,-7.469789],[109.479305,-7.469849],[109.479755,-7.469851],[109.480242,-7.469862],[109.480884,-7.469883],[109.482158,-7.46993],[109.482665,-7.469942],[109.482875,-7.469946],[109.483357,-7.469956],[109.483851,-7.46997],[109.484459,-7.469988],[109.484566,-7.47],[109.484812,-7.470035],[109.485003,-7.470067],[109.485279,-7.470113],[109.48663,-7.470377],[109.487469,-7.470528],[109.488658,-7.470765],[109.489521,-7.4709],[109.489924,-7.470955],[109.490522,-7.471029],[109.490529,-7.471502],[109.490532,-7.471807],[109.49052,-7.471975],[109.490512,-7.472199],[109.490499,-7.472564],[109.490447,-7.472848],[109.490266,-7.472847],[109.490208,-7.472971],[109.49017,-7.473706],[109.490761,-7.47376],[109.491716,-7.473706],[109.492323,-7.473625],[109.492816,-7.473586],[109.492842,-7.473667],[109.492871,-7.47381],[109.492916,-7.474633],[109.492923,-7.475433],[109.492944,-7.476055],[109.492923,-7.476763],[109.492808,-7.47816],[109.492599,-7.4788],[109.492347,-7.479752],[109.492239,-7.480359],[109.492231,-7.48133],[109.492253,-7.481972],[109.492236,-7.482591]]}},{"type":"Feature","properties":{"id":761,"nomor_ruas":"I.16","nama_ruas":"GUMINGSIR-SOKAYASA","titik_awal":"JL NASIONAL KM 4 HM 8","titik_akhir":"I.17","panjang_km":2.386,"lebar_m":4.5},"geometry":{"type":"LineString","coordinates":[[109.726165,-7.392044],[109.726126,-7.392341],[109.72602,-7.392503],[109.725877,-7.392722],[109.725841,-7.392882],[109.725798,-7.393314],[109.72577,-7.393565],[109.725757,-7.393751],[109.725736,-7.394226],[109.725735,-7.394514],[109.725754,-7.394793],[109.725791,-7.394963],[109.725853,-7.395226],[109.72593,-7.395431],[109.726075,-7.395582],[109.726082,-7.395624],[109.725925,-7.396323],[109.725926,-7.396432],[109.726161,-7.396866],[109.726183,-7.396964],[109.726261,-7.397262],[109.726378,-7.397467],[109.726474,-7.397823],[109.726453,-7.398051],[109.726564,-7.398411],[109.726731,-7.398559],[109.726876,-7.398691],[109.726977,-7.398898],[109.727103,-7.399195],[109.727245,-7.399554],[109.72734,-7.399791],[109.727714,-7.400088],[109.727928,-7.40029],[109.728284,-7.400539],[109.728405,-7.40062],[109.728582,-7.400747],[109.72888,-7.400971],[109.728971,-7.401049],[109.729343,-7.401821],[109.729655,-7.402472],[109.729584,-7.402712],[109.729483,-7.402961],[109.729473,-7.403057],[109.729444,-7.403214],[109.729317,-7.403337],[109.729148,-7.403371],[109.728905,-7.403361],[109.7287,-7.403304],[109.728361,-7.403099],[109.728213,-7.403043],[109.727887,-7.402963],[109.727666,-7.403004],[109.727541,-7.403164],[109.727452,-7.403284],[109.727293,-7.403469],[109.72722,-7.403602],[109.727068,-7.403875],[109.726946,-7.404006],[109.726735,-7.404223],[109.726431,-7.404516],[109.726369,-7.404579],[109.726226,-7.404585],[109.725999,-7.404651],[109.725488,-7.404865],[109.725218,-7.4049],[109.72492,-7.404835],[109.724744,-7.404772],[109.724583,-7.404604],[109.724359,-7.404564],[109.723949,-7.404498],[109.723747,-7.404553],[109.723241,-7.404762],[109.722935,-7.404923],[109.722792,-7.404923],[109.722602,-7.404831],[109.722426,-7.404685],[109.7223,-7.40444],[109.722211,-7.404296],[109.722096,-7.404217]]}},{"type":"Feature","properties":{"id":762,"nomor_ruas":"I.18","nama_ruas":"SOKAYASA-PRINGAMBA","titik_awal":"I.17","titik_akhir":"I.4/I.25","panjang_km":4.237,"lebar_m":5.1},"geometry":{"type":"LineString","coordinates":[[109.754232,-7.435303],[109.754004,-7.435151],[109.753879,-7.435093],[109.753544,-7.434872],[109.753161,-7.434422],[109.753064,-7.434177],[109.753032,-7.433954],[109.752988,-7.433258],[109.75286,-7.432837],[109.752753,-7.432698],[109.752517,-7.432475],[109.752324,-7.432188],[109.752144,-7.431805],[109.752129,-7.431652],[109.752088,-7.431315],[109.75212,-7.431092],[109.752155,-7.430944],[109.752082,-7.430595],[109.751996,-7.430469],[109.751892,-7.430186],[109.751917,-7.429994],[109.752511,-7.429283],[109.752597,-7.429165],[109.752688,-7.428943],[109.752742,-7.428826],[109.752738,-7.428558],[109.752695,-7.428409],[109.7527,-7.428242],[109.752753,-7.428051],[109.752773,-7.427898],[109.752794,-7.427684],[109.75286,-7.427553],[109.752955,-7.427085],[109.752902,-7.426959],[109.752896,-7.426886],[109.752894,-7.426675],[109.752887,-7.426403],[109.752996,-7.426237],[109.753008,-7.426199],[109.75284,-7.425999],[109.752762,-7.425921],[109.752534,-7.425691],[109.752438,-7.425585],[109.752394,-7.42549],[109.752324,-7.425352],[109.752274,-7.425116],[109.752242,-7.424958],[109.752212,-7.424763],[109.752166,-7.424628],[109.75202,-7.424262],[109.751963,-7.424093],[109.751947,-7.423951],[109.751959,-7.423679],[109.751898,-7.423361],[109.751841,-7.423201],[109.751867,-7.423132],[109.751745,-7.422399],[109.751699,-7.422187],[109.751663,-7.421972],[109.75162,-7.421778],[109.751552,-7.42144],[109.751589,-7.421155],[109.751652,-7.42092],[109.751744,-7.420645],[109.75174,-7.420457],[109.751726,-7.42031],[109.751688,-7.420045],[109.751597,-7.41956],[109.75148,-7.419429],[109.751351,-7.419479],[109.751126,-7.419538],[109.751052,-7.419533],[109.750785,-7.419409],[109.75072,-7.419328],[109.750624,-7.419165],[109.750414,-7.418932],[109.75024,-7.418832],[109.75005,-7.418783],[109.749837,-7.418764],[109.749675,-7.418727],[109.749542,-7.418535],[109.749356,-7.418348],[109.749007,-7.41835],[109.748794,-7.418309],[109.748638,-7.418328],[109.748553,-7.41836],[109.748333,-7.418451],[109.748125,-7.418487],[109.747903,-7.418446],[109.747863,-7.418416],[109.747785,-7.418301],[109.74767,-7.418131],[109.747519,-7.418004],[109.747345,-7.417881],[109.747179,-7.417735],[109.74698,-7.417565],[109.746826,-7.417569],[109.746745,-7.417609],[109.746452,-7.41774],[109.746254,-7.41778],[109.745982,-7.417692],[109.745803,-7.417577],[109.745662,-7.417426],[109.745602,-7.417339],[109.74553,-7.417187],[109.745451,-7.417023],[109.74529,-7.416826],[109.745133,-7.416741],[109.74487,-7.416627],[109.744667,-7.416534],[109.744368,-7.416458],[109.744119,-7.416427],[109.743818,-7.416381],[109.743657,-7.41626],[109.743562,-7.416162],[109.743437,-7.416075],[109.743267,-7.416015],[109.743095,-7.415933],[109.742858,-7.415793],[109.742732,-7.415712],[109.74261,-7.415634],[109.742499,-7.415533],[109.742236,-7.415256],[109.741935,-7.415032],[109.741653,-7.414815],[109.741544,-7.414631],[109.741574,-7.414452],[109.741657,-7.414245],[109.741354,-7.414039],[109.741211,-7.414048],[109.741081,-7.414008],[109.740946,-7.413905],[109.740453,-7.413236],[109.740143,-7.412796],[109.739972,-7.412711],[109.73951,-7.412434],[109.739301,-7.412347],[109.739093,-7.412156],[109.73894,-7.41189],[109.738613,-7.411746],[109.738437,-7.411728],[109.738307,-7.411773],[109.738005,-7.411855],[109.737659,-7.41217],[109.737326,-7.412592],[109.73719,-7.412608],[109.736985,-7.412541],[109.736784,-7.412544],[109.736461,-7.412447],[109.736281,-7.412263],[109.736421,-7.412108],[109.736088,-7.412135],[109.735609,-7.412153],[109.735395,-7.412157],[109.735242,-7.412174]]}},{"type":"Feature","properties":{"id":763,"nomor_ruas":"I.19","nama_ruas":"SEMARANG-KARANGTENGAH","titik_awal":"I.17/VI.27","titik_akhir":"I.15","panjang_km":2.677,"lebar_m":4.5},"geometry":{"type":"LineString","coordinates":[[109.703301,-7.405357],[109.703114,-7.405183],[109.702968,-7.405066],[109.702868,-7.40502],[109.702116,-7.404721],[109.701789,-7.404551],[109.701475,-7.404084],[109.701097,-7.403516],[109.701034,-7.403422],[109.700953,-7.403064],[109.700964,-7.402761],[109.700906,-7.402505],[109.70081,-7.40237],[109.700395,-7.401612],[109.700312,-7.401724],[109.700183,-7.401856],[109.699941,-7.402045],[109.699894,-7.402026],[109.69976,-7.40196],[109.699476,-7.401842],[109.699389,-7.401852],[109.699184,-7.40192],[109.699023,-7.40185],[109.698918,-7.401758],[109.698607,-7.401605],[109.698447,-7.401527],[109.698329,-7.401874],[109.698171,-7.402282],[109.698103,-7.402519],[109.698,-7.402956],[109.697974,-7.403109],[109.697948,-7.403343],[109.697918,-7.403662],[109.697886,-7.403919],[109.697818,-7.404172],[109.697753,-7.404255],[109.697569,-7.40442],[109.697454,-7.404472],[109.697342,-7.404498],[109.696952,-7.404404],[109.696413,-7.404468],[109.696184,-7.40449],[109.695957,-7.404557],[109.695545,-7.404634],[109.695364,-7.404649],[109.695209,-7.404655],[109.69493,-7.404623],[109.694797,-7.404575],[109.694668,-7.404497],[109.694155,-7.404203],[109.693657,-7.403784],[109.693544,-7.40369],[109.693221,-7.403452],[109.693142,-7.403525],[109.692991,-7.403913],[109.692834,-7.404324],[109.692746,-7.404444],[109.692326,-7.404792],[109.691794,-7.40487],[109.691584,-7.404928],[109.691298,-7.404972],[109.691022,-7.404903],[109.690764,-7.404934],[109.690437,-7.405074],[109.69034,-7.405159],[109.690148,-7.405242],[109.689803,-7.405241],[109.689371,-7.405175],[109.689251,-7.405101],[109.689166,-7.405034],[109.688955,-7.404757],[109.688771,-7.404639],[109.688666,-7.404655],[109.68847,-7.404604],[109.688335,-7.404577],[109.6881,-7.404551],[109.687909,-7.404512],[109.687274,-7.404234],[109.686631,-7.403985],[109.686545,-7.403973],[109.686218,-7.403926],[109.685424,-7.40384]]}},{"type":"Feature","properties":{"id":764,"nomor_ruas":"I.2","nama_ruas":"RANDEGAN-KALIKUTA","titik_awal":"JL PROP KM 14 HM 1 BNA","titik_akhir":"I.1/I.1","panjang_km":4.611,"lebar_m":3},"geometry":{"type":"LineString","coordinates":[[109.817985,-7.417372],[109.817662,-7.417561],[109.817432,-7.417455],[109.817293,-7.417565],[109.817168,-7.417684],[109.817086,-7.417895],[109.81709,-7.418103],[109.816735,-7.418124],[109.816654,-7.418985],[109.816551,-7.419397],[109.816346,-7.41954],[109.816262,-7.419821],[109.816447,-7.420115],[109.816782,-7.420391],[109.816972,-7.421091],[109.817348,-7.421679],[109.817664,-7.42217],[109.817814,-7.422188],[109.817909,-7.422362],[109.817932,-7.422625],[109.817896,-7.422829],[109.817823,-7.42305],[109.817739,-7.423289],[109.817714,-7.423474],[109.817738,-7.423726],[109.817725,-7.424108],[109.817513,-7.424676],[109.817518,-7.425035],[109.817541,-7.425645],[109.817444,-7.426076],[109.817118,-7.426703],[109.817004,-7.42705],[109.817051,-7.427229],[109.817219,-7.427308],[109.817284,-7.427577],[109.817409,-7.428008],[109.817312,-7.428301],[109.816957,-7.428617],[109.816758,-7.429083],[109.816536,-7.429435],[109.816416,-7.429501],[109.816044,-7.429572],[109.815626,-7.42971],[109.815018,-7.42991],[109.814922,-7.430023],[109.814904,-7.430197],[109.815339,-7.431005],[109.815526,-7.431562],[109.815639,-7.432137],[109.815488,-7.432936],[109.815363,-7.433112],[109.815154,-7.43358],[109.815376,-7.43383],[109.815711,-7.434195],[109.816027,-7.434483],[109.816189,-7.434478],[109.816309,-7.434586],[109.816631,-7.435071],[109.816708,-7.435329],[109.816744,-7.435544],[109.816893,-7.435856],[109.81688,-7.436095],[109.816795,-7.436424],[109.817125,-7.436592],[109.816991,-7.437202],[109.816894,-7.437692],[109.817007,-7.437878],[109.817174,-7.438207],[109.817156,-7.438411],[109.817191,-7.438728],[109.817124,-7.439051],[109.817033,-7.43932],[109.816841,-7.439672],[109.816768,-7.439875],[109.816558,-7.44009],[109.816324,-7.440281],[109.816077,-7.440579],[109.815753,-7.440626],[109.815597,-7.440757],[109.81544,-7.441068],[109.815398,-7.441355],[109.815397,-7.441738],[109.815456,-7.441882],[109.815659,-7.442175],[109.815765,-7.442389],[109.815817,-7.442666],[109.815778,-7.442858],[109.815428,-7.442933],[109.815303,-7.44299],[109.815058,-7.443143],[109.815029,-7.443411],[109.815359,-7.443651],[109.815665,-7.443886],[109.815933,-7.444098],[109.816058,-7.444222],[109.816158,-7.444366],[109.816542,-7.444367],[109.816723,-7.444655],[109.816813,-7.444942],[109.816841,-7.445287],[109.816855,-7.445521],[109.81707,-7.445943],[109.81717,-7.446106],[109.81739,-7.446059],[109.817693,-7.445863],[109.817837,-7.445692],[109.81792,-7.44539],[109.818112,-7.445319],[109.818342,-7.445353],[109.818481,-7.445397],[109.818552,-7.445559],[109.818527,-7.445803],[109.818556,-7.445957],[109.818685,-7.446014],[109.818886,-7.446092],[109.819217,-7.44604],[109.819476,-7.446017],[109.819899,-7.445874],[109.819937,-7.446023],[109.820003,-7.446286],[109.820113,-7.446382],[109.820175,-7.446531],[109.82015,-7.446832],[109.820241,-7.447038],[109.820393,-7.447369],[109.820676,-7.447513]]}},{"type":"Feature","properties":{"id":765,"nomor_ruas":"I.27","nama_ruas":"KALISEMI-TLAGAWERA","titik_awal":"I.17/I.17","titik_akhir":"I.17/I.17","panjang_km":2.38,"lebar_m":2.5},"geometry":{"type":"LineString","coordinates":[[109.721077,-7.409915],[109.720838,-7.409734],[109.720564,-7.409625],[109.72036,-7.409551],[109.720196,-7.409506],[109.719881,-7.409418],[109.71979,-7.409325],[109.719676,-7.409182],[109.719581,-7.409069],[109.719425,-7.408863],[109.719335,-7.408756],[109.71924,-7.408655],[109.719056,-7.408432],[109.719058,-7.408061],[109.719016,-7.407819],[109.718964,-7.40769],[109.718789,-7.407311],[109.718635,-7.406355],[109.718581,-7.405798],[109.718632,-7.405571],[109.718607,-7.405424],[109.718569,-7.405268],[109.718444,-7.405153],[109.718357,-7.405044],[109.718329,-7.40482],[109.718315,-7.404643],[109.718222,-7.404329],[109.718226,-7.404191],[109.718241,-7.40399],[109.718168,-7.403812],[109.718022,-7.40374],[109.717883,-7.403642],[109.717809,-7.403519],[109.717802,-7.403265],[109.717761,-7.403135],[109.717614,-7.402992],[109.717434,-7.402869],[109.717332,-7.402734],[109.717062,-7.402426],[109.716969,-7.402196],[109.716915,-7.401899],[109.716881,-7.401574],[109.716811,-7.401343],[109.716798,-7.401196],[109.71672,-7.400912],[109.716549,-7.400773],[109.716325,-7.400418],[109.716234,-7.400308],[109.716088,-7.400087],[109.715947,-7.399972],[109.715805,-7.399959],[109.715596,-7.399846],[109.715646,-7.399712],[109.715748,-7.399524],[109.715714,-7.399393],[109.715608,-7.399285],[109.715493,-7.399116],[109.715497,-7.39891],[109.715549,-7.398748],[109.71558,-7.39861],[109.715594,-7.398408],[109.715478,-7.398195],[109.715286,-7.398097],[109.715171,-7.397858],[109.715191,-7.397549],[109.715133,-7.397198],[109.715107,-7.396867],[109.7151,-7.396702],[109.71509,-7.396269],[109.714959,-7.395803],[109.714805,-7.395539],[109.714713,-7.395437],[109.71463,-7.395234],[109.714589,-7.395164],[109.714565,-7.394671],[109.714541,-7.394358],[109.71456,-7.393923],[109.714651,-7.393669],[109.714759,-7.393549],[109.714944,-7.393573],[109.715191,-7.393638],[109.715352,-7.393682],[109.715577,-7.393654],[109.715639,-7.393521],[109.71577,-7.393025],[109.71604,-7.39289],[109.716424,-7.393049]]}},{"type":"Feature","properties":{"id":766,"nomor_ruas":"I.29","nama_ruas":"PARAKANCANGGAH-KENTENG","titik_awal":"VI.30/VI.30","titik_akhir":"I.9/I.9","panjang_km":1.474,"lebar_m":3},"geometry":{"type":"LineString","coordinates":[[109.706113,-7.391071],[109.706026,-7.39056],[109.705967,-7.389717],[109.705919,-7.389312],[109.705895,-7.389054],[109.706321,-7.389051],[109.706633,-7.388983],[109.706705,-7.388923],[109.706908,-7.388477],[109.706973,-7.388357],[109.707144,-7.388091],[109.707297,-7.387966],[109.707461,-7.387867],[109.707702,-7.387761],[109.708287,-7.387484],[109.70863,-7.387317],[109.708845,-7.387189],[109.70896,-7.387077],[109.709038,-7.386942],[109.709089,-7.386718],[109.709146,-7.386321],[109.709253,-7.385567],[109.709203,-7.385254],[109.709035,-7.384364],[109.708998,-7.384173],[109.709016,-7.383734],[109.708948,-7.383262],[109.708856,-7.382994],[109.708796,-7.381934],[109.708773,-7.381378],[109.708666,-7.38115],[109.708596,-7.380813],[109.708555,-7.380457],[109.708515,-7.380047],[109.708496,-7.379825]]}},{"type":"Feature","properties":{"id":767,"nomor_ruas":"I.44","nama_ruas":"PUCANG-GEMURUH","titik_awal":"JL NASIONAL/PEREMPATAN PUCANG","titik_akhir":"I.41 STA 450","panjang_km":1.359,"lebar_m":2.5},"geometry":{"type":"LineString","coordinates":[[109.662868,-7.398332],[109.662847,-7.398995],[109.662851,-7.399395],[109.662844,-7.399792],[109.662832,-7.399963],[109.662809,-7.400235],[109.662753,-7.40055],[109.66271,-7.400789],[109.662653,-7.401127],[109.662522,-7.401168],[109.662361,-7.401207],[109.66222,-7.401232],[109.662058,-7.401263],[109.661843,-7.401301],[109.661571,-7.401354],[109.661312,-7.401401],[109.661128,-7.401468],[109.660993,-7.401587],[109.660799,-7.401737],[109.660637,-7.401732],[109.660481,-7.401744],[109.660355,-7.401804],[109.660198,-7.401874],[109.660033,-7.401892],[109.659863,-7.401904],[109.65968,-7.401913],[109.659536,-7.401909],[109.659248,-7.401961],[109.658812,-7.402021],[109.658749,-7.402215],[109.658616,-7.402523],[109.658512,-7.402705],[109.658269,-7.402724],[109.658179,-7.402749],[109.65802,-7.402633],[109.657831,-7.402472],[109.657665,-7.402325],[109.657512,-7.402184],[109.657385,-7.402072],[109.65721,-7.401936],[109.656879,-7.401902],[109.656743,-7.40182],[109.656583,-7.401821],[109.656323,-7.401847],[109.656127,-7.40187],[109.65592,-7.401882],[109.655676,-7.401917],[109.655464,-7.401958],[109.655218,-7.402014],[109.655017,-7.402077],[109.654836,-7.402158],[109.654736,-7.40216],[109.654591,-7.402198],[109.654459,-7.402236],[109.654226,-7.40228],[109.654184,-7.402287]]}},{"type":"Feature","properties":{"id":768,"nomor_ruas":"II.2","nama_ruas":"KALIMENDONG- MERDEN","titik_awal":"JL NAS. KM 31 HM 4 BMS","titik_akhir":"II.3/II.5/II.6","panjang_km":2.757,"lebar_m":4.5},"geometry":{"type":"LineString","coordinates":[[109.53881,-7.44577],[109.538789,-7.446086],[109.538713,-7.446903],[109.538668,-7.447493],[109.538656,-7.447878],[109.538613,-7.448236],[109.538592,-7.448376],[109.538285,-7.449807],[109.538228,-7.450136],[109.538107,-7.450501],[109.538019,-7.450903],[109.53783,-7.451726],[109.537539,-7.453098],[109.53745,-7.453446],[109.537366,-7.453772],[109.537164,-7.45437],[109.53702,-7.455274],[109.53696,-7.456006],[109.536964,-7.456193],[109.536918,-7.456939],[109.536898,-7.457536],[109.536894,-7.457715],[109.536881,-7.457953],[109.536831,-7.45879],[109.536737,-7.460561],[109.536603,-7.463107],[109.536571,-7.463829],[109.536562,-7.464038],[109.536551,-7.464291],[109.536535,-7.464672],[109.536532,-7.465523],[109.536549,-7.465746],[109.536653,-7.465846],[109.536885,-7.466016],[109.537055,-7.466076],[109.537327,-7.466115],[109.537768,-7.466176],[109.538364,-7.466258],[109.538607,-7.466291],[109.539069,-7.466334],[109.539393,-7.466372],[109.539856,-7.466428],[109.540452,-7.466499],[109.541058,-7.466572]]}},{"type":"Feature","properties":{"id":769,"nomor_ruas":"I.30","nama_ruas":"SEMAMPIR-GOTONG ROYONG","titik_awal":"Jalan Nasional","titik_akhir":"VI.7/VI.7","panjang_km":2.585,"lebar_m":4.5},"geometry":{"type":"LineString","coordinates":[[109.673383,-7.399125],[109.673383,-7.399029],[109.6734,-7.398589],[109.673412,-7.398408],[109.673461,-7.398088],[109.67352,-7.397962],[109.673592,-7.397845],[109.673742,-7.397745],[109.673919,-7.39776],[109.674256,-7.397786],[109.674837,-7.39793],[109.675009,-7.397956],[109.675204,-7.397959],[109.675346,-7.397954],[109.6756,-7.397998],[109.676042,-7.398123],[109.676287,-7.39816],[109.676504,-7.39818],[109.676721,-7.398233],[109.676959,-7.398339],[109.677377,-7.398543],[109.677592,-7.398595],[109.6779,-7.398593],[109.678263,-7.398591],[109.678766,-7.39861],[109.678909,-7.398616],[109.679115,-7.398567],[109.679357,-7.398442],[109.679791,-7.398153],[109.679975,-7.398105],[109.680137,-7.398049],[109.680311,-7.397955],[109.680619,-7.397766],[109.680699,-7.39797],[109.680831,-7.398204],[109.681669,-7.398121],[109.681924,-7.398254],[109.682137,-7.398353],[109.68259,-7.398394],[109.682777,-7.398415],[109.682982,-7.39842],[109.683184,-7.398428],[109.683376,-7.398427],[109.683578,-7.398409],[109.683904,-7.398173],[109.684064,-7.397939],[109.684185,-7.397692],[109.684362,-7.397714],[109.68456,-7.397701],[109.684737,-7.397666],[109.684942,-7.397592],[109.685031,-7.397477],[109.68518,-7.397492],[109.685329,-7.397529],[109.685497,-7.397458],[109.685526,-7.397276],[109.685567,-7.397084],[109.685588,-7.396896],[109.685586,-7.396841],[109.686121,-7.396936],[109.68625,-7.396984],[109.686571,-7.397004],[109.68689,-7.396332],[109.687027,-7.396035],[109.687166,-7.3957],[109.687289,-7.395698],[109.687496,-7.395713],[109.688137,-7.395683],[109.688865,-7.395664],[109.68904,-7.395595],[109.689281,-7.395484],[109.68943,-7.395462],[109.689541,-7.395524],[109.68983,-7.39547],[109.69007,-7.395435],[109.690142,-7.395288],[109.690033,-7.394073],[109.690017,-7.39309],[109.690045,-7.392828],[109.69014,-7.392508]]}},{"type":"Feature","properties":{"id":770,"nomor_ruas":"II.32","nama_ruas":"KALIMANDI-KLAMPOK","titik_awal":"Jalan Nasional","titik_akhir":"Jalan Nasional","panjang_km":0.493,"lebar_m":3},"geometry":{"type":"LineString","coordinates":[[109.452743,-7.456327],[109.452576,-7.456377],[109.452163,-7.456499],[109.451675,-7.456641],[109.451135,-7.456802],[109.450814,-7.4569],[109.450358,-7.457052],[109.449951,-7.457177],[109.449694,-7.457254],[109.449135,-7.457422],[109.448844,-7.457512],[109.448664,-7.457555],[109.448461,-7.457608]]}},{"type":"Feature","properties":{"id":771,"nomor_ruas":"I.34","nama_ruas":"MASARAN-TWELAGIRI","titik_awal":"PUSKESMAS MASARAN","titik_akhir":"I.15 / I.15","panjang_km":4.182,"lebar_m":3},"geometry":{"type":"LineString","coordinates":[[109.644617,-7.422236],[109.644866,-7.422418],[109.645037,-7.422458],[109.645169,-7.422458],[109.645369,-7.422374],[109.645556,-7.422338],[109.645684,-7.422318],[109.645953,-7.422283],[109.646173,-7.422246],[109.646333,-7.422219],[109.646464,-7.422218],[109.646696,-7.422153],[109.646953,-7.422121],[109.647272,-7.422076],[109.647458,-7.422113],[109.647911,-7.421988],[109.648114,-7.421961],[109.648303,-7.421949],[109.648593,-7.421923],[109.648737,-7.421909],[109.648907,-7.421899],[109.649069,-7.421885],[109.64934,-7.421864],[109.649563,-7.421851],[109.649802,-7.421826],[109.649934,-7.421794],[109.650139,-7.421741],[109.650274,-7.421695],[109.650469,-7.421645],[109.65062,-7.421631],[109.65081,-7.421631],[109.651009,-7.421663],[109.651222,-7.421727],[109.651435,-7.421814],[109.65165,-7.421919],[109.651918,-7.422014],[109.652158,-7.422118],[109.652547,-7.422131],[109.652764,-7.422192],[109.65319,-7.422187],[109.653486,-7.422215],[109.653624,-7.422215],[109.653876,-7.422206],[109.654033,-7.422197],[109.654314,-7.422195],[109.654509,-7.422195],[109.654629,-7.422206],[109.654867,-7.422258],[109.655067,-7.422327],[109.655177,-7.422384],[109.655399,-7.4225],[109.655516,-7.422576],[109.655638,-7.422667],[109.655863,-7.422836],[109.656012,-7.422985],[109.656129,-7.423048],[109.656299,-7.423045],[109.656369,-7.423019],[109.656696,-7.422893],[109.656907,-7.422842],[109.657187,-7.422782],[109.65741,-7.422754],[109.657643,-7.422723],[109.65782,-7.422674],[109.658013,-7.422637],[109.658141,-7.422631],[109.658367,-7.422673],[109.658583,-7.422711],[109.658798,-7.422726],[109.659299,-7.422718],[109.660093,-7.422711],[109.660306,-7.42273],[109.660636,-7.422717],[109.660937,-7.422706],[109.661208,-7.422709],[109.66133,-7.422706],[109.661666,-7.422592],[109.661968,-7.422435],[109.66242,-7.422195],[109.662824,-7.421963],[109.663261,-7.421735],[109.66367,-7.421524],[109.66408,-7.421311],[109.664308,-7.421186],[109.664558,-7.421048],[109.664877,-7.420896],[109.66503,-7.420776],[109.665215,-7.420623],[109.665515,-7.420529],[109.666052,-7.420259],[109.66627,-7.420256],[109.666403,-7.420199],[109.666563,-7.420064],[109.666747,-7.419837],[109.668083,-7.419025],[109.668969,-7.419178],[109.669241,-7.41926],[109.669614,-7.419367],[109.669985,-7.419468],[109.670396,-7.419587],[109.670747,-7.419625],[109.671097,-7.419576],[109.671282,-7.419549],[109.671662,-7.419559],[109.672027,-7.419469],[109.672177,-7.41934],[109.672426,-7.41924],[109.672971,-7.41911],[109.673621,-7.418953],[109.673877,-7.418892],[109.674481,-7.418714],[109.674902,-7.418623],[109.675223,-7.418531],[109.675779,-7.418365],[109.676312,-7.418266],[109.677004,-7.418206],[109.677472,-7.41816],[109.677942,-7.418185],[109.678637,-7.418249],[109.679558,-7.418184],[109.679746,-7.418153],[109.679974,-7.41812],[109.680331,-7.418091],[109.680482,-7.418139],[109.680588,-7.418234]]}},{"type":"Feature","properties":{"id":772,"nomor_ruas":"I.4","nama_ruas":"GRIBIG-PRINGAMBA","titik_awal":"JL PROP KM 11 HM 5-6 BNA","titik_akhir":"I.25/I.25","panjang_km":6.818,"lebar_m":4},"geometry":{"type":"LineString","coordinates":[[109.788387,-7.409881],[109.787945,-7.410285],[109.787756,-7.410475],[109.787639,-7.410575],[109.787558,-7.410665],[109.787477,-7.410874],[109.787377,-7.411218],[109.78734,-7.411367],[109.787272,-7.411619],[109.787199,-7.411898],[109.787156,-7.412123],[109.787136,-7.412429],[109.787152,-7.412583],[109.78718,-7.412824],[109.787198,-7.413131],[109.787174,-7.41332],[109.787105,-7.413625],[109.786852,-7.414253],[109.786787,-7.414474],[109.786801,-7.414638],[109.786867,-7.414797],[109.786904,-7.415009],[109.786881,-7.415165],[109.786807,-7.415503],[109.786722,-7.415915],[109.786658,-7.416288],[109.786647,-7.416709],[109.786717,-7.416882],[109.786753,-7.417103],[109.786807,-7.417266],[109.786874,-7.417403],[109.786984,-7.417506],[109.786985,-7.417619],[109.786553,-7.417759],[109.786405,-7.417807],[109.786215,-7.417934],[109.786127,-7.418035],[109.786048,-7.418194],[109.785989,-7.418364],[109.785899,-7.418484],[109.785808,-7.418682],[109.785783,-7.418845],[109.785787,-7.418888],[109.78581,-7.419097],[109.785826,-7.419302],[109.785784,-7.419434],[109.785709,-7.419599],[109.785592,-7.419815],[109.785464,-7.420015],[109.785303,-7.420223],[109.785239,-7.420304],[109.785099,-7.42047],[109.785067,-7.420534],[109.785,-7.420683],[109.784905,-7.42092],[109.784607,-7.421558],[109.784546,-7.421682],[109.784426,-7.422],[109.78414,-7.422307],[109.784129,-7.4224],[109.783935,-7.422723],[109.783819,-7.422854],[109.783716,-7.422964],[109.78355,-7.423162],[109.78344,-7.423338],[109.783365,-7.423535],[109.78336,-7.423735],[109.783323,-7.423893],[109.783293,-7.423937],[109.783114,-7.42415],[109.783038,-7.42426],[109.783024,-7.424409],[109.782949,-7.424593],[109.782712,-7.425124],[109.782618,-7.425327],[109.782545,-7.425502],[109.78257,-7.425757],[109.782497,-7.425931],[109.782388,-7.426054],[109.782343,-7.426157],[109.782285,-7.426416],[109.782223,-7.426609],[109.782123,-7.42677],[109.782048,-7.426852],[109.781918,-7.427047],[109.781827,-7.427214],[109.781656,-7.427354],[109.781611,-7.42739],[109.781522,-7.427569],[109.78144,-7.42772],[109.781351,-7.427801],[109.781153,-7.428051],[109.781045,-7.428177],[109.780893,-7.428289],[109.78077,-7.428408],[109.780687,-7.428555],[109.780614,-7.428705],[109.780524,-7.428886],[109.780477,-7.429021],[109.780433,-7.429285],[109.780362,-7.42946],[109.780234,-7.429531],[109.779796,-7.429782],[109.77945,-7.429892],[109.779315,-7.429922],[109.77901,-7.429922],[109.778856,-7.429855],[109.778456,-7.429515],[109.778497,-7.429335],[109.778404,-7.429069],[109.778324,-7.429105],[109.778131,-7.429289],[109.778097,-7.429352],[109.777939,-7.429547],[109.777593,-7.429593],[109.77752,-7.429638],[109.777273,-7.4299],[109.777187,-7.430015],[109.776971,-7.430148],[109.776826,-7.430249],[109.77674,-7.430464],[109.776548,-7.430506],[109.776399,-7.430664],[109.776327,-7.430711],[109.77624,-7.430663],[109.776203,-7.430457],[109.776256,-7.43019],[109.776285,-7.430075],[109.776268,-7.429766],[109.776075,-7.429613],[109.775839,-7.429543],[109.775699,-7.429487],[109.775562,-7.429563],[109.775485,-7.429656],[109.775301,-7.429755],[109.775039,-7.429996],[109.774984,-7.430196],[109.775018,-7.43047],[109.775004,-7.430639],[109.774921,-7.430819],[109.774554,-7.431358],[109.774464,-7.431556],[109.774414,-7.431781],[109.774333,-7.43202],[109.774178,-7.432161],[109.774003,-7.432175],[109.773825,-7.432074],[109.773679,-7.431851],[109.773579,-7.431828],[109.773397,-7.431852],[109.773241,-7.431837],[109.773073,-7.431906],[109.77303,-7.432033],[109.773088,-7.432122],[109.773076,-7.432435],[109.773062,-7.432528],[109.772967,-7.432744],[109.772751,-7.432984],[109.772682,-7.433007],[109.772129,-7.433092],[109.772064,-7.433206],[109.771904,-7.43347],[109.771564,-7.433678],[109.771142,-7.433911],[109.770555,-7.434326],[109.770536,-7.434528],[109.770458,-7.434819],[109.770375,-7.435054],[109.770235,-7.435358],[109.770178,-7.435718],[109.77016,-7.436017],[109.76999,-7.436325],[109.769942,-7.436449],[109.769876,-7.436794],[109.769699,-7.437114],[109.769452,-7.437443],[109.769391,-7.43745],[109.769238,-7.437469],[109.768713,-7.437493],[109.768581,-7.437325],[109.768402,-7.437145],[109.768224,-7.4368],[109.768015,-7.436214],[109.767854,-7.435964],[109.767422,-7.435435],[109.767242,-7.435369],[109.766639,-7.435292],[109.766282,-7.435433],[109.766136,-7.435356],[109.765926,-7.435236],[109.765343,-7.435331],[109.764907,-7.435245],[109.764595,-7.435358],[109.764517,-7.435561],[109.764121,-7.435829],[109.76397,-7.435789],[109.763857,-7.435635],[109.763773,-7.435504],[109.763679,-7.435188],[109.763739,-7.435092],[109.763653,-7.434831],[109.763541,-7.43472],[109.763525,-7.434624],[109.763487,-7.434326],[109.763331,-7.434262],[109.763028,-7.434361],[109.762798,-7.434462],[109.762491,-7.434509],[109.762179,-7.434632],[109.761987,-7.434737],[109.761823,-7.434794],[109.761421,-7.43486],[109.761156,-7.434911],[109.761094,-7.434736],[109.760993,-7.434499],[109.760837,-7.434483],[109.760817,-7.434571],[109.76074,-7.434824],[109.760744,-7.435064],[109.76057,-7.435272],[109.760515,-7.435278],[109.760306,-7.435273],[109.760086,-7.435315],[109.759769,-7.435358],[109.759249,-7.435268],[109.75912,-7.435202],[109.758711,-7.435001],[109.758596,-7.434928],[109.758138,-7.434711],[109.757935,-7.434499],[109.757988,-7.434342],[109.758235,-7.434092],[109.758201,-7.434037],[109.757656,-7.43405],[109.757309,-7.434173],[109.757112,-7.434273],[109.756669,-7.434316],[109.756336,-7.434331],[109.756186,-7.434358],[109.755896,-7.434523],[109.755553,-7.434762],[109.755039,-7.435009],[109.75488,-7.435081],[109.754749,-7.435157],[109.754437,-7.435294],[109.754232,-7.435303]]}},{"type":"Feature","properties":{"id":773,"nomor_ruas":"I.40","nama_ruas":"BAWANG-TAPEN","titik_awal":"JL PROP. KM 9 HM 0 BNA","titik_akhir":"III.17/III.17","panjang_km":3.046,"lebar_m":6},"geometry":{"type":"LineString","coordinates":[[109.605758,-7.405532],[109.605732,-7.405419],[109.605699,-7.40519],[109.60565,-7.404825],[109.605587,-7.404584],[109.605273,-7.402271],[109.605225,-7.402046],[109.605178,-7.401852],[109.605087,-7.401544],[109.605011,-7.401273],[109.60495,-7.401009],[109.604917,-7.400873],[109.604871,-7.400707],[109.604821,-7.400527],[109.604783,-7.40039],[109.604743,-7.400229],[109.604627,-7.399996],[109.604614,-7.399888],[109.604581,-7.399562],[109.604246,-7.398443],[109.604141,-7.398072],[109.604046,-7.397911],[109.603662,-7.397935],[109.603438,-7.398008],[109.603292,-7.398096],[109.603181,-7.398172],[109.602568,-7.398648],[109.602399,-7.39877],[109.602218,-7.398879],[109.601966,-7.398957],[109.601608,-7.399091],[109.60148,-7.39908],[109.601138,-7.399066],[109.600947,-7.399069],[109.600672,-7.399139],[109.600541,-7.399217],[109.600103,-7.399532],[109.599965,-7.399631],[109.599808,-7.399711],[109.599648,-7.399775],[109.599485,-7.399812],[109.599168,-7.399862],[109.598942,-7.399852],[109.598657,-7.399842],[109.598504,-7.399834],[109.598287,-7.399823],[109.59785,-7.399794],[109.59768,-7.399775],[109.597464,-7.399677],[109.597399,-7.399574],[109.597231,-7.398921],[109.597274,-7.398671],[109.597342,-7.398544],[109.597429,-7.398426],[109.597551,-7.398325],[109.598995,-7.397438],[109.599131,-7.397335],[109.599318,-7.397148],[109.599369,-7.397043],[109.5994,-7.396906],[109.599408,-7.396751],[109.599365,-7.396533],[109.599353,-7.396408],[109.599234,-7.396146],[109.599178,-7.396081],[109.599058,-7.395957],[109.598898,-7.39584],[109.598615,-7.395649],[109.598418,-7.395776],[109.598309,-7.395859],[109.59816,-7.395895],[109.597901,-7.395951],[109.597554,-7.395919],[109.597495,-7.395697],[109.597427,-7.395432],[109.597363,-7.395313],[109.597222,-7.395126],[109.597051,-7.394896],[109.596894,-7.394687],[109.596767,-7.394491],[109.596693,-7.394348],[109.596646,-7.394175],[109.596592,-7.393862],[109.596563,-7.393691],[109.596501,-7.393454],[109.596391,-7.393203],[109.596346,-7.393121],[109.596247,-7.392943],[109.596118,-7.392707],[109.596017,-7.392527],[109.595919,-7.39235],[109.595743,-7.392054],[109.59558,-7.391756],[109.59551,-7.391629],[109.595539,-7.391421],[109.595373,-7.391152],[109.595259,-7.391041],[109.595139,-7.390797],[109.595121,-7.390679]]}},{"type":"Feature","properties":{"id":774,"nomor_ruas":"I.41","nama_ruas":"PUCANG-MASARAN","titik_awal":"JL NAS. KM3 HM 3 BNA/PASAR","titik_akhir":"I.44 STA 3200","panjang_km":2.71,"lebar_m":4.5},"geometry":{"type":"LineString","coordinates":[[109.654388,-7.398304],[109.654362,-7.398386],[109.654349,-7.398554],[109.6543,-7.398768],[109.654182,-7.399139],[109.654092,-7.399364],[109.654045,-7.399494],[109.653982,-7.399672],[109.653863,-7.399977],[109.653767,-7.400191],[109.653751,-7.400295],[109.653886,-7.400502],[109.653891,-7.400697],[109.653894,-7.400868],[109.653893,-7.401004],[109.653904,-7.401293],[109.653923,-7.401459],[109.653825,-7.401619],[109.653567,-7.401619],[109.653315,-7.401614],[109.652949,-7.401628],[109.652888,-7.401632],[109.652907,-7.401832],[109.65291,-7.402366],[109.65293,-7.402537],[109.652629,-7.402619],[109.652491,-7.402658],[109.652275,-7.40272],[109.651897,-7.402821],[109.651702,-7.402884],[109.651383,-7.402966],[109.651143,-7.403034],[109.650842,-7.403111],[109.650629,-7.403162],[109.650363,-7.40324],[109.650194,-7.403285],[109.650056,-7.403323],[109.649891,-7.403365],[109.649756,-7.403397],[109.649578,-7.403408],[109.649376,-7.40332],[109.649206,-7.403147],[109.649104,-7.402972],[109.648974,-7.402739],[109.648827,-7.402567],[109.648667,-7.4025],[109.648505,-7.40246],[109.64833,-7.402444],[109.64809,-7.402414],[109.647892,-7.402386],[109.64775,-7.402381],[109.647502,-7.402353],[109.647359,-7.402344],[109.647161,-7.402384],[109.647025,-7.402481],[109.646913,-7.402607],[109.646826,-7.402779],[109.646772,-7.402914],[109.646702,-7.403068],[109.646585,-7.40323],[109.646413,-7.403361],[109.646262,-7.403474],[109.646135,-7.403554],[109.64591,-7.403666],[109.645721,-7.403733],[109.645539,-7.40374],[109.645314,-7.403714],[109.645167,-7.403693],[109.645029,-7.403663],[109.644881,-7.403619],[109.644684,-7.403569],[109.644527,-7.403579],[109.644472,-7.403724],[109.644503,-7.403897],[109.644526,-7.404088],[109.644565,-7.404405],[109.644558,-7.40453],[109.644455,-7.404625],[109.644381,-7.404716],[109.644259,-7.404932],[109.644205,-7.405105],[109.644202,-7.405308],[109.644215,-7.405446],[109.644242,-7.405701],[109.644266,-7.40598],[109.644284,-7.406237],[109.644294,-7.406334],[109.644314,-7.406512],[109.644341,-7.406835],[109.644375,-7.407068],[109.644406,-7.407191],[109.64446,-7.40736],[109.644526,-7.407598],[109.644577,-7.407783],[109.644636,-7.408045],[109.644691,-7.40836],[109.644711,-7.408608],[109.644692,-7.408696],[109.644671,-7.408977],[109.644653,-7.409184],[109.644618,-7.409432],[109.64459,-7.409553],[109.644536,-7.409719],[109.644463,-7.409916],[109.644365,-7.410204],[109.644263,-7.410482],[109.644228,-7.410572],[109.644087,-7.410858],[109.643933,-7.41101],[109.6438,-7.411091],[109.643666,-7.41125],[109.642809,-7.411387],[109.642646,-7.411398],[109.642554,-7.411453],[109.642318,-7.411339]]}},{"type":"Feature","properties":{"id":775,"nomor_ruas":"VI.27","nama_ruas":"JL TIRTOSARI","titik_awal":"VI.15/VI.24/VI.31","titik_akhir":"I.17/I.19","panjang_km":0.896,"lebar_m":13.8},"geometry":{"type":"LineString","coordinates":[[109.701232,-7.397233],[109.700952,-7.397267],[109.700964,-7.397475],[109.700967,-7.397611],[109.700998,-7.397972],[109.701012,-7.398108],[109.701077,-7.398596],[109.701001,-7.398732],[109.700833,-7.399156],[109.700673,-7.399581],[109.7006,-7.399744],[109.70048,-7.400044],[109.700431,-7.400123],[109.700468,-7.400537],[109.700476,-7.400677],[109.70045,-7.400882],[109.700443,-7.401057],[109.700456,-7.401199],[109.700477,-7.401363],[109.700474,-7.401622],[109.700863,-7.402387],[109.700923,-7.40259],[109.700953,-7.40283],[109.700995,-7.403214],[109.701061,-7.403417],[109.701257,-7.403585],[109.701542,-7.404271],[109.701789,-7.404551]]}},{"type":"Feature","properties":{"id":776,"nomor_ruas":"I.46","nama_ruas":"KUTAYASA-KUTAWULUH","titik_awal":"I.45","titik_akhir":"II.7","panjang_km":3.289,"lebar_m":3},"geometry":{"type":"LineString","coordinates":[[109.608917,-7.421159],[109.609172,-7.421889],[109.609425,-7.422552],[109.609612,-7.423159],[109.609914,-7.423516],[109.610153,-7.423722],[109.610219,-7.423866],[109.610273,-7.424214],[109.6104,-7.425101],[109.610478,-7.425429],[109.610502,-7.425686],[109.610511,-7.425854],[109.61043,-7.425955],[109.610327,-7.426238],[109.610238,-7.42642],[109.610103,-7.42665],[109.610015,-7.426789],[109.609901,-7.426995],[109.609826,-7.427174],[109.609755,-7.427421],[109.609733,-7.427751],[109.609736,-7.428089],[109.609767,-7.428226],[109.609787,-7.428555],[109.609657,-7.428851],[109.609721,-7.42906],[109.609696,-7.429222],[109.609623,-7.429455],[109.609471,-7.429614],[109.609252,-7.429702],[109.609015,-7.429679],[109.608885,-7.429638],[109.608726,-7.429703],[109.608462,-7.429717],[109.608073,-7.42987],[109.607872,-7.430125],[109.608054,-7.430381],[109.60825,-7.4305],[109.608529,-7.430507],[109.608894,-7.43047],[109.60902,-7.430568],[109.609055,-7.43073],[109.60909,-7.431044],[109.608926,-7.431278],[109.608873,-7.431412],[109.609159,-7.431588],[109.609372,-7.4316],[109.609572,-7.431614],[109.609586,-7.431757],[109.609622,-7.43191],[109.60968,-7.432206],[109.609873,-7.432278],[109.610266,-7.432208],[109.610319,-7.432341],[109.610324,-7.432424],[109.610329,-7.432682],[109.610813,-7.432581],[109.611249,-7.432522],[109.611366,-7.43305],[109.611745,-7.433011],[109.612569,-7.432794],[109.612888,-7.432741],[109.613553,-7.432705],[109.614233,-7.432726],[109.614325,-7.432829],[109.614331,-7.433101],[109.614299,-7.433282],[109.614317,-7.43349],[109.614437,-7.433579],[109.614596,-7.433608],[109.614792,-7.433653],[109.61488,-7.43373],[109.614977,-7.433839],[109.615096,-7.433991],[109.61522,-7.434167],[109.615392,-7.43439],[109.615527,-7.434462],[109.615783,-7.43459],[109.616033,-7.434704],[109.616531,-7.434933],[109.61688,-7.435111],[109.61719,-7.43528],[109.617487,-7.435482],[109.61773,-7.435669],[109.61815,-7.435955],[109.618338,-7.436096],[109.61851,-7.436242],[109.618628,-7.436362],[109.618746,-7.436498],[109.618976,-7.436731],[109.61913,-7.436885],[109.619447,-7.437188],[109.619729,-7.437419],[109.620138,-7.437744],[109.620331,-7.437882],[109.620543,-7.438027],[109.620879,-7.43832],[109.62137,-7.438724]]}},{"type":"Feature","properties":{"id":777,"nomor_ruas":"III.26","nama_ruas":"BANDINGAN-PINGIT","titik_awal":"III.21","titik_akhir":"III.20","panjang_km":1.683,"lebar_m":3},"geometry":{"type":"LineString","coordinates":[[109.529911,-7.417136],[109.529429,-7.416972],[109.529086,-7.416892],[109.528795,-7.416906],[109.5285,-7.416892],[109.528126,-7.41684],[109.52797,-7.416781],[109.527546,-7.416671],[109.527231,-7.416489],[109.527002,-7.416412],[109.526798,-7.416396],[109.526616,-7.416342],[109.526013,-7.416164],[109.525259,-7.415928],[109.524781,-7.415815],[109.524195,-7.415709],[109.523494,-7.415685],[109.522696,-7.415704],[109.521983,-7.41572],[109.522001,-7.414712],[109.522012,-7.414545],[109.521632,-7.414277],[109.521162,-7.413969],[109.520416,-7.413882],[109.520085,-7.413925],[109.519631,-7.414071],[109.519492,-7.414128],[109.519401,-7.414198],[109.518406,-7.414349],[109.518136,-7.41438],[109.517495,-7.41442],[109.516983,-7.414439],[109.51635,-7.414358]]}},{"type":"Feature","properties":{"id":778,"nomor_ruas":"I.5","nama_ruas":"SIGALUH-KEMIRI","titik_awal":"JL PROP KM 8 HM 8-9 BNA","titik_akhir":"OBYEK WISATA CURUGPITU","panjang_km":2.882,"lebar_m":4.5},"geometry":{"type":"LineString","coordinates":[[109.752664,-7.391434],[109.752706,-7.391649],[109.752762,-7.391895],[109.752809,-7.392235],[109.752801,-7.392308],[109.752692,-7.39253],[109.752622,-7.393052],[109.752529,-7.393265],[109.752534,-7.393384],[109.752467,-7.393675],[109.752495,-7.393943],[109.752543,-7.394029],[109.752908,-7.394549],[109.753039,-7.394791],[109.753027,-7.394945],[109.75302,-7.395079],[109.753037,-7.395174],[109.753153,-7.395311],[109.753251,-7.395436],[109.753424,-7.395797],[109.753474,-7.396016],[109.753542,-7.396172],[109.75358,-7.39646],[109.753609,-7.396568],[109.753754,-7.396808],[109.753864,-7.396968],[109.754198,-7.397211],[109.754248,-7.397571],[109.754217,-7.397918],[109.754229,-7.398199],[109.754415,-7.398695],[109.754682,-7.398936],[109.754653,-7.399435],[109.754594,-7.399573],[109.754512,-7.399845],[109.754596,-7.400002],[109.754639,-7.400175],[109.754736,-7.400578],[109.754787,-7.40061],[109.755113,-7.400807],[109.755342,-7.400968],[109.755556,-7.401191],[109.755768,-7.401311],[109.75584,-7.401313],[109.756185,-7.401313],[109.756366,-7.401298],[109.756637,-7.401275],[109.756808,-7.401408],[109.756818,-7.401442],[109.756624,-7.401819],[109.756538,-7.402116],[109.756561,-7.402535],[109.756603,-7.402873],[109.756517,-7.403212],[109.75653,-7.403373],[109.756587,-7.40392],[109.756569,-7.404111],[109.75655,-7.404303],[109.756569,-7.404608],[109.756505,-7.404899],[109.756474,-7.405032],[109.756481,-7.405278],[109.756823,-7.405521],[109.756984,-7.405775],[109.756968,-7.405922],[109.757004,-7.406085],[109.75725,-7.406271],[109.757334,-7.406321],[109.757306,-7.406506],[109.757401,-7.406652],[109.757679,-7.406756],[109.757755,-7.406787],[109.757877,-7.406867],[109.75799,-7.40692],[109.758059,-7.40714],[109.757978,-7.407702],[109.757982,-7.407864],[109.758014,-7.408048],[109.758054,-7.408187],[109.758027,-7.408348],[109.75796,-7.408537],[109.757951,-7.408676],[109.758039,-7.409157],[109.757922,-7.409968],[109.757744,-7.410691],[109.757739,-7.410867],[109.757782,-7.411112],[109.757844,-7.411397],[109.757846,-7.411577],[109.757838,-7.412274],[109.757881,-7.412508],[109.757844,-7.412636],[109.757441,-7.413298],[109.757245,-7.413647],[109.757181,-7.413854]]}},{"type":"Feature","properties":{"id":779,"nomor_ruas":"I.9","nama_ruas":"REJASA-MADUKARA","titik_awal":"JL PROP KM 1 HM 0-1 BNA","titik_akhir":"I.8","panjang_km":6.524,"lebar_m":4.5},"geometry":{"type":"LineString","coordinates":[[109.690842,-7.386708],[109.691342,-7.386741],[109.691619,-7.386752],[109.691783,-7.386749],[109.6921,-7.386725],[109.692111,-7.386996],[109.692404,-7.38695],[109.692627,-7.386879],[109.69369,-7.38653],[109.694019,-7.38639],[109.694152,-7.386309],[109.69456,-7.386],[109.694923,-7.385739],[109.695426,-7.385369],[109.695614,-7.385219],[109.696224,-7.384755],[109.696537,-7.384494],[109.696763,-7.384291],[109.697058,-7.383989],[109.697202,-7.383852],[109.697281,-7.383799],[109.697564,-7.383629],[109.697598,-7.383486],[109.697587,-7.383388],[109.697476,-7.382908],[109.69761,-7.382724],[109.697759,-7.382691],[109.69799,-7.382722],[109.698085,-7.382618],[109.698367,-7.382605],[109.698721,-7.382441],[109.698859,-7.382353],[109.699042,-7.382254],[109.699229,-7.382167],[109.699645,-7.382027],[109.700718,-7.381761],[109.701205,-7.381625],[109.70155,-7.38153],[109.70246,-7.38121],[109.702639,-7.381159],[109.70362,-7.380914],[109.704142,-7.380761],[109.704642,-7.380622],[109.704788,-7.380591],[109.705176,-7.380493],[109.705482,-7.380413],[109.706007,-7.380291],[109.706271,-7.380225],[109.707248,-7.379996],[109.707619,-7.379923],[109.708129,-7.37986],[109.708496,-7.379825],[109.709049,-7.379757],[109.709345,-7.379725],[109.709652,-7.379707],[109.710643,-7.37964],[109.710948,-7.379605],[109.711107,-7.379626],[109.711616,-7.379659],[109.711902,-7.379697],[109.712163,-7.379719],[109.712907,-7.37979],[109.713071,-7.3798],[109.714051,-7.379885],[109.715103,-7.379929],[109.715571,-7.379955],[109.71642,-7.38001],[109.717718,-7.38014],[109.717956,-7.380145],[109.718207,-7.380177],[109.718504,-7.380215],[109.718997,-7.380253],[109.719142,-7.380243],[109.72,-7.38034],[109.72097,-7.380456],[109.721225,-7.380485],[109.721437,-7.380509],[109.721695,-7.38053],[109.722526,-7.380561],[109.722907,-7.380564],[109.723193,-7.380567],[109.723287,-7.380555],[109.723652,-7.380647],[109.724024,-7.380729],[109.724659,-7.380864],[109.725232,-7.381018],[109.725815,-7.381167],[109.726095,-7.38122],[109.727047,-7.381372],[109.727763,-7.381444],[109.727977,-7.381449],[109.72805,-7.381442],[109.728269,-7.381403],[109.728703,-7.381213],[109.728923,-7.381247],[109.72905,-7.381166],[109.729246,-7.381047],[109.729372,-7.381005],[109.72954,-7.380967],[109.72982,-7.380941],[109.730685,-7.380834],[109.731109,-7.380775],[109.731377,-7.380728],[109.731798,-7.380609],[109.732014,-7.380548],[109.732856,-7.380316],[109.733226,-7.380168],[109.734134,-7.379986],[109.734596,-7.379962],[109.735051,-7.379837],[109.735671,-7.379761],[109.736185,-7.379667],[109.737241,-7.379464],[109.73802,-7.379304],[109.738416,-7.379183],[109.738603,-7.379133],[109.738909,-7.379056],[109.739051,-7.37902],[109.739285,-7.378931],[109.739648,-7.378707],[109.739885,-7.378588],[109.740204,-7.37849],[109.740761,-7.378299],[109.741021,-7.378215],[109.741699,-7.378016],[109.741901,-7.377913],[109.742087,-7.377976],[109.7429,-7.37809],[109.743131,-7.378107],[109.743423,-7.378099],[109.743746,-7.378073],[109.74398,-7.378057],[109.744048,-7.378072],[109.744363,-7.378172],[109.744656,-7.378275],[109.745082,-7.37843],[109.745168,-7.378498],[109.745311,-7.378685],[109.745398,-7.37877],[109.745599,-7.378885],[109.745924,-7.37902],[109.746194,-7.379115],[109.746227,-7.379124]]}},{"type":"Feature","properties":{"id":780,"nomor_ruas":"II.11","nama_ruas":"PURWASABA- MERDEN","titik_awal":"JL.PROV Gandulekor-Gombong","titik_akhir":"II.2","panjang_km":7.544,"lebar_m":4},"geometry":{"type":"LineString","coordinates":[[109.476227,-7.469746],[109.477677,-7.469795],[109.478125,-7.469789],[109.479305,-7.469849],[109.479755,-7.469851],[109.480242,-7.469862],[109.480884,-7.469883],[109.482158,-7.46993],[109.482665,-7.469942],[109.482875,-7.469946],[109.483357,-7.469956],[109.483851,-7.46997],[109.484459,-7.469988],[109.484566,-7.47],[109.484812,-7.470035],[109.485003,-7.470067],[109.485279,-7.470113],[109.48663,-7.470377],[109.487469,-7.470528],[109.488658,-7.470765],[109.489521,-7.4709],[109.489924,-7.470955],[109.490522,-7.471029],[109.490684,-7.471058],[109.490962,-7.471097],[109.491261,-7.471157],[109.491452,-7.471188],[109.492102,-7.471262],[109.492316,-7.471254],[109.492718,-7.47123],[109.49319,-7.471177],[109.493533,-7.471142],[109.493959,-7.471117],[109.494182,-7.471105],[109.494582,-7.471064],[109.494789,-7.471048],[109.495082,-7.471025],[109.495356,-7.471001],[109.495756,-7.470972],[109.49599,-7.470951],[109.496163,-7.470935],[109.496385,-7.470908],[109.496959,-7.470846],[109.498167,-7.470753],[109.499367,-7.470659],[109.5001,-7.470609],[109.500537,-7.470534],[109.5013,-7.470412],[109.501866,-7.470328],[109.502643,-7.470182],[109.503238,-7.470074],[109.503813,-7.469966],[109.504038,-7.469898],[109.504214,-7.469863],[109.505493,-7.469626],[109.506429,-7.469441],[109.507202,-7.469255],[109.507839,-7.469137],[109.508016,-7.469105],[109.508438,-7.46901],[109.508919,-7.468914],[109.509091,-7.468879],[109.509604,-7.468775],[109.509959,-7.4687],[109.510122,-7.468695],[109.510789,-7.46853],[109.511509,-7.468327],[109.511805,-7.468222],[109.51278,-7.467927],[109.513124,-7.467804],[109.513964,-7.467624],[109.514295,-7.467493],[109.514651,-7.467383],[109.515139,-7.467228],[109.515468,-7.467138],[109.515931,-7.467013],[109.516462,-7.466833],[109.517006,-7.466561],[109.517189,-7.466465],[109.517758,-7.466157],[109.517905,-7.466133],[109.518145,-7.466113],[109.518456,-7.466108],[109.518609,-7.466095],[109.518772,-7.466057],[109.519154,-7.46593],[109.520052,-7.465528],[109.520162,-7.465416],[109.520358,-7.465254],[109.520479,-7.46519],[109.52072,-7.465087],[109.520945,-7.464998],[109.521309,-7.464842],[109.522136,-7.464637],[109.522309,-7.46458],[109.522778,-7.464421],[109.523025,-7.464481],[109.523116,-7.464531],[109.523266,-7.464535],[109.523416,-7.464548],[109.523722,-7.464747],[109.523673,-7.464879],[109.52353,-7.465255],[109.523658,-7.465494],[109.523854,-7.465784],[109.524007,-7.465843],[109.524131,-7.46595],[109.524218,-7.466269],[109.52428,-7.46652],[109.524438,-7.466851],[109.524573,-7.466919],[109.524727,-7.466942],[109.52498,-7.466898],[109.525221,-7.466888],[109.525739,-7.466954],[109.52613,-7.467023],[109.526399,-7.467099],[109.526726,-7.467074],[109.527036,-7.467256],[109.527539,-7.467431],[109.528217,-7.467656],[109.528822,-7.467844],[109.529468,-7.468064],[109.529924,-7.468248],[109.530081,-7.468299],[109.530868,-7.468522],[109.530927,-7.468307],[109.531048,-7.467943],[109.531214,-7.467445],[109.531331,-7.467185],[109.531465,-7.466821],[109.531636,-7.46604],[109.531733,-7.465597],[109.53178,-7.465255],[109.531811,-7.465102],[109.531847,-7.464829],[109.532089,-7.464789],[109.532286,-7.464158],[109.5328,-7.464191],[109.533223,-7.464232],[109.533481,-7.464248],[109.534469,-7.464338],[109.534664,-7.464362],[109.534808,-7.46438],[109.535102,-7.464438],[109.535561,-7.464499],[109.535624,-7.464371],[109.535686,-7.464103],[109.535712,-7.463902],[109.53618,-7.464006],[109.536215,-7.464018],[109.536562,-7.464038],[109.536571,-7.463829],[109.536603,-7.463107]]}},{"type":"Feature","properties":{"id":781,"nomor_ruas":"II.23","nama_ruas":"KALIMANDI-KEDUNGPANE","titik_awal":"JL NAS. KM 19 HM 4-5 BMS","titik_akhir":"Jalan Prov Gandulekor-Gombong","panjang_km":5.503,"lebar_m":4.5},"geometry":{"type":"LineString","coordinates":[[109.451255,-7.457067],[109.451374,-7.457455],[109.451489,-7.457835],[109.451725,-7.458825],[109.451829,-7.459201],[109.451905,-7.459475],[109.452077,-7.460294],[109.452099,-7.46055],[109.452185,-7.460955],[109.452234,-7.461259],[109.452296,-7.461682],[109.452421,-7.462847],[109.452412,-7.464294],[109.452436,-7.464382],[109.452913,-7.46436],[109.453856,-7.464336],[109.454288,-7.464299],[109.455088,-7.464288],[109.45553,-7.464251],[109.455913,-7.464229],[109.45639,-7.464199],[109.456612,-7.464188],[109.457191,-7.464158],[109.457768,-7.464129],[109.459658,-7.464065],[109.460634,-7.464001],[109.461489,-7.463932],[109.462244,-7.463902],[109.462816,-7.463859],[109.46344,-7.463794],[109.463823,-7.463808],[109.464029,-7.463861],[109.464645,-7.464069],[109.465156,-7.464238],[109.466071,-7.464543],[109.466323,-7.464635],[109.466542,-7.464704],[109.467372,-7.464992],[109.467904,-7.465168],[109.468411,-7.465329],[109.468987,-7.465523],[109.469446,-7.465642],[109.469546,-7.465631],[109.469737,-7.465602],[109.470149,-7.465547],[109.470189,-7.465822],[109.470252,-7.466245],[109.470287,-7.466383],[109.470319,-7.466617],[109.470291,-7.466765],[109.470387,-7.466922],[109.470406,-7.466962],[109.470464,-7.467293],[109.470495,-7.467548],[109.470521,-7.468096],[109.470483,-7.468271],[109.470457,-7.468394],[109.470508,-7.468854],[109.470879,-7.468822],[109.471247,-7.468802],[109.47164,-7.468773],[109.471926,-7.468777],[109.472361,-7.46867],[109.472408,-7.46898],[109.472517,-7.469242],[109.47258,-7.469644],[109.472732,-7.469646],[109.473382,-7.469674],[109.473366,-7.470247],[109.473244,-7.470339],[109.473206,-7.470393],[109.473275,-7.470585],[109.474524,-7.470552],[109.475035,-7.470535],[109.475413,-7.470522],[109.476193,-7.470498],[109.47617,-7.470815],[109.476157,-7.471387],[109.476155,-7.471673],[109.476168,-7.471982],[109.476218,-7.472927],[109.476235,-7.473249],[109.476255,-7.473584],[109.476274,-7.473774],[109.476313,-7.473909],[109.476474,-7.474319],[109.476687,-7.474869],[109.476758,-7.475026],[109.476821,-7.475187],[109.477085,-7.475799],[109.477173,-7.476061],[109.477247,-7.476278],[109.477331,-7.476531],[109.477431,-7.476849],[109.47749,-7.47706],[109.477533,-7.477308],[109.477554,-7.477509],[109.477609,-7.478113],[109.477644,-7.478535],[109.477733,-7.479695],[109.47776,-7.480119],[109.47777,-7.480271],[109.477786,-7.480513],[109.477795,-7.480752],[109.47777,-7.481139],[109.477749,-7.481392],[109.477718,-7.481639],[109.477692,-7.481864],[109.477656,-7.482204],[109.477633,-7.482522],[109.477615,-7.482914],[109.477574,-7.483499]]}},{"type":"Feature","properties":{"id":782,"nomor_ruas":"II.24","nama_ruas":"PURWASABA-PURWAREJA","titik_awal":"Jalan Prov Gandulekor-Gombong","titik_akhir":"JL NAS. KM 17 HM 6-5 BMS","panjang_km":4.935,"lebar_m":4.5},"geometry":{"type":"LineString","coordinates":[[109.461896,-7.477052],[109.461734,-7.476325],[109.461559,-7.475494],[109.461474,-7.475106],[109.461398,-7.474733],[109.461409,-7.474518],[109.461556,-7.47348],[109.461577,-7.473054],[109.461504,-7.471924],[109.461447,-7.471267],[109.461474,-7.471673],[109.46093,-7.471707],[109.460238,-7.471765],[109.45989,-7.471793],[109.459652,-7.47185],[109.459523,-7.471896],[109.459295,-7.472021],[109.459068,-7.472249],[109.459073,-7.472473],[109.45908,-7.4729],[109.459073,-7.473153],[109.459064,-7.47344],[109.459089,-7.473668],[109.459134,-7.474082],[109.459189,-7.474629],[109.459243,-7.475057],[109.459273,-7.475302],[109.459322,-7.475742],[109.459477,-7.476657],[109.459555,-7.477275],[109.458692,-7.477301],[109.457853,-7.477346],[109.456794,-7.477347],[109.455724,-7.477386],[109.454367,-7.47741],[109.453577,-7.477424],[109.453226,-7.47743],[109.452406,-7.477432],[109.452076,-7.477417],[109.451242,-7.477337],[109.449861,-7.477313],[109.44803,-7.477254],[109.447229,-7.477223],[109.446377,-7.477071],[109.444647,-7.476797],[109.442907,-7.476518],[109.441464,-7.476599],[109.440146,-7.476633],[109.438923,-7.476662],[109.438002,-7.476645],[109.437072,-7.476613],[109.436679,-7.476578],[109.436421,-7.476476],[109.435635,-7.476411],[109.435232,-7.476381],[109.434523,-7.476336],[109.434375,-7.476329],[109.433809,-7.476304],[109.432855,-7.476248],[109.432232,-7.476222],[109.431369,-7.476171],[109.429969,-7.476133],[109.429121,-7.476077],[109.42887,-7.476058]]}},{"type":"Feature","properties":{"id":783,"nomor_ruas":"VI.15","nama_ruas":"JL MAY. JEND. PANJAITAN","titik_awal":"VI.1","titik_akhir":"VI.24/VI.27/VI.28","panjang_km":0.9,"lebar_m":10},"geometry":{"type":"LineString","coordinates":[[109.701232,-7.397233],[109.700898,-7.39724],[109.700552,-7.397289],[109.700006,-7.397366],[109.69997,-7.39737],[109.699649,-7.397411],[109.699177,-7.397495],[109.699017,-7.39752],[109.698599,-7.397577],[109.698248,-7.397618],[109.698062,-7.39764],[109.697332,-7.397744],[109.696922,-7.397791],[109.69652,-7.39783],[109.696052,-7.397887],[109.695963,-7.397897],[109.695715,-7.397922],[109.695538,-7.397946],[109.695119,-7.398012],[109.694947,-7.398039],[109.694545,-7.398102],[109.694373,-7.398134],[109.693958,-7.398218],[109.693789,-7.398254],[109.693205,-7.398374],[109.693162,-7.398381]]}},{"type":"Feature","properties":{"id":784,"nomor_ruas":"II.28","nama_ruas":"KALIMANDI-SIRKANDI","titik_awal":"Jalan Nasional","titik_akhir":"II.23","panjang_km":3.362,"lebar_m":3},"geometry":{"type":"LineString","coordinates":[[109.459072,-7.454527],[109.459182,-7.455105],[109.459271,-7.455571],[109.459474,-7.456624],[109.459593,-7.457363],[109.459603,-7.457498],[109.459616,-7.458033],[109.45964,-7.458247],[109.45967,-7.45852],[109.459747,-7.458869],[109.459775,-7.459143],[109.4598,-7.4593],[109.459964,-7.460362],[109.46007,-7.461045],[109.460091,-7.461182],[109.460124,-7.461392],[109.46025,-7.462182],[109.460356,-7.462907],[109.460549,-7.464016],[109.460724,-7.46525],[109.460914,-7.466628],[109.460939,-7.467567],[109.460894,-7.467728],[109.460992,-7.467778],[109.461094,-7.467844],[109.46127,-7.469263],[109.461367,-7.470221],[109.461417,-7.470605],[109.461468,-7.47125],[109.461504,-7.471924],[109.461577,-7.473054],[109.461556,-7.47348],[109.461409,-7.474518],[109.461398,-7.474733],[109.461474,-7.475106],[109.461559,-7.475494],[109.461734,-7.476325],[109.461896,-7.477052],[109.462065,-7.477796],[109.462157,-7.478753],[109.46232,-7.480267],[109.462475,-7.481773],[109.462504,-7.482051],[109.462553,-7.482597],[109.462412,-7.483831],[109.462359,-7.484352]]}},{"type":"Feature","properties":{"id":785,"nomor_ruas":"II.37","nama_ruas":"PIASA-KEMAWI","titik_awal":"JL Nasional KM 19 HM 3-4 BMS","titik_akhir":"Batas Kab. Banyumas (K. PIASA)","panjang_km":1.255,"lebar_m":3.5},"geometry":{"type":"LineString","coordinates":[[109.365047,-7.506442],[109.36961,-7.516778]]}},{"type":"Feature","properties":{"id":786,"nomor_ruas":"II.39","nama_ruas":"SUSUKAN-KEMARANGGON","titik_awal":"Jalan Nasional","titik_akhir":"II.36","panjang_km":3.612,"lebar_m":3},"geometry":{"type":"LineString","coordinates":[[109.405018,-7.491397],[109.404924,-7.490851],[109.404856,-7.489731],[109.404782,-7.486573],[109.40455,-7.483098],[109.404542,-7.482888],[109.40432,-7.477135],[109.404052,-7.477168],[109.403798,-7.477162],[109.403414,-7.477166],[109.402945,-7.477164],[109.402489,-7.477215],[109.401501,-7.477278],[109.400911,-7.4773],[109.400379,-7.477308],[109.400125,-7.477355],[109.39943,-7.477391],[109.398509,-7.47743],[109.397953,-7.47749],[109.397334,-7.477536],[109.397022,-7.477559],[109.396121,-7.477603],[109.395416,-7.47763],[109.394687,-7.477651],[109.393887,-7.477677],[109.393234,-7.477689],[109.392784,-7.477615],[109.392261,-7.477699],[109.391547,-7.477721],[109.391024,-7.477748],[109.391055,-7.47847],[109.391147,-7.479485],[109.391131,-7.479911],[109.391092,-7.480202],[109.390819,-7.48026],[109.388605,-7.48073]]}},{"type":"Feature","properties":{"id":787,"nomor_ruas":"II.40","nama_ruas":"GUMELEM WETAN-PIASA WETAN","titik_awal":"II.33","titik_akhir":"II.37","panjang_km":5.47,"lebar_m":3},"geometry":{"type":"LineString","coordinates":[[109.409456,-7.501637],[109.409001,-7.501724],[109.408769,-7.501765],[109.408584,-7.501791],[109.408445,-7.501791],[109.40827,-7.501784],[109.408113,-7.501772],[109.407975,-7.501733],[109.407701,-7.501648],[109.40756,-7.501634],[109.407347,-7.501621],[109.407009,-7.5016],[109.406814,-7.501591],[109.406654,-7.501588],[109.40651,-7.501581],[109.406327,-7.501447],[109.406055,-7.501084],[109.405688,-7.500615],[109.405442,-7.500843],[109.405178,-7.501043],[109.404976,-7.501052],[109.404483,-7.501012],[109.404167,-7.500915],[109.40352,-7.50086],[109.402849,-7.500777],[109.402754,-7.499996],[109.402065,-7.500027],[109.401499,-7.500064],[109.400296,-7.500121],[109.399615,-7.500152],[109.399169,-7.500203],[109.398133,-7.5003],[109.396891,-7.500401],[109.396291,-7.500494],[109.395399,-7.500654],[109.395246,-7.500685],[109.394089,-7.500917],[109.393297,-7.501048],[109.393019,-7.501128],[109.392906,-7.501774],[109.39245,-7.501863],[109.392249,-7.501929],[109.391721,-7.502028],[109.391323,-7.502084],[109.390949,-7.502145],[109.390798,-7.502149],[109.390239,-7.502166],[109.389582,-7.502192],[109.388935,-7.502204],[109.388302,-7.502207],[109.387765,-7.502267],[109.387506,-7.502304],[109.386761,-7.502646],[109.386258,-7.502882],[109.386113,-7.50295],[109.385811,-7.503062],[109.385306,-7.503248],[109.384898,-7.503384],[109.384337,-7.50357],[109.383919,-7.503684],[109.383566,-7.50373],[109.383315,-7.503763],[109.383051,-7.50379],[109.382672,-7.503832],[109.381972,-7.503897],[109.381622,-7.503905],[109.381243,-7.50396],[109.380845,-7.504017],[109.380106,-7.504124],[109.379348,-7.504227],[109.378149,-7.504404],[109.37682,-7.50459],[109.375381,-7.504762],[109.373364,-7.504978],[109.371788,-7.504984],[109.371284,-7.50497],[109.371102,-7.504985],[109.370928,-7.505135],[109.370368,-7.505814],[109.369253,-7.506924],[109.369141,-7.507035],[109.367993,-7.50809],[109.366917,-7.508851],[109.366257,-7.508886],[109.365805,-7.509907],[109.364495,-7.509668]]}},{"type":"Feature","properties":{"id":788,"nomor_ruas":"II.5","nama_ruas":"DANAREJA- MERDEN","titik_awal":"JL NAS","titik_akhir":"II.2/II.3/II.6","panjang_km":3.592,"lebar_m":3.5},"geometry":{"type":"LineString","coordinates":[[109.546857,-7.441906],[109.547073,-7.442424],[109.547275,-7.442876],[109.547566,-7.443609],[109.548076,-7.444776],[109.548127,-7.444906],[109.548562,-7.445965],[109.548889,-7.446734],[109.549055,-7.447196],[109.549557,-7.448199],[109.549641,-7.448356],[109.549785,-7.448622],[109.550002,-7.449047],[109.550616,-7.450284],[109.550781,-7.450614],[109.550862,-7.450762],[109.550908,-7.450841],[109.551112,-7.451273],[109.551504,-7.452026],[109.551761,-7.452579],[109.551988,-7.452991],[109.552091,-7.453183],[109.552279,-7.453588],[109.552648,-7.454281],[109.552585,-7.454422],[109.552496,-7.454422],[109.551888,-7.454542],[109.551428,-7.454623],[109.550568,-7.454808],[109.550184,-7.45495],[109.549737,-7.455159],[109.549468,-7.455522],[109.549455,-7.455748],[109.549484,-7.456801],[109.54948,-7.457465],[109.549479,-7.457731],[109.549417,-7.457876],[109.549293,-7.458286],[109.548334,-7.460026],[109.548269,-7.460157],[109.547699,-7.461254],[109.54711,-7.462324],[109.546711,-7.462653],[109.546322,-7.46301],[109.545639,-7.463519],[109.545498,-7.463535],[109.545109,-7.463645],[109.544568,-7.463893],[109.544123,-7.464084],[109.543733,-7.464308],[109.543304,-7.464632],[109.542924,-7.464953],[109.542722,-7.465095],[109.542193,-7.465256],[109.541759,-7.465407],[109.541203,-7.465698],[109.541058,-7.466572]]}},{"type":"Feature","properties":{"id":789,"nomor_ruas":"I.39","nama_ruas":"LEBAKWANGI-KEBONDALEM","titik_awal":"I.36","titik_akhir":"I.35","panjang_km":6.956,"lebar_m":0},"geometry":{"type":"LineString","coordinates":[[109.648635,-7.464562],[109.648646,-7.464808],[109.648766,-7.46494],[109.649077,-7.464938],[109.649198,-7.465023],[109.649169,-7.465204],[109.64922,-7.465382],[109.649319,-7.46548],[109.649716,-7.465909],[109.649847,-7.466007],[109.650032,-7.466089],[109.650266,-7.466174],[109.650569,-7.466443],[109.650402,-7.466571],[109.650351,-7.466778],[109.650496,-7.466938],[109.650628,-7.466986],[109.650786,-7.466962],[109.650982,-7.466946],[109.651245,-7.467004],[109.651364,-7.467032],[109.651522,-7.46698],[109.651699,-7.46698],[109.651812,-7.467064],[109.65193,-7.467148],[109.6521,-7.467264],[109.652148,-7.467403],[109.652088,-7.467525],[109.652257,-7.467498],[109.652359,-7.467595],[109.65228,-7.468243],[109.652207,-7.46841],[109.651937,-7.468634],[109.651968,-7.468895],[109.651961,-7.469249],[109.651994,-7.469657],[109.651733,-7.469688],[109.651506,-7.469868],[109.651251,-7.470083],[109.651157,-7.470224],[109.65116,-7.470392],[109.651072,-7.470715],[109.650901,-7.471032],[109.650801,-7.47108],[109.650523,-7.471081],[109.65041,-7.471082],[109.650108,-7.471068],[109.649849,-7.471145],[109.649697,-7.471289],[109.649559,-7.471387],[109.649308,-7.471652],[109.649105,-7.471738],[109.649004,-7.47173],[109.648771,-7.471604],[109.648692,-7.471518],[109.648523,-7.471329],[109.648343,-7.471331],[109.648324,-7.471369],[109.648278,-7.471709],[109.648108,-7.471846],[109.648047,-7.471912],[109.647852,-7.472203],[109.647656,-7.472326],[109.647534,-7.472411],[109.647422,-7.472504],[109.647293,-7.472653],[109.647099,-7.472841],[109.646948,-7.473091],[109.646863,-7.473253],[109.646672,-7.473274],[109.646427,-7.473217],[109.646244,-7.473243],[109.646122,-7.473268],[109.645852,-7.473263],[109.645708,-7.473225],[109.645526,-7.473147],[109.645521,-7.473449],[109.645395,-7.473575],[109.645304,-7.47376],[109.645214,-7.473867],[109.645154,-7.473998],[109.645141,-7.474178],[109.645105,-7.474387],[109.644966,-7.474644],[109.644773,-7.474913],[109.644659,-7.475128],[109.644533,-7.475049],[109.644305,-7.475138],[109.644167,-7.475222],[109.644154,-7.475545],[109.644057,-7.475786],[109.643975,-7.475958],[109.643941,-7.476034],[109.643772,-7.476182],[109.643667,-7.476253],[109.643331,-7.476401],[109.643229,-7.476568],[109.643056,-7.476845],[109.643008,-7.477019],[109.642954,-7.47723],[109.642874,-7.477348],[109.642655,-7.47747],[109.6425,-7.477527],[109.642388,-7.477609],[109.642309,-7.477734],[109.64224,-7.477853],[109.641891,-7.477798],[109.641809,-7.477578],[109.641713,-7.47742],[109.641472,-7.477301],[109.641209,-7.477394],[109.641112,-7.477422],[109.640896,-7.477529],[109.640748,-7.477586],[109.640565,-7.477463],[109.640408,-7.477316],[109.640307,-7.477358],[109.640188,-7.477444],[109.639937,-7.477465],[109.639598,-7.477417],[109.639379,-7.477392],[109.639261,-7.477179],[109.638999,-7.477043],[109.638859,-7.477072],[109.638693,-7.477114],[109.638445,-7.47721],[109.638268,-7.477242],[109.638063,-7.477256],[109.637912,-7.47727],[109.637736,-7.477226],[109.637514,-7.477099],[109.637327,-7.476991],[109.637259,-7.476765],[109.637275,-7.476535],[109.63734,-7.476363],[109.637146,-7.476094],[109.636906,-7.47605],[109.636708,-7.475877],[109.636587,-7.47574],[109.636317,-7.47565],[109.636181,-7.475549],[109.636033,-7.475534],[109.635886,-7.475523],[109.63571,-7.475508],[109.635548,-7.475572],[109.635436,-7.475762],[109.63531,-7.475898],[109.635101,-7.475915],[109.634813,-7.475921],[109.634637,-7.475896],[109.63426,-7.475862],[109.633961,-7.47584],[109.633757,-7.475696],[109.633606,-7.475566],[109.633369,-7.475536],[109.633082,-7.475352],[109.632942,-7.475287],[109.632798,-7.475219],[109.632582,-7.475154],[109.632507,-7.475028],[109.632335,-7.474866],[109.63217,-7.474883],[109.631943,-7.474911],[109.631778,-7.474907],[109.631451,-7.474852],[109.631235,-7.474733],[109.631142,-7.474625],[109.63096,-7.47428],[109.630763,-7.474118],[109.630639,-7.474017],[109.630507,-7.474092],[109.63028,-7.474213],[109.630115,-7.474335],[109.629963,-7.474413],[109.629827,-7.474409],[109.629668,-7.474459],[109.629474,-7.474501],[109.629297,-7.474644],[109.629236,-7.474824],[109.629001,-7.475074],[109.628788,-7.475268],[109.628668,-7.475358],[109.628534,-7.475385],[109.628307,-7.475373],[109.628163,-7.475408],[109.628016,-7.475467],[109.627858,-7.475481],[109.627718,-7.475476],[109.627575,-7.4755],[109.627436,-7.475466],[109.627139,-7.475175],[109.626985,-7.47516],[109.62682,-7.475164],[109.626698,-7.475096],[109.626637,-7.474939],[109.626551,-7.474691],[109.626439,-7.474491],[109.626333,-7.474373],[109.626145,-7.474245],[109.62601,-7.474139],[109.625872,-7.473905],[109.625811,-7.473703],[109.625644,-7.473088],[109.625459,-7.472804],[109.62523,-7.472503],[109.625154,-7.47238],[109.625045,-7.472104],[109.624998,-7.47192],[109.624918,-7.471808],[109.624542,-7.471562],[109.624376,-7.471412],[109.624225,-7.471258],[109.623928,-7.471048],[109.62347,-7.470646],[109.623401,-7.470618],[109.623081,-7.470422],[109.623036,-7.470294],[109.622978,-7.470057],[109.622925,-7.469967],[109.622699,-7.469624],[109.622719,-7.469581],[109.622822,-7.469457],[109.622983,-7.469278],[109.623094,-7.46912],[109.623192,-7.468882],[109.62313,-7.468799],[109.622929,-7.468701],[109.62278,-7.468597],[109.622662,-7.468486],[109.622505,-7.468358],[109.622383,-7.468275],[109.622235,-7.468275],[109.62198,-7.468309],[109.621839,-7.468295],[109.621689,-7.468365],[109.621421,-7.46842],[109.621201,-7.468455],[109.620984,-7.468449],[109.620837,-7.468405],[109.620328,-7.468209],[109.620101,-7.468166],[109.619926,-7.468178],[109.619144,-7.468259],[109.618889,-7.468275],[109.618211,-7.468317],[109.618068,-7.468314],[109.617889,-7.468293],[109.617479,-7.4682],[109.617461,-7.468444],[109.617405,-7.468726],[109.617396,-7.468999],[109.617478,-7.469124],[109.617673,-7.469222],[109.61788,-7.469263],[109.618005,-7.469339],[109.618184,-7.469527],[109.618463,-7.469788],[109.6186,-7.469816],[109.618775,-7.469766],[109.618921,-7.469786],[109.619001,-7.4699],[109.619179,-7.470235],[109.619233,-7.470367],[109.619251,-7.470502],[109.619359,-7.470627],[109.619488,-7.470706],[109.619589,-7.470818],[109.619818,-7.471161],[109.620058,-7.471418],[109.620211,-7.471451],[109.620509,-7.471475],[109.620662,-7.471511],[109.620829,-7.471641],[109.620841,-7.472074],[109.620896,-7.472385],[109.621041,-7.47241],[109.621192,-7.472422],[109.621336,-7.472427],[109.621509,-7.472407],[109.621562,-7.4724]]}},{"type":"Feature","properties":{"id":790,"nomor_ruas":"III.10","nama_ruas":"MEDAYU-PASEH","titik_awal":"III.17","titik_akhir":"III.3","panjang_km":2.126,"lebar_m":3},"geometry":{"type":"LineString","coordinates":[[109.661156,-7.368213],[109.661306,-7.36784],[109.661595,-7.367155],[109.661704,-7.366819],[109.661763,-7.366629],[109.661951,-7.366194],[109.662113,-7.36592],[109.66227,-7.365672],[109.662356,-7.365547],[109.662437,-7.365433],[109.662588,-7.365216],[109.662744,-7.365005],[109.662853,-7.364882],[109.663005,-7.364756],[109.664044,-7.363774],[109.66422,-7.363641],[109.664427,-7.36346],[109.665252,-7.362801],[109.665495,-7.362584],[109.665615,-7.362418],[109.665742,-7.362222],[109.665904,-7.361971],[109.666086,-7.36174],[109.66623,-7.361508],[109.666347,-7.361305],[109.666469,-7.361053],[109.666546,-7.360883],[109.666661,-7.360709],[109.666783,-7.360553],[109.666957,-7.360348],[109.667087,-7.360246],[109.667232,-7.360141],[109.667482,-7.360018],[109.667599,-7.359634],[109.66776,-7.359337],[109.667886,-7.359128],[109.667948,-7.359002],[109.668005,-7.358856],[109.668063,-7.358583],[109.668077,-7.358348],[109.6681,-7.358155],[109.66816,-7.357903],[109.668216,-7.357691],[109.668372,-7.357326],[109.668321,-7.357237],[109.66836,-7.357059],[109.668467,-7.356953],[109.668693,-7.356734],[109.668755,-7.356568],[109.668812,-7.356393],[109.669325,-7.35573],[109.669465,-7.355551],[109.6696,-7.355327],[109.669816,-7.354693],[109.669874,-7.354501],[109.670001,-7.354264],[109.67004,-7.354102],[109.670068,-7.3539],[109.669969,-7.353757],[109.669958,-7.353586],[109.670048,-7.353468],[109.670271,-7.353296],[109.670327,-7.353143],[109.670434,-7.352868],[109.670611,-7.352653],[109.670642,-7.352519],[109.670643,-7.352388]]}},{"type":"Feature","properties":{"id":791,"nomor_ruas":"III.20","nama_ruas":"SITUWANGI-PINGIT","titik_awal":"III.17","titik_akhir":"SITUWANGI/III.17","panjang_km":2.412,"lebar_m":3},"geometry":{"type":"LineString","coordinates":[[109.515971,-7.421221],[109.515839,-7.422111],[109.515817,-7.422179],[109.515727,-7.422595],[109.515535,-7.423206],[109.515448,-7.424105],[109.515412,-7.424583],[109.515364,-7.425351],[109.515338,-7.426072],[109.515319,-7.426482],[109.515312,-7.426619],[109.515291,-7.427168],[109.515298,-7.427633],[109.515283,-7.428536],[109.515251,-7.428775],[109.515102,-7.429069],[109.514917,-7.429346],[109.514459,-7.43014],[109.514361,-7.430295],[109.514121,-7.430692],[109.514003,-7.430938],[109.513932,-7.431087],[109.513831,-7.431308],[109.51375,-7.431516],[109.513599,-7.431922],[109.513559,-7.432063],[109.513512,-7.432488],[109.513329,-7.433972],[109.513318,-7.434126],[109.513303,-7.43432],[109.513281,-7.434615],[109.513258,-7.434924],[109.513215,-7.435519],[109.513196,-7.435766],[109.513167,-7.43616],[109.513156,-7.436483],[109.51313,-7.437161],[109.513125,-7.437433],[109.513114,-7.438028],[109.513112,-7.438152],[109.513093,-7.439104],[109.513056,-7.440209],[109.513038,-7.441102],[109.513044,-7.442107],[109.513046,-7.442274],[109.513044,-7.442417]]}},{"type":"Feature","properties":{"id":792,"nomor_ruas":"III.12","nama_ruas":"WANAKARSA-KARANGKEMIRI","titik_awal":"III.17","titik_akhir":"III.17","panjang_km":1.07,"lebar_m":3},"geometry":{"type":"LineString","coordinates":[[109.634444,-7.366145],[109.634595,-7.366106],[109.634935,-7.366],[109.636866,-7.365399],[109.637485,-7.365244],[109.638216,-7.365087],[109.638442,-7.365037],[109.638741,-7.364906],[109.638908,-7.364837],[109.63924,-7.364828],[109.6395,-7.36487],[109.640248,-7.36509],[109.640454,-7.365131],[109.640727,-7.365163],[109.64132,-7.365221],[109.641776,-7.365224],[109.642391,-7.365257],[109.642509,-7.365227],[109.642831,-7.365157],[109.643009,-7.365195],[109.643151,-7.365178],[109.643489,-7.365235],[109.643879,-7.365294]]}},{"type":"Feature","properties":{"id":793,"nomor_ruas":"III.22","nama_ruas":"BANDINGAN-BATAS AKB.PURBALINGGA","titik_awal":"III.21","titik_akhir":"Batas Kab. Purbalingga","panjang_km":0.86,"lebar_m":3},"geometry":{"type":"LineString","coordinates":[[109.532243,-7.413386],[109.532556,-7.412388],[109.532679,-7.412049],[109.53284,-7.411983],[109.533022,-7.41205],[109.533352,-7.412067],[109.53352,-7.412019],[109.533695,-7.411764],[109.533704,-7.41154],[109.533614,-7.411309],[109.533537,-7.411056],[109.533375,-7.410692],[109.533356,-7.410484],[109.533394,-7.410391],[109.533506,-7.410213],[109.533694,-7.409939],[109.533764,-7.409708],[109.533748,-7.409553],[109.533586,-7.409179],[109.533427,-7.408495],[109.533412,-7.408374],[109.533374,-7.408225],[109.533291,-7.408112],[109.53315,-7.407934],[109.533032,-7.407756],[109.532744,-7.407328],[109.532798,-7.407057],[109.532787,-7.407041]]}},{"type":"Feature","properties":{"id":794,"nomor_ruas":"III.13","nama_ruas":"KARANGJAMBE-SAWANGAN","titik_awal":"III.17","titik_akhir":"III.11","panjang_km":2.751,"lebar_m":3},"geometry":{"type":"LineString","coordinates":[[109.614016,-7.375722],[109.614022,-7.375408],[109.613995,-7.375227],[109.613843,-7.375229],[109.613566,-7.375248],[109.613395,-7.375261],[109.612762,-7.375054],[109.612479,-7.375007],[109.611623,-7.374911],[109.611473,-7.374913],[109.61128,-7.374913],[109.610963,-7.37486],[109.610582,-7.374767],[109.610173,-7.374659],[109.609896,-7.37457],[109.609496,-7.374448],[109.609206,-7.37435],[109.608817,-7.374192],[109.608407,-7.374054],[109.608206,-7.374006],[109.608031,-7.373985],[109.607753,-7.373977],[109.607464,-7.373961],[109.607327,-7.373951],[109.607068,-7.373946],[109.60574,-7.37405],[109.605498,-7.37407],[109.605215,-7.374126],[109.604801,-7.374235],[109.604609,-7.374286],[109.604271,-7.37436],[109.603753,-7.374424],[109.603214,-7.374469],[109.603067,-7.374493],[109.60232,-7.374671],[109.601781,-7.374844],[109.601302,-7.374977],[109.60111,-7.375028],[109.600818,-7.375093],[109.600169,-7.375267],[109.600067,-7.375395],[109.599784,-7.375593],[109.599658,-7.375671],[109.599464,-7.375754],[109.599167,-7.375884],[109.598845,-7.376065],[109.598714,-7.376151],[109.598502,-7.37631],[109.598201,-7.37657],[109.597815,-7.376906],[109.597657,-7.376999],[109.597523,-7.377047],[109.597171,-7.377134],[109.596757,-7.377233],[109.596596,-7.377287],[109.596205,-7.377542],[109.595951,-7.377723],[109.595802,-7.37777],[109.595586,-7.377823],[109.59535,-7.377865],[109.594811,-7.377963],[109.594571,-7.377979],[109.594116,-7.378001],[109.593835,-7.37802],[109.593602,-7.37806],[109.5933,-7.377951],[109.593283,-7.377807],[109.593178,-7.377418],[109.593013,-7.377257],[109.592751,-7.377089],[109.592587,-7.376947],[109.592526,-7.376868],[109.592337,-7.376565],[109.591956,-7.376018],[109.591852,-7.375881]]}},{"type":"Feature","properties":{"id":795,"nomor_ruas":"III.24","nama_ruas":"PINGIT-BANTARMALANG","titik_awal":"III.20","titik_akhir":"Batas Kab. Purbalingga","panjang_km":2.161,"lebar_m":3},"geometry":{"type":"LineString","coordinates":[[109.515971,-7.421189],[109.515983,-7.420434],[109.515994,-7.420163],[109.515997,-7.419841],[109.515978,-7.419007],[109.515955,-7.418769],[109.515848,-7.417945],[109.515764,-7.417566],[109.515811,-7.417442],[109.515904,-7.417261],[109.515995,-7.41706],[109.51595,-7.416432],[109.515493,-7.416283],[109.515237,-7.416157],[109.515062,-7.415973],[109.514893,-7.415683],[109.514782,-7.41547],[109.514624,-7.415258],[109.514416,-7.415098],[109.514156,-7.414977],[109.513969,-7.414903],[109.513747,-7.414824],[109.513547,-7.414779],[109.513068,-7.414694],[109.512524,-7.414611],[109.512091,-7.414519],[109.511705,-7.414437],[109.511198,-7.414293],[109.510667,-7.41416],[109.509994,-7.414051],[109.50953,-7.41404],[109.509004,-7.414043],[109.508822,-7.414039],[109.508565,-7.414008],[109.508359,-7.413885],[109.507921,-7.41386],[109.506821,-7.413881],[109.506625,-7.413833],[109.506065,-7.413594],[109.505614,-7.413405],[109.50499,-7.412977],[109.50471,-7.41299],[109.504525,-7.412958],[109.504349,-7.412865],[109.504184,-7.413006],[109.503849,-7.413051],[109.503295,-7.413302],[109.502799,-7.413515],[109.502439,-7.413667]]}},{"type":"Feature","properties":{"id":796,"nomor_ruas":"III.14","nama_ruas":"MEDAYU-KLETHAK","titik_awal":"III.10","titik_akhir":"III.2","panjang_km":1.793,"lebar_m":3},"geometry":{"type":"LineString","coordinates":[[109.6681,-7.358155],[109.66766,-7.358022],[109.667624,-7.35774],[109.667613,-7.357701],[109.667434,-7.357491],[109.667217,-7.35723],[109.667071,-7.357236],[109.666854,-7.357312],[109.666692,-7.357264],[109.666486,-7.357255],[109.666214,-7.357245],[109.665976,-7.357349],[109.665772,-7.357485],[109.665624,-7.357493],[109.66546,-7.357384],[109.665364,-7.35721],[109.665348,-7.35679],[109.665339,-7.356567],[109.665301,-7.356198],[109.665222,-7.355995],[109.665087,-7.35592],[109.664935,-7.355946],[109.664786,-7.356018],[109.664611,-7.356003],[109.664381,-7.35598],[109.664147,-7.35604],[109.663835,-7.35594],[109.66377,-7.355715],[109.663729,-7.355585],[109.663636,-7.35532],[109.663488,-7.355256],[109.663045,-7.355158],[109.662341,-7.35497],[109.662209,-7.354784],[109.662016,-7.354634],[109.661927,-7.354446],[109.661869,-7.354226],[109.661717,-7.354243],[109.661192,-7.354323],[109.660652,-7.354498],[109.660555,-7.35444],[109.660483,-7.354319],[109.660321,-7.353884],[109.66016,-7.3537],[109.659686,-7.353465],[109.659417,-7.353195],[109.659406,-7.353058],[109.65958,-7.352855],[109.659628,-7.352675],[109.659875,-7.352341],[109.659891,-7.352205],[109.659944,-7.352035],[109.659806,-7.351527],[109.659746,-7.35136],[109.659693,-7.35118],[109.659646,-7.350971],[109.65953,-7.350592],[109.659659,-7.350436],[109.659761,-7.350138],[109.659639,-7.349849],[109.659502,-7.349843],[109.659334,-7.349854],[109.659282,-7.349855]]}},{"type":"Feature","properties":{"id":797,"nomor_ruas":"III.31","nama_ruas":"TANJUNGTIRTA-SAMPANG","titik_awal":"III.30/III.32","titik_akhir":"III.29","panjang_km":3.577,"lebar_m":3},"geometry":{"type":"LineString","coordinates":[[109.628101,-7.328616],[109.628009,-7.328356],[109.627824,-7.328225],[109.627554,-7.328162],[109.627318,-7.328086],[109.626954,-7.328144],[109.626555,-7.32819],[109.626192,-7.328069],[109.625895,-7.328159],[109.625562,-7.328166],[109.625452,-7.327959],[109.625303,-7.327841],[109.62516,-7.327836],[109.625052,-7.327869],[109.62471,-7.327917],[109.624634,-7.3279],[109.624437,-7.327792],[109.624086,-7.327592],[109.623912,-7.327569],[109.623565,-7.327565],[109.623222,-7.327677],[109.623153,-7.327681],[109.623043,-7.327667],[109.622481,-7.327545],[109.622282,-7.327454],[109.622114,-7.327351],[109.621881,-7.327196],[109.621723,-7.32705],[109.62151,-7.326752],[109.621432,-7.326712],[109.621188,-7.326637],[109.621109,-7.326589],[109.620891,-7.326512],[109.620624,-7.326504],[109.620463,-7.326539],[109.620395,-7.326605],[109.620261,-7.326687],[109.61989,-7.326967],[109.619754,-7.326992],[109.619683,-7.32699],[109.619308,-7.326917],[109.618952,-7.326849],[109.618494,-7.326783],[109.618134,-7.326709],[109.617631,-7.32667],[109.617527,-7.326811],[109.617421,-7.32694],[109.617334,-7.327256],[109.617281,-7.327449],[109.616908,-7.327696],[109.61667,-7.327807],[109.616345,-7.328265],[109.615948,-7.328845],[109.615493,-7.329301],[109.615248,-7.329526],[109.615021,-7.329751],[109.614839,-7.329902],[109.614757,-7.330085],[109.614757,-7.330243],[109.614782,-7.33041],[109.61472,-7.330643],[109.614537,-7.331015],[109.614326,-7.331262],[109.61403,-7.331548],[109.61353,-7.332004],[109.613077,-7.332421],[109.612521,-7.332931],[109.612116,-7.333225],[109.611861,-7.333393],[109.611541,-7.333605],[109.611457,-7.333953],[109.61138,-7.334373],[109.611335,-7.334723],[109.61112,-7.33488],[109.611062,-7.334899],[109.610774,-7.334952],[109.610422,-7.334973],[109.609798,-7.335354],[109.609626,-7.335383],[109.609352,-7.335338],[109.609313,-7.335414],[109.60908,-7.335582],[109.608936,-7.335889],[109.60873,-7.336281],[109.608554,-7.336403],[109.608154,-7.336705],[109.607964,-7.336824],[109.607759,-7.336877],[109.60754,-7.336928],[109.607374,-7.337056],[109.607014,-7.337626],[109.606919,-7.337793],[109.60679,-7.33799],[109.606664,-7.338065],[109.606588,-7.338093],[109.606436,-7.338123],[109.606296,-7.338144],[109.605967,-7.338151],[109.605767,-7.33821],[109.605623,-7.338281],[109.605594,-7.338453],[109.605773,-7.338813],[109.605873,-7.339],[109.605915,-7.33937],[109.605825,-7.339502],[109.605654,-7.339548],[109.605487,-7.339649],[109.605266,-7.339788],[109.605151,-7.339871],[109.604854,-7.340047],[109.604704,-7.340147],[109.604518,-7.340305]]}},{"type":"Feature","properties":{"id":798,"nomor_ruas":"V.9","nama_ruas":"DAWUHAN-PRINGWULUNG","titik_awal":"IV.11","titik_akhir":"V.29","panjang_km":1.513,"lebar_m":3},"geometry":{"type":"LineString","coordinates":[[109.765516,-7.266988],[109.765608,-7.267844],[109.765709,-7.268054],[109.765684,-7.268351],[109.765595,-7.268532],[109.765534,-7.268658],[109.765477,-7.269043],[109.765445,-7.269274],[109.765448,-7.269447],[109.765456,-7.269647],[109.765413,-7.269819],[109.7653,-7.269987],[109.765145,-7.270259],[109.765102,-7.2704],[109.765135,-7.270572],[109.76522,-7.270728],[109.765378,-7.270871],[109.765483,-7.271121],[109.765483,-7.271349],[109.765429,-7.271508],[109.765219,-7.271947],[109.76517,-7.272221],[109.765201,-7.272389],[109.765169,-7.272531],[109.765081,-7.272646],[109.765095,-7.27279],[109.76525,-7.272888],[109.765345,-7.272987],[109.765442,-7.273165],[109.765576,-7.273314],[109.765753,-7.273364],[109.765878,-7.273489],[109.7659,-7.273629],[109.765855,-7.273879],[109.765778,-7.274034],[109.765693,-7.274148],[109.765577,-7.274307],[109.765388,-7.274505],[109.765248,-7.274551],[109.765037,-7.274616],[109.764903,-7.274657],[109.764741,-7.274711],[109.764563,-7.274807],[109.764522,-7.274955],[109.764489,-7.275091],[109.764319,-7.275145],[109.764056,-7.275139],[109.763946,-7.275263],[109.763736,-7.275391],[109.763572,-7.275447],[109.763238,-7.275461],[109.762989,-7.275537],[109.762917,-7.275764],[109.762742,-7.275791],[109.762634,-7.275848],[109.762518,-7.275822],[109.762155,-7.276022],[109.761941,-7.276044],[109.761718,-7.275979],[109.761566,-7.276007],[109.761431,-7.276046],[109.761281,-7.276084],[109.761051,-7.276124],[109.760896,-7.276122],[109.76083,-7.276108]]}},{"type":"Feature","properties":{"id":799,"nomor_ruas":"III.33","nama_ruas":"JEMBANGAN-PENANGGUNGAN","titik_awal":"III.28","titik_akhir":"JEMB. K. SIKOKOL","panjang_km":3.133,"lebar_m":3},"geometry":{"type":"LineString","coordinates":[[109.580201,-7.307341],[109.580205,-7.307185],[109.580145,-7.30693],[109.580239,-7.306531],[109.5808,-7.305634],[109.580959,-7.305621],[109.581134,-7.305732],[109.581386,-7.305815],[109.581628,-7.306029],[109.581778,-7.306153],[109.58185,-7.306333],[109.581923,-7.306588],[109.58215,-7.306768],[109.582438,-7.306813],[109.582613,-7.3068],[109.582765,-7.306768],[109.583001,-7.306715],[109.583198,-7.306715],[109.583385,-7.306635],[109.5836,-7.306587],[109.583751,-7.306543],[109.583954,-7.306495],[109.584362,-7.306351],[109.584511,-7.306342],[109.584642,-7.306396],[109.584859,-7.306538],[109.585123,-7.306431],[109.585429,-7.306318],[109.58583,-7.306079],[109.585723,-7.305537],[109.585608,-7.305106],[109.585586,-7.304611],[109.585598,-7.304041],[109.585577,-7.303778],[109.585419,-7.303605],[109.585294,-7.303499],[109.585172,-7.303395],[109.584817,-7.303032],[109.584763,-7.302865],[109.584727,-7.30249],[109.584728,-7.302229],[109.584717,-7.302203],[109.58436,-7.301945],[109.584253,-7.301689],[109.584257,-7.301502],[109.584303,-7.301304],[109.58434,-7.301077],[109.584434,-7.30071],[109.58451,-7.300424],[109.584464,-7.300311],[109.584193,-7.300015],[109.583916,-7.29984],[109.583961,-7.299775],[109.584541,-7.299802],[109.585073,-7.299646],[109.585559,-7.299511],[109.585727,-7.299557],[109.585886,-7.299558],[109.586204,-7.299562],[109.586436,-7.299581],[109.586589,-7.299468],[109.58666,-7.299404],[109.586809,-7.299217],[109.586909,-7.299307],[109.587411,-7.299384],[109.587559,-7.299437],[109.587869,-7.299365],[109.588116,-7.299199],[109.588419,-7.298877],[109.588878,-7.298523],[109.588881,-7.298376],[109.588896,-7.298046],[109.58917,-7.297924],[109.58936,-7.298057],[109.589479,-7.298072],[109.589722,-7.297994],[109.589839,-7.297712],[109.589947,-7.297511],[109.59009,-7.297333],[109.590292,-7.297104],[109.590266,-7.296904],[109.590177,-7.296754],[109.590099,-7.296622],[109.5901,-7.296485],[109.589998,-7.296383],[109.589915,-7.296233],[109.590041,-7.296066],[109.590215,-7.295965],[109.590365,-7.295858],[109.590467,-7.295756],[109.590666,-7.295482],[109.590846,-7.295279],[109.590913,-7.295142],[109.590967,-7.294956],[109.590974,-7.294759],[109.591016,-7.294514],[109.591167,-7.294305],[109.591323,-7.294066],[109.591414,-7.293947],[109.591522,-7.29381],[109.59172,-7.293738],[109.591918,-7.293685],[109.592139,-7.293668],[109.592379,-7.293651],[109.592535,-7.293615],[109.592685,-7.293592],[109.59284,-7.293574],[109.592937,-7.293473]]}},{"type":"Feature","properties":{"id":800,"nomor_ruas":"VI.28","nama_ruas":"JL BRIG. JEND. B. SUGENG","titik_awal":"VI.28","titik_akhir":"VI.15/VI.24/VI.27","panjang_km":0.398,"lebar_m":6},"geometry":{"type":"LineString","coordinates":[[109.704134,-7.395216],[109.703837,-7.395542],[109.703253,-7.395959],[109.703127,-7.396059],[109.70244,-7.396581],[109.70231,-7.396691],[109.702125,-7.396892],[109.70194,-7.397007],[109.701758,-7.397102],[109.701545,-7.397188],[109.701394,-7.397209],[109.701232,-7.397233]]}},{"type":"Feature","properties":{"id":801,"nomor_ruas":"III.35","nama_ruas":"TRIBUANA-KECEPIT","titik_awal":"III.35/III.35","titik_akhir":"III.16/III.16","panjang_km":3.731,"lebar_m":3.75},"geometry":{"type":"LineString","coordinates":[[109.565173,-7.385455],[109.565292,-7.385253],[109.565783,-7.384612],[109.566086,-7.384215],[109.566173,-7.384004],[109.56621,-7.383868],[109.566261,-7.382983],[109.566233,-7.382211],[109.566266,-7.38205],[109.566314,-7.381695],[109.566309,-7.381552],[109.566241,-7.381194],[109.566205,-7.380953],[109.566162,-7.380681],[109.566158,-7.380426],[109.566225,-7.380118],[109.566316,-7.379899],[109.566495,-7.379552],[109.566636,-7.379286],[109.566831,-7.378933],[109.566979,-7.378655],[109.567114,-7.37843],[109.567222,-7.378214],[109.567347,-7.377888],[109.567434,-7.377544],[109.56749,-7.377224],[109.567624,-7.37702],[109.567833,-7.376866],[109.568042,-7.376682],[109.568167,-7.376504],[109.568221,-7.376371],[109.568231,-7.376198],[109.568225,-7.376013],[109.568168,-7.375835],[109.567951,-7.375589],[109.567849,-7.375455],[109.567731,-7.375223],[109.567604,-7.37503],[109.567493,-7.374887],[109.56722,-7.374602],[109.567102,-7.374481],[109.567009,-7.374348],[109.566759,-7.373775],[109.566687,-7.37364],[109.566593,-7.373434],[109.566482,-7.373211],[109.56618,-7.372493],[109.565936,-7.37178],[109.565874,-7.371558],[109.565752,-7.371117],[109.565697,-7.370943],[109.56562,-7.370704],[109.5655,-7.37037],[109.565437,-7.370169],[109.565315,-7.369916],[109.565092,-7.369567],[109.565018,-7.369427],[109.564923,-7.369305],[109.564763,-7.369077],[109.564617,-7.368843],[109.564478,-7.368716],[109.564342,-7.368643],[109.564192,-7.368593],[109.564026,-7.368517],[109.563903,-7.368454],[109.563678,-7.368354],[109.563519,-7.368374],[109.563386,-7.368461],[109.563196,-7.368611],[109.563066,-7.368684],[109.562758,-7.368868],[109.562317,-7.368906],[109.562004,-7.368755],[109.561983,-7.368553],[109.562026,-7.368234],[109.562071,-7.368044],[109.562111,-7.367842],[109.562111,-7.367593],[109.562068,-7.367433],[109.561979,-7.367255],[109.561828,-7.367101],[109.561582,-7.366901],[109.561278,-7.366706],[109.561089,-7.36665],[109.56079,-7.366607],[109.560406,-7.366555],[109.560236,-7.366529],[109.560122,-7.366473],[109.559805,-7.366095],[109.559554,-7.365813],[109.559314,-7.365165],[109.559325,-7.364991],[109.559392,-7.364834],[109.55954,-7.364592],[109.559717,-7.364422],[109.559813,-7.36427],[109.55996,-7.36418],[109.560197,-7.363988],[109.56039,-7.36373],[109.560473,-7.363584],[109.560593,-7.363358],[109.560564,-7.362415],[109.560568,-7.362006],[109.56054,-7.361705],[109.560524,-7.361239],[109.560556,-7.360915],[109.56065,-7.360619],[109.560796,-7.360266],[109.560926,-7.359772],[109.560967,-7.359458],[109.561004,-7.359193],[109.561036,-7.358671]]}},{"type":"Feature","properties":{"id":802,"nomor_ruas":"III.38","nama_ruas":"DANAKERTA-SAMBONG","titik_awal":"III.16","titik_akhir":"III.42","panjang_km":3.851,"lebar_m":0},"geometry":{"type":"LineString","coordinates":[[109.541057,-7.355128],[109.541094,-7.355563],[109.541108,-7.355936],[109.541163,-7.356697],[109.541174,-7.356852],[109.541202,-7.357609],[109.541227,-7.358429],[109.541212,-7.358575],[109.541128,-7.358813],[109.541031,-7.358956],[109.540872,-7.359184],[109.540768,-7.359353],[109.540404,-7.359825],[109.540241,-7.360066],[109.54011,-7.360385],[109.540045,-7.36058],[109.53998,-7.360822],[109.53992,-7.361002],[109.539773,-7.361262],[109.539581,-7.361757],[109.539521,-7.362197],[109.539579,-7.362365],[109.539837,-7.362744],[109.540075,-7.363053],[109.540338,-7.363519],[109.540465,-7.36374],[109.540532,-7.363883],[109.540771,-7.364412],[109.54157,-7.364775],[109.541849,-7.364925],[109.54213,-7.365103],[109.542544,-7.365408],[109.542683,-7.365485],[109.542918,-7.365661],[109.543199,-7.365919],[109.543354,-7.366075],[109.543924,-7.366507],[109.544073,-7.366659],[109.544137,-7.366792],[109.544191,-7.366946],[109.544278,-7.367165],[109.544377,-7.367395],[109.544573,-7.367502],[109.544764,-7.367473],[109.545643,-7.367182],[109.545898,-7.367174],[109.545987,-7.367235],[109.546114,-7.367607],[109.546262,-7.367936],[109.546459,-7.368079],[109.546722,-7.368476],[109.5468,-7.368536],[109.547056,-7.368743],[109.547222,-7.369017],[109.547184,-7.369144],[109.547061,-7.369303],[109.546652,-7.369524],[109.546628,-7.369666],[109.546652,-7.370067],[109.54654,-7.370278],[109.546342,-7.370412],[109.546048,-7.37064],[109.545768,-7.370752],[109.544855,-7.370893],[109.544599,-7.370978],[109.544361,-7.371133],[109.544131,-7.371382],[109.544023,-7.371527],[109.54394,-7.371679],[109.543876,-7.371814],[109.543838,-7.371974],[109.543834,-7.372232],[109.543825,-7.372852],[109.543723,-7.373042],[109.543441,-7.373283],[109.543358,-7.373408],[109.543283,-7.373842],[109.543156,-7.374309],[109.542919,-7.374616],[109.542904,-7.374759],[109.542968,-7.374797],[109.543376,-7.375049],[109.54348,-7.375147],[109.543568,-7.375269],[109.543609,-7.375831],[109.54378,-7.376319],[109.543852,-7.376718],[109.543831,-7.377013],[109.54379,-7.377112],[109.543452,-7.377682],[109.543469,-7.377954],[109.543387,-7.378187],[109.54321,-7.378423],[109.543129,-7.378576],[109.542941,-7.379204],[109.542757,-7.379649],[109.542392,-7.380345],[109.542363,-7.380547],[109.542376,-7.380847],[109.542291,-7.381192],[109.542246,-7.381372],[109.542149,-7.381777],[109.542136,-7.381869]]}},{"type":"Feature","properties":{"id":803,"nomor_ruas":"III.39","nama_ruas":"DANAKERTA-DOMAS","titik_awal":"III.16","titik_akhir":"III.41","panjang_km":2.449,"lebar_m":3},"geometry":{"type":"LineString","coordinates":[[109.537719,-7.357248],[109.537488,-7.35723],[109.537374,-7.357204],[109.537161,-7.357086],[109.537094,-7.356942],[109.53719,-7.356568],[109.537322,-7.356],[109.536929,-7.355822],[109.536854,-7.355673],[109.536833,-7.355495],[109.536851,-7.35536],[109.536941,-7.355055],[109.536987,-7.354849],[109.536981,-7.354748],[109.536756,-7.353871],[109.536419,-7.353592],[109.536396,-7.353369],[109.536341,-7.353033],[109.536269,-7.352781],[109.536153,-7.35255],[109.535826,-7.351055],[109.535663,-7.350724],[109.535602,-7.35041],[109.535602,-7.350221],[109.535629,-7.350057],[109.535675,-7.349887],[109.535699,-7.349678],[109.535687,-7.349532],[109.535692,-7.349179],[109.535663,-7.348912],[109.535582,-7.348699],[109.53533,-7.348408],[109.535222,-7.348312],[109.535012,-7.348224],[109.534721,-7.348207],[109.534483,-7.348203],[109.534079,-7.348166],[109.533777,-7.348158],[109.533046,-7.348341],[109.532898,-7.348416],[109.532725,-7.348399],[109.532547,-7.348327],[109.532393,-7.348238],[109.531968,-7.348009],[109.531824,-7.347888],[109.531602,-7.347567],[109.53148,-7.347358],[109.531313,-7.347105],[109.530544,-7.346989],[109.530447,-7.347035],[109.530339,-7.347152],[109.530246,-7.347262],[109.530047,-7.347408],[109.52985,-7.347412],[109.529545,-7.347246],[109.52923,-7.347102],[109.528681,-7.346918],[109.528347,-7.346798],[109.528001,-7.346591],[109.52776,-7.346453],[109.527579,-7.346428],[109.527311,-7.346734],[109.527166,-7.346748],[109.526969,-7.346717],[109.526527,-7.346541],[109.52612,-7.346367],[109.525892,-7.346317],[109.525722,-7.346298],[109.525429,-7.346245],[109.525205,-7.346187],[109.524945,-7.346096],[109.524732,-7.346003],[109.524572,-7.345927]]}},{"type":"Feature","properties":{"id":804,"nomor_ruas":"III.40","nama_ruas":"DANAKERTA-NANGKOD","titik_awal":"III.16","titik_akhir":"Bts Kab. Purbalingga","panjang_km":2.13,"lebar_m":3},"geometry":{"type":"LineString","coordinates":[[109.533045,-7.358629],[109.533019,-7.359083],[109.532995,-7.359235],[109.533008,-7.359419],[109.533216,-7.359624],[109.533879,-7.360026],[109.534156,-7.36018],[109.534354,-7.360339],[109.534769,-7.360753],[109.534751,-7.360921],[109.534743,-7.361271],[109.534782,-7.361425],[109.534912,-7.361771],[109.535063,-7.362081],[109.535141,-7.362309],[109.535181,-7.362365],[109.535349,-7.362636],[109.535366,-7.362928],[109.535426,-7.363075],[109.535444,-7.363189],[109.535444,-7.363393],[109.535409,-7.363596],[109.535464,-7.363834],[109.535521,-7.363902],[109.535787,-7.364118],[109.536055,-7.364394],[109.53604,-7.364487],[109.536001,-7.364635],[109.535995,-7.364838],[109.535932,-7.365291],[109.535887,-7.365453],[109.535839,-7.365678],[109.535742,-7.365873],[109.535595,-7.365916],[109.535521,-7.366061],[109.535476,-7.366213],[109.535409,-7.366577],[109.535372,-7.366778],[109.535203,-7.36709],[109.53491,-7.367434],[109.534601,-7.367816],[109.534517,-7.367951],[109.534452,-7.368133],[109.534404,-7.368283],[109.534307,-7.368518],[109.534274,-7.368661],[109.534283,-7.368895],[109.534297,-7.369057],[109.534343,-7.369189],[109.534513,-7.369519],[109.534617,-7.369847],[109.534578,-7.370264],[109.534556,-7.370613],[109.534605,-7.370955],[109.534636,-7.371265],[109.534721,-7.372029],[109.534726,-7.372355],[109.534944,-7.372596],[109.535008,-7.372985],[109.535026,-7.373183],[109.535227,-7.373405],[109.535246,-7.373638],[109.535341,-7.373782],[109.535399,-7.374368],[109.535466,-7.374926],[109.535592,-7.375695]]}},{"type":"Feature","properties":{"id":805,"nomor_ruas":"VI.70","nama_ruas":"JL SOKANANDI I","titik_awal":"VI.4/Jalan Nasional","titik_akhir":"VI.4/Jalan Nasional","panjang_km":0.211,"lebar_m":3.5},"geometry":{"type":"LineString","coordinates":[[109.716995,-7.392225],[109.717243,-7.392175],[109.717459,-7.392081],[109.717715,-7.391932],[109.717858,-7.391863],[109.718042,-7.391813],[109.718211,-7.391771],[109.718363,-7.39175],[109.718531,-7.391735],[109.718816,-7.391714]]}},{"type":"Feature","properties":{"id":806,"nomor_ruas":"III.42","nama_ruas":"TRIBUANA-SAMBONG","titik_awal":"III.34/III.35","titik_akhir":"III.37","panjang_km":2.645,"lebar_m":3},"geometry":{"type":"LineString","coordinates":[[109.565135,-7.385549],[109.5651,-7.385654],[109.565014,-7.386105],[109.564837,-7.386688],[109.564737,-7.386938],[109.564641,-7.387088],[109.564214,-7.387708],[109.564066,-7.387912],[109.563907,-7.388135],[109.563811,-7.388301],[109.563732,-7.388503],[109.563693,-7.388676],[109.56365,-7.388921],[109.56355,-7.389156],[109.563432,-7.389312],[109.563257,-7.389449],[109.563123,-7.389528],[109.562946,-7.389634],[109.562869,-7.389692],[109.562663,-7.389836],[109.562442,-7.389842],[109.56195,-7.389611],[109.561812,-7.389626],[109.561677,-7.389661],[109.561427,-7.38972],[109.561255,-7.389742],[109.561073,-7.389691],[109.560866,-7.389554],[109.560398,-7.389192],[109.560213,-7.38916],[109.559569,-7.389132],[109.558797,-7.389063],[109.558416,-7.389026],[109.558228,-7.388991],[109.558083,-7.388938],[109.557743,-7.388766],[109.556718,-7.388628],[109.556493,-7.388623],[109.55637,-7.388688],[109.556154,-7.388852],[109.555855,-7.388768],[109.555704,-7.388774],[109.555097,-7.388755],[109.554862,-7.388755],[109.554682,-7.388736],[109.554285,-7.388691],[109.554096,-7.388687],[109.553879,-7.388697],[109.553682,-7.388719],[109.553383,-7.388781],[109.553131,-7.388826],[109.552962,-7.388839],[109.552771,-7.388851],[109.5524,-7.389144],[109.552286,-7.389356],[109.552145,-7.38955],[109.552014,-7.389619],[109.55187,-7.389661],[109.551653,-7.389709],[109.551166,-7.389737],[109.55096,-7.389759],[109.550118,-7.389825],[109.549785,-7.389962],[109.549752,-7.390129],[109.54965,-7.390701],[109.549601,-7.390861],[109.549458,-7.391039],[109.549314,-7.391026],[109.548928,-7.390991],[109.548652,-7.391119],[109.548047,-7.391429],[109.547593,-7.391562],[109.547374,-7.391665],[109.547146,-7.391664],[109.546622,-7.391636],[109.545617,-7.391705]]}},{"type":"Feature","properties":{"id":807,"nomor_ruas":"I.37","nama_ruas":"WATUBELAH-WIRASARI","titik_awal":"I.15 / I.15","titik_akhir":"I.20/Perempatan Wirasari","panjang_km":2.242,"lebar_m":3},"geometry":{"type":"LineString","coordinates":[[109.692968,-7.439132],[109.693174,-7.439182],[109.69318,-7.439178],[109.693245,-7.439054],[109.69359,-7.438954],[109.69394,-7.438747],[109.694063,-7.438514],[109.694121,-7.438324],[109.694165,-7.438087],[109.694187,-7.437901],[109.694177,-7.437674],[109.694321,-7.437495],[109.694569,-7.437406],[109.694699,-7.437328],[109.694857,-7.437292],[109.695016,-7.437157],[109.695063,-7.436992],[109.695111,-7.43678],[109.695129,-7.436572],[109.695242,-7.436012],[109.695247,-7.435808],[109.695222,-7.435643],[109.695075,-7.435466],[109.694895,-7.435347],[109.694752,-7.435192],[109.694638,-7.434977],[109.694641,-7.434793],[109.694714,-7.43457],[109.694664,-7.434362],[109.694629,-7.434104],[109.694515,-7.433716],[109.694466,-7.433471],[109.694444,-7.433174],[109.694257,-7.433016],[109.693998,-7.433058],[109.693898,-7.432857],[109.693934,-7.432699],[109.694101,-7.43247],[109.694202,-7.432362],[109.694267,-7.432219],[109.694318,-7.432061],[109.694448,-7.431846],[109.694477,-7.431652],[109.694492,-7.431502],[109.694528,-7.431301],[109.694608,-7.431043],[109.694649,-7.430822],[109.694667,-7.430684],[109.694739,-7.430541],[109.694855,-7.430404],[109.69492,-7.430175],[109.695,-7.429795],[109.695037,-7.42958],[109.695059,-7.429414],[109.695139,-7.429185],[109.69524,-7.429049],[109.695355,-7.428949],[109.695521,-7.428734],[109.695644,-7.428576],[109.695759,-7.428376],[109.695898,-7.428028],[109.695934,-7.427888],[109.69597,-7.42768],[109.695921,-7.427333],[109.695876,-7.427094],[109.69587,-7.426993],[109.695881,-7.426843],[109.695966,-7.426674],[109.695926,-7.426474],[109.695749,-7.42636],[109.695647,-7.426283],[109.695776,-7.426161],[109.695729,-7.425987],[109.695662,-7.425802],[109.69554,-7.425714],[109.695469,-7.425552],[109.695435,-7.425113],[109.69531,-7.424932],[109.695278,-7.424697],[109.695211,-7.424572],[109.695115,-7.424397],[109.694688,-7.424028],[109.694246,-7.423712],[109.693989,-7.423671],[109.693459,-7.423425],[109.693223,-7.423277],[109.692957,-7.423123]]}},{"type":"Feature","properties":{"id":808,"nomor_ruas":"III.46","nama_ruas":"SIDARATA-PUNGGELAN","titik_awal":"III.34","titik_akhir":"III.16","panjang_km":2.756,"lebar_m":3},"geometry":{"type":"LineString","coordinates":[[109.594942,-7.370859],[109.594863,-7.370871],[109.594619,-7.370929],[109.593951,-7.37081],[109.593834,-7.370732],[109.593544,-7.370494],[109.593411,-7.370422],[109.593196,-7.370192],[109.592935,-7.36998],[109.592699,-7.369858],[109.592348,-7.369736],[109.591722,-7.369665],[109.591649,-7.369556],[109.591659,-7.369433],[109.591649,-7.369298],[109.591683,-7.369047],[109.591745,-7.368908],[109.591828,-7.368701],[109.591835,-7.368544],[109.591809,-7.368459],[109.591752,-7.368245],[109.591788,-7.368073],[109.59185,-7.367844],[109.591851,-7.367593],[109.59178,-7.367455],[109.591702,-7.367362],[109.591474,-7.367037],[109.591435,-7.366873],[109.591414,-7.366704],[109.591374,-7.366324],[109.591348,-7.366003],[109.5913,-7.365869],[109.591249,-7.365812],[109.591144,-7.36572],[109.590928,-7.365539],[109.590806,-7.365428],[109.59064,-7.365247],[109.59057,-7.365163],[109.590255,-7.364959],[109.589953,-7.364967],[109.589772,-7.365018],[109.589301,-7.365129],[109.588994,-7.365065],[109.588768,-7.36496],[109.588726,-7.364756],[109.58862,-7.36449],[109.588602,-7.364465],[109.588521,-7.364325],[109.588409,-7.364078],[109.588392,-7.363685],[109.588537,-7.363366],[109.589189,-7.362431],[109.589188,-7.362226],[109.589109,-7.361948],[109.589025,-7.361786],[109.588878,-7.361176],[109.588812,-7.36102],[109.588587,-7.360771],[109.588372,-7.360635],[109.588155,-7.360476],[109.588079,-7.360353],[109.588013,-7.360033],[109.587953,-7.359875],[109.58784,-7.359725],[109.587661,-7.359315],[109.587596,-7.359132],[109.587403,-7.358741],[109.587356,-7.358567],[109.587328,-7.35837],[109.587314,-7.358203],[109.587348,-7.358001],[109.587409,-7.35766],[109.587539,-7.357086],[109.587621,-7.356954],[109.587541,-7.356649],[109.587559,-7.356511],[109.587491,-7.356212],[109.587425,-7.355677],[109.587282,-7.355021],[109.587281,-7.354489],[109.587305,-7.354074],[109.587286,-7.353913],[109.587231,-7.353759],[109.587194,-7.35361],[109.586985,-7.353274],[109.586843,-7.352856],[109.586748,-7.352639],[109.586768,-7.352227],[109.586743,-7.352113],[109.586828,-7.351733]]}},{"type":"Feature","properties":{"id":809,"nomor_ruas":"IV.15","nama_ruas":"KALIBENING-GUNUNGLANGIT","titik_awal":"JL PROP KM 37","titik_akhir":"JL PROP KM 49","panjang_km":2.331,"lebar_m":3.5},"geometry":{"type":"LineString","coordinates":[[109.639251,-7.2212],[109.625563,-7.205227]]}},{"type":"Feature","properties":{"id":810,"nomor_ruas":"IV.18","nama_ruas":"RAWAPAKIS-BAKULAN","titik_awal":"IV.19","titik_akhir":"HUTAN PINUS DUKUH BAKULAN","panjang_km":2.938,"lebar_m":4},"geometry":{"type":"LineString","coordinates":[[109.69549,-7.248403],[109.695689,-7.248088],[109.695661,-7.247772],[109.695492,-7.247649],[109.695094,-7.247526],[109.694731,-7.247536],[109.693908,-7.247369],[109.693639,-7.24731],[109.693488,-7.24731],[109.693096,-7.247355],[109.692394,-7.247533],[109.692071,-7.247658],[109.691628,-7.247897],[109.691153,-7.247949],[109.691024,-7.247895],[109.690346,-7.247434],[109.690163,-7.247203],[109.689988,-7.246887],[109.689633,-7.246653],[109.689457,-7.246699],[109.689165,-7.246809],[109.688565,-7.246768],[109.688138,-7.246638],[109.687797,-7.246547],[109.687474,-7.246266],[109.687205,-7.246215],[109.687036,-7.246093],[109.686875,-7.245834],[109.686732,-7.245751],[109.686351,-7.245724],[109.686114,-7.245652],[109.685894,-7.245691],[109.685646,-7.245704],[109.68528,-7.245524],[109.685116,-7.244992],[109.685084,-7.24482],[109.685132,-7.244655],[109.685294,-7.244519],[109.685352,-7.244351],[109.685461,-7.243827],[109.685541,-7.243583],[109.685682,-7.243318],[109.685711,-7.243167],[109.685661,-7.242952],[109.685464,-7.242876],[109.685137,-7.242964],[109.684964,-7.242867],[109.684731,-7.242719],[109.684563,-7.242432],[109.684474,-7.242194],[109.684091,-7.241727],[109.683869,-7.241371],[109.683751,-7.240997],[109.683771,-7.240523],[109.683577,-7.240243],[109.683567,-7.240028],[109.68364,-7.239762],[109.683818,-7.239074],[109.684286,-7.238745],[109.684251,-7.23854],[109.68405,-7.238468],[109.683255,-7.238616],[109.682557,-7.238743],[109.682436,-7.23856],[109.68249,-7.238388],[109.68271,-7.238173],[109.682748,-7.237642],[109.682806,-7.237395],[109.682932,-7.237276],[109.683094,-7.237105],[109.683289,-7.236818],[109.683747,-7.236263],[109.683946,-7.235987],[109.683975,-7.235794],[109.684231,-7.235525],[109.684292,-7.235407]]}},{"type":"Feature","properties":{"id":811,"nomor_ruas":"IV.2","nama_ruas":"KUBANG-BANTAR","titik_awal":"IV.11","titik_akhir":"IV.8/V.7","panjang_km":5.13,"lebar_m":3},"geometry":{"type":"LineString","coordinates":[[109.752515,-7.270427],[109.752377,-7.27046],[109.752519,-7.27068],[109.752446,-7.27081],[109.752317,-7.270971],[109.752367,-7.271183],[109.752269,-7.271435],[109.752276,-7.271692],[109.752182,-7.271886],[109.751984,-7.272082],[109.751924,-7.272209],[109.751836,-7.272344],[109.751614,-7.27279],[109.751564,-7.272936],[109.751545,-7.273079],[109.751599,-7.273413],[109.751661,-7.273602],[109.751747,-7.273739],[109.75191,-7.273919],[109.751985,-7.274047],[109.751979,-7.274196],[109.751927,-7.274397],[109.751817,-7.274543],[109.751696,-7.274633],[109.751568,-7.274706],[109.751466,-7.274802],[109.751392,-7.274929],[109.751352,-7.275153],[109.751389,-7.275376],[109.751439,-7.275516],[109.751555,-7.275992],[109.751568,-7.276276],[109.751524,-7.276556],[109.751513,-7.276739],[109.751383,-7.277023],[109.751231,-7.277356],[109.751086,-7.277603],[109.751145,-7.277611],[109.751115,-7.277843],[109.751143,-7.278026],[109.751221,-7.278258],[109.75127,-7.278497],[109.751307,-7.278791],[109.751335,-7.279082],[109.75131,-7.27927],[109.751245,-7.279516],[109.7512,-7.279817],[109.751156,-7.280097],[109.751048,-7.280333],[109.750859,-7.280515],[109.750698,-7.280636],[109.750561,-7.280852],[109.750486,-7.281083],[109.750297,-7.281229],[109.75013,-7.281234],[109.749965,-7.281294],[109.749882,-7.281431],[109.749913,-7.281648],[109.749967,-7.281904],[109.75,-7.282217],[109.750017,-7.282356],[109.750092,-7.282619],[109.750198,-7.282899],[109.750237,-7.283075],[109.750183,-7.283285],[109.75008,-7.283378],[109.749886,-7.283424],[109.749713,-7.28348],[109.749466,-7.283601],[109.749217,-7.283851],[109.74927,-7.284128],[109.749215,-7.284283],[109.749157,-7.284408],[109.749014,-7.284466],[109.748831,-7.284411],[109.748558,-7.284467],[109.748461,-7.284638],[109.7483,-7.284738],[109.748134,-7.284741],[109.747922,-7.284792],[109.747852,-7.284932],[109.747768,-7.285337],[109.747492,-7.28575],[109.7473,-7.286031],[109.747135,-7.286071],[109.746963,-7.286046],[109.746829,-7.286115],[109.746682,-7.286112],[109.746476,-7.286051],[109.746362,-7.286122],[109.746252,-7.286375],[109.746252,-7.286481],[109.74628,-7.286572],[109.746436,-7.286793],[109.746691,-7.287756],[109.746714,-7.287897],[109.746724,-7.288018],[109.746732,-7.288342],[109.746719,-7.288637],[109.746671,-7.288896],[109.746612,-7.28909],[109.746521,-7.289186],[109.74649,-7.289413],[109.74644,-7.289642],[109.746436,-7.289735],[109.746442,-7.289893],[109.746498,-7.290154],[109.746533,-7.290243],[109.746677,-7.290437],[109.746734,-7.290741],[109.74683,-7.291022],[109.746819,-7.291348],[109.746832,-7.291486],[109.746894,-7.291752],[109.746978,-7.291933],[109.747022,-7.292097],[109.747047,-7.29225],[109.74707,-7.292545],[109.747015,-7.293099],[109.747021,-7.293202],[109.747025,-7.293391],[109.746954,-7.293534],[109.746829,-7.293626],[109.746671,-7.293779],[109.746515,-7.293944],[109.746408,-7.294092],[109.746298,-7.294295],[109.746219,-7.294575],[109.746194,-7.294696],[109.746155,-7.294971],[109.746151,-7.295138],[109.746195,-7.295205],[109.746295,-7.295294],[109.746387,-7.295357],[109.746554,-7.295592],[109.746522,-7.295682],[109.746433,-7.295957],[109.746392,-7.296046],[109.746309,-7.296166],[109.746086,-7.296413],[109.745966,-7.296599],[109.745927,-7.296714],[109.74591,-7.296946],[109.745979,-7.297128],[109.74605,-7.297262],[109.746063,-7.297533],[109.746038,-7.297656],[109.745912,-7.297854],[109.745811,-7.297939],[109.745689,-7.29804],[109.745629,-7.298164],[109.74563,-7.298342],[109.745627,-7.298539],[109.745547,-7.29872],[109.7454,-7.298914],[109.745267,-7.29902],[109.745192,-7.29913],[109.745067,-7.299281],[109.744894,-7.299393],[109.744848,-7.299519],[109.744756,-7.299672],[109.744602,-7.299743],[109.74447,-7.299836],[109.744234,-7.300019],[109.744091,-7.300135],[109.743931,-7.300328],[109.743794,-7.300496],[109.743588,-7.30074],[109.743598,-7.300876],[109.743511,-7.301041],[109.743447,-7.301193],[109.743447,-7.301266],[109.74346,-7.301415],[109.743472,-7.301722],[109.743435,-7.30189],[109.743361,-7.302069],[109.743305,-7.302219],[109.743232,-7.302317],[109.743125,-7.302421],[109.742977,-7.302534],[109.742855,-7.302611],[109.74267,-7.30272],[109.742503,-7.302781],[109.742426,-7.302847],[109.742151,-7.302865],[109.742035,-7.302943],[109.741914,-7.30303],[109.74174,-7.303103],[109.74167,-7.303157],[109.741351,-7.304099],[109.741257,-7.304202],[109.741151,-7.304282],[109.741033,-7.304415],[109.740761,-7.304768],[109.740706,-7.304908],[109.740683,-7.305045],[109.740617,-7.305291],[109.740534,-7.305541],[109.740397,-7.305846],[109.74033,-7.30617],[109.740266,-7.306278],[109.740197,-7.306415],[109.739978,-7.306835],[109.739974,-7.307],[109.739858,-7.307229],[109.739783,-7.307372],[109.739704,-7.307505],[109.739611,-7.307646],[109.739403,-7.307889],[109.739222,-7.308069],[109.739151,-7.308202],[109.739103,-7.30841],[109.739174,-7.308488]]}},{"type":"Feature","properties":{"id":812,"nomor_ruas":"IV.21","nama_ruas":"SEMBAWA-SEMINGKIR","titik_awal":"III.1","titik_akhir":"IV.13","panjang_km":2.699,"lebar_m":4},"geometry":{"type":"LineString","coordinates":[[109.662446,-7.273145],[109.662494,-7.272919],[109.66255,-7.272711],[109.662604,-7.272459],[109.662756,-7.272175],[109.662848,-7.271772],[109.662883,-7.271583],[109.66296,-7.271264],[109.663027,-7.270995],[109.663078,-7.27083],[109.66317,-7.270567],[109.663247,-7.270272],[109.663261,-7.270107],[109.663256,-7.269862],[109.663237,-7.269702],[109.663226,-7.269513],[109.663226,-7.26933],[109.663231,-7.269138],[109.663205,-7.268987],[109.663293,-7.268779],[109.663523,-7.26814],[109.663586,-7.267171],[109.663419,-7.266967],[109.663446,-7.266451],[109.663521,-7.266276],[109.663512,-7.265948],[109.663699,-7.265633],[109.663669,-7.265455],[109.663687,-7.264929],[109.663863,-7.264414],[109.663889,-7.264246],[109.663993,-7.263929],[109.664019,-7.263754],[109.664013,-7.263369],[109.663993,-7.26317],[109.664,-7.262721],[109.663946,-7.262584],[109.663954,-7.262181],[109.663938,-7.262043],[109.663894,-7.261864],[109.663887,-7.261794],[109.663873,-7.261597],[109.663804,-7.261411],[109.663783,-7.261345],[109.66354,-7.260941],[109.663539,-7.260805],[109.6636,-7.26055],[109.663597,-7.260435],[109.663574,-7.260248],[109.663576,-7.260133],[109.663608,-7.259886],[109.663572,-7.25958],[109.663684,-7.259068],[109.663753,-7.258945],[109.663852,-7.258832],[109.664121,-7.258494],[109.664084,-7.258356],[109.664106,-7.258217],[109.664123,-7.258097],[109.664123,-7.257821],[109.664183,-7.257606],[109.664267,-7.257395],[109.664407,-7.257021],[109.664464,-7.256854],[109.664496,-7.256608],[109.664564,-7.256223],[109.66454,-7.256105],[109.664415,-7.255883],[109.664285,-7.255737],[109.664269,-7.255619],[109.664108,-7.255298],[109.663953,-7.255104],[109.663866,-7.254919],[109.663782,-7.254556],[109.663776,-7.254335],[109.663799,-7.254156],[109.663816,-7.254005],[109.663739,-7.253778],[109.66368,-7.253373],[109.663776,-7.253347],[109.664034,-7.253358],[109.66406,-7.253216],[109.664101,-7.253031],[109.663999,-7.252734],[109.664114,-7.252622],[109.664279,-7.252545],[109.664352,-7.252421],[109.664363,-7.252285],[109.664372,-7.252082],[109.664391,-7.251831],[109.66447,-7.251692],[109.664418,-7.251479],[109.664464,-7.251401],[109.66454,-7.251284],[109.664613,-7.251082],[109.664737,-7.250845],[109.664738,-7.250763],[109.66475,-7.250529],[109.664751,-7.250441]]}},{"type":"Feature","properties":{"id":813,"nomor_ruas":"IV.22","nama_ruas":"SIDAKANGEN-BEDANA","titik_awal":"Jalan Provinsi","titik_akhir":"IV.15","panjang_km":4.491,"lebar_m":3},"geometry":{"type":"LineString","coordinates":[[109.652268,-7.21779],[109.652242,-7.216964],[109.652271,-7.212924],[109.651473,-7.210668],[109.651385,-7.21042],[109.651004,-7.209519],[109.650299,-7.208053],[109.649804,-7.206884],[109.649587,-7.205964],[109.649616,-7.205639],[109.649684,-7.205429],[109.650126,-7.205028],[109.650462,-7.204904],[109.650817,-7.2048],[109.652123,-7.203751],[109.653286,-7.202807],[109.65342,-7.202616],[109.65368,-7.202464],[109.65441,-7.201806],[109.654823,-7.201433],[109.655371,-7.200746],[109.656198,-7.199858],[109.656544,-7.199486],[109.656536,-7.198969],[109.656884,-7.198157],[109.656533,-7.196663],[109.656429,-7.196471],[109.655932,-7.195771],[109.655625,-7.195598],[109.654717,-7.195088],[109.65421,-7.194732],[109.653243,-7.194385],[109.652985,-7.19424],[109.65265,-7.194134],[109.652314,-7.1942],[109.651709,-7.194667],[109.650768,-7.195401],[109.649644,-7.196164],[109.649405,-7.19624],[109.64906,-7.196162],[109.648821,-7.196056],[109.648677,-7.195922],[109.64842,-7.195471],[109.648228,-7.195384],[109.647941,-7.195403],[109.64774,-7.195354],[109.647156,-7.195113],[109.645825,-7.194583],[109.645116,-7.19438],[109.644944,-7.194331],[109.643939,-7.194147],[109.643127,-7.194024]]}},{"type":"Feature","properties":{"id":814,"nomor_ruas":"IV.3","nama_ruas":"KARANGGONDANG-PEGERPELAH","titik_awal":"IV.10/IV.12/IV.19","titik_akhir":"III.8","panjang_km":0.564,"lebar_m":4},"geometry":{"type":"LineString","coordinates":[[109.698261,-7.290162],[109.698434,-7.290127],[109.698708,-7.290019],[109.698953,-7.289955],[109.699145,-7.289913],[109.699337,-7.28987],[109.699519,-7.289896],[109.699675,-7.289973],[109.699828,-7.290094],[109.700027,-7.290096],[109.700235,-7.290138],[109.700564,-7.290231],[109.700699,-7.290281],[109.700828,-7.290404],[109.70102,-7.290568],[109.701232,-7.290744],[109.70137,-7.290818],[109.701384,-7.290673],[109.70147,-7.290519],[109.701405,-7.29029],[109.701244,-7.290122],[109.701172,-7.289945],[109.701194,-7.289678],[109.701335,-7.289375],[109.701391,-7.289311]]}},{"type":"Feature","properties":{"id":815,"nomor_ruas":"IV.5","nama_ruas":"KARANGKOBAR-DIWEK","titik_awal":"IV.4","titik_akhir":"IV.9","panjang_km":4.492,"lebar_m":3},"geometry":{"type":"LineString","coordinates":[[109.742008,-7.266544],[109.741648,-7.266427],[109.741242,-7.266274],[109.740892,-7.266148],[109.740658,-7.266061],[109.739614,-7.265843],[109.738694,-7.265773],[109.738261,-7.265862],[109.738108,-7.265895],[109.737295,-7.26618],[109.737015,-7.266281],[109.736616,-7.266615],[109.736565,-7.266704],[109.736304,-7.266717],[109.735895,-7.266713],[109.735757,-7.266712],[109.735484,-7.266669],[109.735372,-7.266475],[109.735254,-7.266228],[109.735113,-7.266052],[109.734922,-7.265892],[109.734743,-7.265702],[109.73471,-7.26545],[109.734649,-7.265234],[109.734648,-7.264356],[109.734527,-7.264257],[109.734228,-7.264196],[109.734109,-7.264119],[109.733893,-7.263904],[109.733697,-7.26387],[109.733523,-7.26385],[109.733189,-7.263827],[109.733065,-7.26379],[109.733032,-7.263555],[109.733071,-7.263403],[109.733098,-7.263268],[109.733094,-7.263121],[109.733031,-7.262986],[109.73281,-7.262852],[109.732667,-7.262819],[109.732488,-7.262916],[109.732413,-7.262994],[109.732219,-7.263061],[109.732051,-7.263097],[109.731751,-7.263133],[109.731604,-7.263176],[109.731448,-7.263164],[109.731368,-7.26317],[109.731181,-7.263199],[109.730952,-7.263218],[109.730571,-7.263099],[109.730349,-7.26315],[109.729678,-7.263342],[109.729492,-7.263363],[109.729367,-7.263258],[109.729147,-7.263007],[109.729142,-7.263206],[109.729106,-7.263287],[109.729056,-7.263426],[109.728918,-7.263554],[109.728752,-7.263596],[109.728558,-7.263602],[109.728341,-7.263599],[109.728294,-7.263419],[109.728335,-7.26329],[109.728217,-7.263051],[109.728243,-7.26295],[109.728253,-7.262795],[109.728205,-7.262637],[109.728087,-7.262517],[109.727944,-7.262496],[109.727592,-7.262481],[109.727275,-7.262487],[109.727037,-7.262502],[109.726914,-7.26258],[109.726711,-7.26259],[109.726466,-7.262658],[109.726188,-7.26301],[109.72603,-7.26297],[109.725945,-7.262809],[109.725779,-7.262608],[109.725644,-7.262698],[109.725486,-7.262669],[109.725374,-7.262774],[109.72541,-7.262911],[109.725567,-7.263039],[109.725575,-7.263198],[109.72545,-7.263544],[109.725312,-7.263551],[109.725188,-7.26346],[109.725052,-7.263484],[109.724867,-7.263525],[109.724557,-7.263525],[109.72447,-7.263392],[109.724327,-7.263319],[109.724075,-7.263232],[109.723945,-7.263127],[109.723816,-7.262975],[109.723662,-7.262723],[109.723675,-7.262524],[109.723656,-7.262228],[109.723594,-7.261997],[109.723539,-7.261919],[109.723301,-7.261555],[109.723187,-7.261365],[109.723059,-7.261267],[109.723028,-7.261114],[109.723042,-7.260897],[109.722987,-7.260662],[109.72301,-7.260443],[109.72307,-7.260198],[109.723142,-7.260031],[109.723108,-7.259754],[109.723038,-7.259592],[109.722953,-7.259428],[109.722833,-7.259231],[109.722674,-7.25916],[109.722493,-7.259192],[109.722329,-7.259312],[109.722044,-7.25959],[109.721875,-7.260013],[109.721764,-7.260094],[109.721535,-7.260177],[109.721315,-7.260265],[109.720967,-7.260332],[109.720922,-7.26018],[109.72091,-7.259962],[109.720821,-7.259764],[109.72078,-7.259522],[109.720823,-7.258858],[109.720892,-7.258562],[109.720914,-7.258374],[109.720769,-7.258301],[109.720581,-7.258333],[109.720274,-7.258348],[109.720146,-7.258416],[109.719976,-7.258421],[109.719806,-7.258517],[109.719603,-7.258719],[109.719378,-7.258911],[109.719274,-7.259176],[109.718952,-7.259762],[109.718784,-7.259923],[109.718686,-7.259954],[109.718391,-7.260113],[109.718158,-7.260113],[109.718018,-7.260097],[109.717817,-7.260041],[109.717664,-7.259978],[109.717493,-7.259906],[109.717318,-7.25993],[109.717165,-7.260097],[109.71711,-7.260225],[109.717315,-7.260566],[109.717305,-7.260712],[109.717254,-7.260864],[109.717076,-7.26128],[109.71703,-7.26144],[109.716992,-7.261607],[109.716909,-7.26184],[109.716837,-7.261994],[109.716695,-7.262309],[109.716618,-7.262609],[109.716659,-7.262694]]}},{"type":"Feature","properties":{"id":816,"nomor_ruas":"IV.8","nama_ruas":"KARANGKOBAR-BANTAR","titik_awal":"PASAR KARANGKOBAR/JL PROV","titik_akhir":"IV.2/V.7","panjang_km":1.786,"lebar_m":3},"geometry":{"type":"LineString","coordinates":[[109.741678,-7.272388],[109.74176,-7.27246],[109.741883,-7.272819],[109.74198,-7.273101],[109.742079,-7.273559],[109.7422,-7.273879],[109.742281,-7.27414],[109.74232,-7.274317],[109.742377,-7.274585],[109.742434,-7.275304],[109.742486,-7.275449],[109.742544,-7.275618],[109.742524,-7.275762],[109.742424,-7.275951],[109.74226,-7.27617],[109.742276,-7.276411],[109.742338,-7.276583],[109.742407,-7.276765],[109.742465,-7.276962],[109.742499,-7.277136],[109.742611,-7.27737],[109.742824,-7.2778],[109.742846,-7.277953],[109.742973,-7.278126],[109.74315,-7.278357],[109.743255,-7.278429],[109.743484,-7.278546],[109.743621,-7.278693],[109.74374,-7.278828],[109.743887,-7.278996],[109.744099,-7.279186],[109.744217,-7.279326],[109.744263,-7.279404],[109.744405,-7.279621],[109.744627,-7.279888],[109.744694,-7.280019],[109.744769,-7.280166],[109.744904,-7.280346],[109.744945,-7.280495],[109.744996,-7.280651],[109.745059,-7.280725],[109.74531,-7.280879],[109.745371,-7.280971],[109.745521,-7.281415],[109.745675,-7.281474],[109.745908,-7.281508],[109.746058,-7.281601],[109.746348,-7.281876],[109.746548,-7.28204],[109.746579,-7.282202],[109.746597,-7.282258],[109.746762,-7.282531],[109.746821,-7.282618],[109.746859,-7.282846],[109.746887,-7.282925],[109.746912,-7.283139],[109.746814,-7.283221],[109.746568,-7.28333],[109.746319,-7.283602],[109.746248,-7.283846],[109.746232,-7.284094],[109.74627,-7.284316],[109.746338,-7.284655],[109.746396,-7.284827],[109.746473,-7.285132],[109.746512,-7.285489],[109.746503,-7.28557],[109.74647,-7.28571],[109.746427,-7.285949],[109.746402,-7.286068]]}},{"type":"Feature","properties":{"id":817,"nomor_ruas":"V.3","nama_ruas":"WANARAJA-WOTGALAR","titik_awal":"JL PROP KM 2 HM 2 WNY","titik_akhir":"V.12","panjang_km":2.724,"lebar_m":4},"geometry":{"type":"LineString","coordinates":[[109.760708,-7.2283],[109.759843,-7.228376],[109.759177,-7.228428],[109.758542,-7.228492],[109.758231,-7.228524],[109.757587,-7.228534],[109.757401,-7.22848],[109.757279,-7.22831],[109.756918,-7.22757],[109.756585,-7.226988],[109.756428,-7.226743],[109.756051,-7.226333],[109.755912,-7.226132],[109.755894,-7.225909],[109.755924,-7.225629],[109.755792,-7.225098],[109.755761,-7.224796],[109.755863,-7.224226],[109.75599,-7.223946],[109.756232,-7.223412],[109.756233,-7.223179],[109.756076,-7.222773],[109.755782,-7.222266],[109.755611,-7.22196],[109.755532,-7.221658],[109.755522,-7.221439],[109.755523,-7.221012],[109.755495,-7.220757],[109.755309,-7.220373],[109.755225,-7.21973],[109.755107,-7.219493],[109.755029,-7.219224],[109.754928,-7.21908],[109.754825,-7.218886],[109.754747,-7.218508],[109.754934,-7.218473],[109.755286,-7.218438],[109.755656,-7.218407],[109.755926,-7.218296],[109.756214,-7.218125],[109.756461,-7.217916],[109.756002,-7.217434],[109.755909,-7.21719],[109.755961,-7.216486],[109.75584,-7.216278],[109.755783,-7.21612],[109.755284,-7.214554],[109.754882,-7.214222],[109.754445,-7.213877],[109.754274,-7.213216],[109.75401,-7.212382],[109.753881,-7.212425],[109.753571,-7.212496],[109.753486,-7.212022],[109.753458,-7.211792],[109.753272,-7.211591],[109.752864,-7.211144],[109.752742,-7.211036]]}},{"type":"Feature","properties":{"id":818,"nomor_ruas":"V.1","nama_ruas":"JIWAN-KASIMPAR","titik_awal":"Jalan Provinsi KM 5 HM 4 WNY","titik_akhir":"V.37","panjang_km":2.523,"lebar_m":4},"geometry":{"type":"LineString","coordinates":[[109.772756,-7.213312],[109.772611,-7.212752],[109.77241,-7.211904],[109.772123,-7.21107],[109.772081,-7.210907],[109.772169,-7.210599],[109.772262,-7.21033],[109.772348,-7.209555],[109.772385,-7.209035],[109.772406,-7.208659],[109.772428,-7.208503],[109.772512,-7.208253],[109.772433,-7.207952],[109.772436,-7.207735],[109.772342,-7.207327],[109.772218,-7.206977],[109.772175,-7.206839],[109.772067,-7.206402],[109.772001,-7.206002],[109.771953,-7.205792],[109.771886,-7.205602],[109.771977,-7.205332],[109.772124,-7.205051],[109.772398,-7.204737],[109.7726,-7.204509],[109.772767,-7.20423],[109.77292,-7.203831],[109.773088,-7.203301],[109.773242,-7.202799],[109.773302,-7.202579],[109.773427,-7.202253],[109.773282,-7.201914],[109.773277,-7.201663],[109.773345,-7.20134],[109.77345,-7.201037],[109.773579,-7.200966],[109.773826,-7.20118],[109.773963,-7.201341],[109.77463,-7.201293],[109.774782,-7.201264],[109.775318,-7.201198],[109.775735,-7.201178],[109.775782,-7.201162],[109.776199,-7.201121],[109.776441,-7.201089],[109.77652,-7.200891],[109.776569,-7.200711],[109.776606,-7.200434],[109.776783,-7.200255],[109.777075,-7.199753],[109.777472,-7.199098],[109.777635,-7.19875],[109.777664,-7.198574],[109.77783,-7.198585],[109.778009,-7.198661],[109.778181,-7.198708],[109.778394,-7.198709],[109.778519,-7.198803],[109.778659,-7.198925],[109.778853,-7.198965],[109.779094,-7.198987],[109.779259,-7.199077],[109.77928,-7.19926],[109.779455,-7.199609],[109.779623,-7.199749],[109.779699,-7.199854],[109.779835,-7.199973],[109.780633,-7.200498]]}},{"type":"Feature","properties":{"id":819,"nomor_ruas":"V.11","nama_ruas":"KALIDERES-KARANGMALANG","titik_awal":"V.2","titik_akhir":"Dukuh Karangmalang","panjang_km":2.271,"lebar_m":3},"geometry":{"type":"LineString","coordinates":[[109.759346,-7.204249],[109.758585,-7.204151],[109.757657,-7.203975],[109.757244,-7.203896],[109.756993,-7.20365],[109.756784,-7.203464],[109.755851,-7.203133],[109.755432,-7.202874],[109.755294,-7.202832],[109.755085,-7.202766],[109.754738,-7.202753],[109.754169,-7.202655],[109.753846,-7.202505],[109.753553,-7.202319],[109.753056,-7.202246],[109.752517,-7.202268],[109.75184,-7.202242],[109.751163,-7.202258],[109.750264,-7.202501],[109.749838,-7.202727],[109.749496,-7.203014],[109.749274,-7.203097],[109.749094,-7.203138],[109.748938,-7.203138],[109.748632,-7.203352],[109.748362,-7.203585],[109.748175,-7.203997],[109.748079,-7.204164],[109.748101,-7.204709],[109.748005,-7.204918],[109.747885,-7.205049],[109.747734,-7.205384],[109.747674,-7.205575],[109.747667,-7.205826],[109.747493,-7.206071],[109.746874,-7.206542],[109.746479,-7.206714],[109.746299,-7.20672],[109.745817,-7.20654],[109.745617,-7.206413],[109.74548,-7.206203],[109.745067,-7.205939],[109.74466,-7.205734],[109.744284,-7.205368],[109.744165,-7.205188],[109.74404,-7.204913],[109.74332,-7.205149],[109.743171,-7.204893],[109.742927,-7.204365]]}},{"type":"Feature","properties":{"id":820,"nomor_ruas":"VI.30","nama_ruas":"JL LETNAN  KARJONO","titik_awal":"VI.24","titik_akhir":"VI.3/VI.4/Jalan Nasional","panjang_km":1.325,"lebar_m":6},"geometry":{"type":"LineString","coordinates":[[109.704366,-7.391951],[109.705089,-7.391424],[109.70513,-7.391396],[109.7053,-7.391289],[109.705511,-7.391149],[109.706113,-7.391071],[109.706128,-7.391502],[109.706124,-7.391656],[109.706121,-7.391811],[109.706098,-7.391966],[109.706145,-7.392115],[109.70672,-7.392252],[109.706936,-7.392217],[109.707482,-7.392225],[109.70775,-7.392235],[109.708056,-7.392245],[109.7084,-7.39219],[109.708817,-7.392165],[109.709129,-7.392131],[109.7095,-7.392118],[109.710118,-7.391996],[109.710453,-7.391911],[109.711137,-7.391788],[109.711815,-7.391694],[109.712659,-7.391566],[109.713175,-7.391455],[109.713602,-7.391374],[109.713866,-7.391456],[109.71394,-7.39155],[109.714108,-7.391649],[109.714823,-7.39201]]}},{"type":"Feature","properties":{"id":821,"nomor_ruas":"V.15","nama_ruas":"BITING-SARWODADI","titik_awal":"IV.11","titik_akhir":"V.18/V22","panjang_km":2.453,"lebar_m":4},"geometry":{"type":"LineString","coordinates":[[109.786356,-7.249007],[109.786322,-7.248801],[109.786251,-7.248431],[109.786079,-7.248305],[109.785953,-7.248201],[109.785839,-7.247816],[109.785797,-7.247447],[109.785849,-7.246862],[109.78593,-7.246079],[109.785851,-7.245889],[109.785655,-7.245479],[109.785656,-7.245013],[109.785606,-7.244797],[109.785445,-7.244488],[109.785407,-7.244247],[109.785128,-7.243647],[109.784813,-7.243155],[109.784768,-7.242956],[109.784818,-7.24251],[109.78471,-7.242289],[109.784522,-7.242162],[109.784091,-7.242012],[109.783717,-7.242069],[109.783233,-7.242192],[109.782859,-7.24221],[109.782562,-7.242243],[109.782269,-7.24239],[109.781737,-7.242461],[109.781507,-7.242498],[109.781271,-7.242723],[109.781112,-7.242971],[109.78103,-7.243263],[109.780837,-7.243774],[109.780626,-7.243903],[109.780501,-7.24396],[109.780218,-7.244007],[109.779954,-7.244098],[109.779753,-7.244226],[109.779585,-7.244477],[109.779549,-7.244788],[109.77938,-7.244943],[109.779129,-7.24505],[109.778967,-7.245115],[109.778709,-7.245276],[109.778529,-7.245222],[109.77841,-7.245012],[109.778279,-7.244791],[109.778159,-7.244539],[109.777938,-7.244497],[109.777728,-7.244574],[109.7775,-7.244615],[109.777327,-7.244621],[109.777063,-7.244787],[109.776871,-7.244841],[109.776667,-7.245008],[109.776462,-7.245282],[109.776043,-7.245245],[109.775719,-7.245226],[109.775516,-7.245058],[109.775535,-7.244819],[109.775493,-7.244735],[109.775374,-7.244645],[109.775254,-7.244501],[109.775099,-7.244369],[109.774901,-7.244249],[109.77465,-7.244356],[109.77453,-7.244332],[109.77423,-7.244301],[109.774098,-7.244325],[109.773763,-7.244455],[109.773577,-7.244437],[109.773092,-7.244412],[109.772649,-7.244285]]}},{"type":"Feature","properties":{"id":822,"nomor_ruas":"V.17","nama_ruas":"GROGOL-TLAGABANG","titik_awal":"Jalan Provinsi","titik_akhir":"Jalan Provinsi","panjang_km":3.019,"lebar_m":3},"geometry":{"type":"LineString","coordinates":[[109.792299,-7.208121],[109.792272,-7.207879],[109.792313,-7.207692],[109.792592,-7.207233],[109.792826,-7.207083],[109.792957,-7.206999],[109.793204,-7.206461],[109.793381,-7.206273],[109.793662,-7.20596],[109.793884,-7.205807],[109.794075,-7.205725],[109.79422,-7.205629],[109.794284,-7.205309],[109.794099,-7.205024],[109.794097,-7.204896],[109.794416,-7.204826],[109.794749,-7.204752],[109.794918,-7.204695],[109.795192,-7.204469],[109.795316,-7.204315],[109.795739,-7.203579],[109.795868,-7.203277],[109.795924,-7.203144],[109.796512,-7.201619],[109.796859,-7.200902],[109.797139,-7.200424],[109.797552,-7.199985],[109.797975,-7.19944],[109.798288,-7.198915],[109.798931,-7.198447],[109.799502,-7.198171],[109.799809,-7.198014],[109.800169,-7.197843],[109.800472,-7.197638],[109.800725,-7.197658],[109.801204,-7.197735],[109.801645,-7.197689],[109.801943,-7.197704],[109.802603,-7.197955],[109.802593,-7.198065],[109.802377,-7.198246],[109.802175,-7.198523],[109.801561,-7.198842],[109.800966,-7.199238],[109.801056,-7.199434],[109.80133,-7.199329],[109.80156,-7.199292],[109.802106,-7.199413],[109.802341,-7.199308],[109.802437,-7.199198],[109.80272,-7.199151],[109.803065,-7.199066],[109.803434,-7.199072],[109.803662,-7.199141],[109.803798,-7.199183],[109.804162,-7.199351],[109.804549,-7.199568],[109.804847,-7.19942],[109.805101,-7.199469],[109.805206,-7.199435],[109.805393,-7.199469],[109.805422,-7.199541],[109.805248,-7.199761],[109.805238,-7.200014],[109.805233,-7.200244],[109.805199,-7.200479],[109.805337,-7.20069],[109.805164,-7.200895],[109.805225,-7.201522],[109.805219,-7.201867],[109.805468,-7.202078],[109.805577,-7.202561],[109.805768,-7.202677],[109.805959,-7.202767]]}},{"type":"Feature","properties":{"id":823,"nomor_ruas":"V.20","nama_ruas":"KALILUNJAR-KAREKAN","titik_awal":"V.16","titik_akhir":"V.19","panjang_km":2.47,"lebar_m":3},"geometry":{"type":"LineString","coordinates":[[109.771981,-7.265076],[109.772202,-7.265294],[109.772379,-7.265607],[109.772503,-7.265726],[109.772781,-7.265846],[109.772942,-7.26617],[109.773126,-7.266426],[109.773187,-7.266552],[109.773315,-7.266733],[109.773811,-7.266693],[109.773926,-7.266717],[109.774095,-7.266786],[109.774224,-7.266882],[109.774624,-7.267135],[109.774856,-7.267344],[109.775271,-7.267849],[109.775489,-7.268085],[109.775645,-7.268214],[109.776244,-7.268699],[109.776404,-7.268697],[109.776533,-7.268627],[109.776697,-7.268704],[109.776954,-7.268935],[109.777094,-7.26904],[109.777247,-7.269117],[109.77739,-7.269217],[109.77751,-7.269311],[109.77767,-7.269442],[109.777869,-7.26958],[109.778078,-7.269668],[109.778277,-7.269777],[109.778419,-7.269901],[109.778542,-7.270019],[109.778733,-7.270075],[109.779116,-7.270282],[109.779259,-7.270498],[109.779407,-7.270764],[109.779554,-7.271216],[109.779491,-7.271408],[109.779542,-7.271562],[109.779631,-7.271698],[109.779802,-7.271859],[109.779977,-7.271872],[109.780265,-7.271724],[109.780419,-7.271751],[109.780679,-7.271857],[109.780795,-7.271941],[109.780932,-7.272158],[109.780965,-7.272297],[109.781027,-7.272523],[109.781166,-7.272698],[109.781315,-7.272788],[109.781555,-7.272877],[109.781871,-7.272976],[109.782315,-7.273167],[109.782294,-7.273304],[109.782355,-7.273578],[109.782356,-7.273703],[109.782342,-7.27407],[109.782508,-7.274431],[109.782473,-7.274716],[109.782352,-7.274736],[109.782127,-7.274772],[109.781726,-7.274855],[109.781553,-7.275086],[109.781482,-7.275237],[109.781405,-7.275349],[109.781039,-7.275689],[109.780963,-7.27591],[109.780967,-7.276122],[109.781012,-7.276279],[109.78113,-7.277169],[109.781113,-7.277307],[109.781417,-7.277323],[109.781548,-7.277379],[109.781848,-7.277449],[109.782049,-7.277574],[109.782116,-7.277678],[109.782202,-7.277848],[109.782345,-7.278053],[109.782517,-7.27824],[109.782688,-7.278397],[109.782832,-7.278407],[109.782984,-7.278428],[109.783569,-7.278613]]}},{"type":"Feature","properties":{"id":824,"nomor_ruas":"V.23","nama_ruas":"DERMAYASA-PLUNJARAN","titik_awal":"V.19","titik_akhir":"V.24","panjang_km":2.747,"lebar_m":3},"geometry":{"type":"LineString","coordinates":[[109.794983,-7.26541],[109.795186,-7.265393],[109.795354,-7.265423],[109.795617,-7.26552],[109.795827,-7.265565],[109.796052,-7.265566],[109.796432,-7.265474],[109.796701,-7.265615],[109.796867,-7.265577],[109.797037,-7.26553],[109.797446,-7.265615],[109.797631,-7.265713],[109.797827,-7.265927],[109.797876,-7.266145],[109.797876,-7.266303],[109.797858,-7.266542],[109.797851,-7.26675],[109.79827,-7.266699],[109.79845,-7.266699],[109.798687,-7.266817],[109.798922,-7.266877],[109.799159,-7.266883],[109.799329,-7.266936],[109.799649,-7.267147],[109.800123,-7.267412],[109.800372,-7.267532],[109.800877,-7.267699],[109.800934,-7.267885],[109.801053,-7.268084],[109.801235,-7.268293],[109.801383,-7.268458],[109.801577,-7.268571],[109.801929,-7.268745],[109.802137,-7.269001],[109.802211,-7.269116],[109.802328,-7.269289],[109.802507,-7.269313],[109.803346,-7.269284],[109.803722,-7.269348],[109.803858,-7.269496],[109.804097,-7.269727],[109.804373,-7.269792],[109.804567,-7.269848],[109.804679,-7.269958],[109.804885,-7.270186],[109.805246,-7.270426],[109.805709,-7.27049],[109.805751,-7.270277],[109.805807,-7.269993],[109.805871,-7.26976],[109.805896,-7.269532],[109.805789,-7.269216],[109.805738,-7.269009],[109.80565,-7.268772],[109.805629,-7.2685],[109.805863,-7.268517],[109.806299,-7.268596],[109.806649,-7.26866],[109.806942,-7.268784],[109.807194,-7.268818],[109.807338,-7.268786],[109.80768,-7.268724],[109.808075,-7.268666],[109.808331,-7.268706],[109.808916,-7.268839],[109.809434,-7.268938],[109.809574,-7.269013],[109.809773,-7.26906],[109.810141,-7.269074],[109.810312,-7.268921],[109.810482,-7.268683],[109.810602,-7.268595],[109.810823,-7.268652],[109.811088,-7.268745],[109.811312,-7.268772],[109.811459,-7.268727],[109.811655,-7.268795],[109.811776,-7.268933],[109.812008,-7.26907],[109.812081,-7.269224],[109.812118,-7.269399],[109.812168,-7.269553],[109.812273,-7.269717],[109.812353,-7.269838],[109.812476,-7.269937],[109.812598,-7.270036],[109.812786,-7.270096],[109.812952,-7.26994],[109.81332,-7.269593],[109.813445,-7.269357],[109.813751,-7.269039]]}},{"type":"Feature","properties":{"id":825,"nomor_ruas":"V.28","nama_ruas":"ARIBAYA-SOKARAJA","titik_awal":"V.25","titik_akhir":"I.8","panjang_km":2.646,"lebar_m":3},"geometry":{"type":"LineString","coordinates":[[109.769353,-7.335724],[109.769572,-7.335773],[109.769726,-7.335803],[109.769907,-7.335791],[109.770095,-7.335815],[109.770243,-7.335919],[109.770351,-7.336026],[109.77051,-7.33616],[109.770789,-7.336319],[109.771011,-7.336439],[109.771182,-7.336656],[109.771401,-7.336863],[109.771547,-7.336964],[109.77177,-7.337096],[109.771944,-7.337198],[109.772083,-7.337269],[109.772214,-7.337435],[109.772381,-7.337511],[109.772666,-7.337611],[109.772834,-7.337775],[109.77317,-7.337933],[109.773317,-7.338057],[109.773512,-7.338202],[109.773676,-7.338263],[109.774138,-7.338578],[109.774318,-7.338625],[109.774485,-7.338674],[109.774749,-7.338773],[109.77489,-7.338803],[109.77508,-7.338807],[109.775291,-7.338758],[109.775448,-7.33871],[109.775613,-7.338682],[109.775755,-7.338716],[109.775934,-7.338813],[109.77611,-7.338806],[109.776261,-7.338836],[109.776596,-7.338992],[109.776736,-7.339045],[109.776959,-7.339087],[109.777112,-7.339173],[109.777252,-7.339216],[109.777443,-7.339202],[109.777653,-7.339184],[109.777935,-7.339305],[109.778097,-7.33937],[109.778222,-7.339437],[109.778362,-7.33963],[109.778505,-7.33972],[109.778682,-7.339707],[109.778903,-7.339657],[109.778965,-7.339345],[109.779139,-7.339336],[109.779351,-7.339308],[109.779422,-7.339162],[109.779522,-7.339019],[109.779686,-7.339068],[109.779843,-7.339154],[109.780005,-7.339279],[109.780082,-7.339429],[109.780083,-7.339637],[109.780105,-7.339842],[109.780731,-7.339823],[109.781036,-7.339751],[109.781204,-7.339805],[109.781524,-7.339836],[109.781745,-7.339626],[109.781886,-7.339636],[109.781943,-7.339486],[109.782078,-7.339343],[109.782321,-7.339168],[109.782433,-7.339017],[109.782551,-7.338915],[109.782696,-7.338865],[109.78302,-7.338934],[109.783262,-7.338924],[109.78341,-7.338932],[109.783559,-7.338961],[109.784155,-7.338912],[109.784289,-7.338817],[109.78435,-7.338628],[109.784519,-7.33849],[109.784731,-7.338429],[109.78521,-7.338369],[109.785377,-7.338321],[109.785439,-7.338145],[109.785426,-7.337863],[109.785433,-7.33744],[109.785736,-7.337102],[109.785793,-7.33696],[109.785838,-7.336603],[109.786016,-7.336209],[109.786217,-7.336268],[109.786692,-7.336476],[109.786891,-7.33649],[109.787009,-7.336419],[109.787176,-7.336284],[109.787448,-7.336404],[109.78771,-7.336465],[109.787925,-7.336477],[109.788088,-7.336458],[109.788213,-7.336377],[109.788371,-7.336241],[109.788463,-7.336224]]}},{"type":"Feature","properties":{"id":826,"nomor_ruas":"V.33","nama_ruas":"RATAMBA-MRAMEN","titik_awal":"IV.11","titik_akhir":"V.34","panjang_km":1.974,"lebar_m":3},"geometry":{"type":"LineString","coordinates":[[109.822282,-7.227846],[109.822502,-7.22774],[109.822642,-7.227616],[109.822915,-7.227355],[109.823339,-7.226998],[109.823821,-7.226587],[109.824181,-7.226289],[109.824792,-7.226048],[109.825213,-7.225957],[109.825926,-7.225917],[109.826309,-7.22589],[109.826475,-7.225878],[109.826734,-7.22586],[109.82701,-7.225845],[109.827246,-7.225847],[109.827669,-7.225739],[109.827723,-7.225469],[109.827764,-7.225004],[109.827825,-7.224763],[109.827891,-7.224552],[109.827943,-7.224318],[109.82813,-7.224264],[109.828442,-7.224086],[109.828605,-7.224011],[109.828882,-7.223956],[109.829555,-7.223794],[109.82966,-7.223656],[109.829561,-7.223476],[109.829116,-7.223216],[109.829016,-7.223059],[109.829139,-7.222452],[109.829342,-7.222168],[109.829485,-7.221967],[109.829758,-7.221625],[109.830035,-7.221656],[109.830394,-7.221583],[109.830655,-7.221489],[109.830942,-7.221379],[109.831069,-7.221314],[109.831251,-7.22118],[109.831402,-7.221208],[109.831539,-7.221249],[109.832038,-7.221437],[109.832407,-7.221525],[109.832598,-7.221425],[109.832609,-7.221287],[109.832635,-7.221135],[109.832674,-7.220871],[109.832783,-7.220086],[109.832845,-7.219651],[109.832922,-7.219361],[109.83303,-7.219155],[109.833233,-7.219083],[109.833405,-7.21905],[109.833396,-7.218865]]}},{"type":"Feature","properties":{"id":827,"nomor_ruas":"VI.4","nama_ruas":"JL TENTARA PELAJAR","titik_awal":"VI.3/VI.30","titik_akhir":"TUGU BATAS KOTA ( TIMUR )","panjang_km":2.285,"lebar_m":3},"geometry":{"type":"LineString","coordinates":[[109.715013,-7.392078],[109.715164,-7.39213],[109.715317,-7.39222],[109.715517,-7.392329],[109.715683,-7.392351],[109.71636,-7.392287],[109.716995,-7.392225],[109.717243,-7.392175],[109.717459,-7.392081],[109.717715,-7.391932],[109.717858,-7.391863],[109.718042,-7.391813],[109.718211,-7.391771],[109.718363,-7.39175],[109.718531,-7.391735],[109.718841,-7.391712],[109.719109,-7.391679],[109.719615,-7.391678],[109.720135,-7.391693],[109.720688,-7.391711],[109.721564,-7.391757],[109.721968,-7.391782],[109.722443,-7.391788],[109.723168,-7.391832],[109.723306,-7.391839],[109.72346,-7.391855],[109.724312,-7.391926],[109.724893,-7.391974],[109.725314,-7.392006],[109.726165,-7.392044],[109.726743,-7.392091],[109.727691,-7.392168],[109.728206,-7.392201],[109.728886,-7.392256],[109.72922,-7.392258],[109.729436,-7.392272],[109.730374,-7.392181],[109.730835,-7.392162],[109.731115,-7.392155],[109.731386,-7.392139],[109.731644,-7.392129],[109.731868,-7.392118],[109.732179,-7.392095],[109.732353,-7.39208],[109.733409,-7.391961],[109.733975,-7.39191],[109.734162,-7.391887],[109.735025,-7.391783],[109.735515,-7.39172]]}},{"type":"Feature","properties":{"id":828,"nomor_ruas":"VI.45","nama_ruas":"JL SEDAP MALAM","titik_awal":"VI.32","titik_akhir":"VI.42/VI.43","panjang_km":0.123,"lebar_m":3},"geometry":{"type":"LineString","coordinates":[[109.724475,-7.390739],[109.724755,-7.391213],[109.725317,-7.391272]]}},{"type":"Feature","properties":{"id":829,"nomor_ruas":"V.36","nama_ruas":"PURWAJIWA-BTS KABUPATEN","titik_awal":"JL PROP KM 3 BTR","titik_akhir":"TUGU BTS KAB BATANG","panjang_km":3.801,"lebar_m":4.5},"geometry":{"type":"LineString","coordinates":[[109.817634,-7.20136],[109.817709,-7.20103],[109.817806,-7.200397],[109.817871,-7.200071],[109.818028,-7.199773],[109.818187,-7.199401],[109.818445,-7.198472],[109.818581,-7.198169],[109.818707,-7.197928],[109.818755,-7.197754],[109.818808,-7.197552],[109.818806,-7.197321],[109.818744,-7.19707],[109.818589,-7.196626],[109.818466,-7.196607],[109.81839,-7.196679],[109.81832,-7.196816],[109.818316,-7.197193],[109.818262,-7.197467],[109.818088,-7.197502],[109.817615,-7.197607],[109.817446,-7.197635],[109.817208,-7.197501],[109.816674,-7.197132],[109.816292,-7.196742],[109.816119,-7.196482],[109.816022,-7.196201],[109.81598,-7.195803],[109.816042,-7.195363],[109.816257,-7.194855],[109.816446,-7.194556],[109.816575,-7.194383],[109.816658,-7.194056],[109.816341,-7.193831],[109.816093,-7.193753],[109.815939,-7.19373],[109.815776,-7.19373],[109.815559,-7.193707],[109.815277,-7.193544],[109.81509,-7.193329],[109.814994,-7.192973],[109.814831,-7.192588],[109.814839,-7.192476],[109.815108,-7.192297],[109.815289,-7.192202],[109.815577,-7.19193],[109.815589,-7.191819],[109.815576,-7.191771],[109.815283,-7.191713],[109.815091,-7.19137],[109.814979,-7.191074],[109.814972,-7.190934],[109.815086,-7.19071],[109.815269,-7.190487],[109.815435,-7.190296],[109.815717,-7.190085],[109.815989,-7.189904],[109.816229,-7.189803],[109.816437,-7.189651],[109.816742,-7.189143],[109.816801,-7.188987],[109.816926,-7.188644],[109.817111,-7.188152],[109.817423,-7.18766],[109.817456,-7.187621],[109.8176,-7.18742],[109.818268,-7.186452],[109.818411,-7.186298],[109.818762,-7.185839],[109.81932,-7.184777],[109.819506,-7.184099],[109.819513,-7.183841],[109.819435,-7.18365],[109.819409,-7.183453],[109.819408,-7.183098],[109.819307,-7.182812],[109.819233,-7.182679],[109.818809,-7.182227],[109.818704,-7.182097],[109.818629,-7.181976],[109.818483,-7.181774],[109.818355,-7.181707],[109.818048,-7.181723],[109.817899,-7.181677],[109.817583,-7.18134],[109.817342,-7.181177],[109.817065,-7.181218],[109.816696,-7.181277],[109.816614,-7.181163],[109.816582,-7.180995],[109.816612,-7.18085],[109.816963,-7.180338],[109.817301,-7.17979],[109.817424,-7.179622],[109.817705,-7.179443],[109.818101,-7.179234],[109.818394,-7.179084],[109.818522,-7.178994],[109.81892,-7.178734],[109.81906,-7.178658],[109.819227,-7.178568],[109.819618,-7.17843],[109.819877,-7.178244],[109.819943,-7.178104],[109.820101,-7.178037]]}},{"type":"Feature","properties":{"id":830,"nomor_ruas":"V.4","nama_ruas":"PAYAMAN-DAWUHAN","titik_awal":"JL PROP KM 29 HM 2 BNA","titik_akhir":"IV.11","panjang_km":2.319,"lebar_m":3},"geometry":{"type":"LineString","coordinates":[[109.747374,-7.253159],[109.747421,-7.253379],[109.747454,-7.253549],[109.747582,-7.253772],[109.747648,-7.253896],[109.747825,-7.254136],[109.74793,-7.254318],[109.748432,-7.254669],[109.748484,-7.254846],[109.748551,-7.255033],[109.748704,-7.255292],[109.748702,-7.255694],[109.748817,-7.255881],[109.749099,-7.256116],[109.749333,-7.256365],[109.749419,-7.256548],[109.749514,-7.256763],[109.749648,-7.25695],[109.74994,-7.257157],[109.750332,-7.257474],[109.750504,-7.257532],[109.75083,-7.257588],[109.750926,-7.257599],[109.751269,-7.257724],[109.751726,-7.257866],[109.751857,-7.257991],[109.751979,-7.258091],[109.752301,-7.258243],[109.752423,-7.258369],[109.752581,-7.258648],[109.752773,-7.259161],[109.752777,-7.259362],[109.752808,-7.25954],[109.752796,-7.259732],[109.752839,-7.259902],[109.75291,-7.260018],[109.753088,-7.260366],[109.753097,-7.260539],[109.753057,-7.260744],[109.753034,-7.26099],[109.753083,-7.261159],[109.753206,-7.261312],[109.75339,-7.261385],[109.75354,-7.261477],[109.753709,-7.261658],[109.753846,-7.261845],[109.753771,-7.261934],[109.753662,-7.262062],[109.753744,-7.2623],[109.753711,-7.262565],[109.753828,-7.262942],[109.754094,-7.263227],[109.754199,-7.263376],[109.7544,-7.263613],[109.754489,-7.263705],[109.754924,-7.263974],[109.755149,-7.264182],[109.755163,-7.264272],[109.755211,-7.264601],[109.75543,-7.265109],[109.755635,-7.26527],[109.755699,-7.26535],[109.755786,-7.265506],[109.755945,-7.265676],[109.756028,-7.265887],[109.756081,-7.265971],[109.756144,-7.266363],[109.756252,-7.266484],[109.756433,-7.266946],[109.756532,-7.267263],[109.756528,-7.267523],[109.756507,-7.267608],[109.756446,-7.267781],[109.756372,-7.268027],[109.756289,-7.26845],[109.756444,-7.268799],[109.756456,-7.26888],[109.756442,-7.269179],[109.756502,-7.269295],[109.756611,-7.269549],[109.75659,-7.269722],[109.756569,-7.269791]]}},{"type":"Feature","properties":{"id":831,"nomor_ruas":"V.42","nama_ruas":"KEPAKISAN- BTS KAB. BATANG","titik_awal":"V.31","titik_akhir":"Batas Kab. Batang","panjang_km":3.16,"lebar_m":3},"geometry":{"type":"LineString","coordinates":[[109.880777,-7.199508],[109.880819,-7.199345],[109.880963,-7.199082],[109.881468,-7.198155],[109.881709,-7.197711],[109.881894,-7.197416],[109.882313,-7.196969],[109.882579,-7.196677],[109.882678,-7.196586],[109.882863,-7.196373],[109.883172,-7.196064],[109.883289,-7.195961],[109.883433,-7.195834],[109.883523,-7.19571],[109.883518,-7.195334],[109.883418,-7.195263],[109.883038,-7.195321],[109.882798,-7.195406],[109.882456,-7.195518],[109.882186,-7.195522],[109.881711,-7.19537],[109.881397,-7.195179],[109.881125,-7.194917],[109.880981,-7.194643],[109.880943,-7.194436],[109.88101,-7.194124],[109.881309,-7.193316],[109.881345,-7.193185],[109.881394,-7.193],[109.881439,-7.192843],[109.881588,-7.192315],[109.881674,-7.191738],[109.881686,-7.191153],[109.881705,-7.190674],[109.881714,-7.190524],[109.881742,-7.190017],[109.881865,-7.189471],[109.881986,-7.189171],[109.882056,-7.189052],[109.882252,-7.188868],[109.88242,-7.188773],[109.882656,-7.188704],[109.883155,-7.188752],[109.88358,-7.188723],[109.883936,-7.188587],[109.884208,-7.188369],[109.884414,-7.188125],[109.88444,-7.187804],[109.884444,-7.187669],[109.884598,-7.187275],[109.884648,-7.187073],[109.884517,-7.186665],[109.884399,-7.186312],[109.884416,-7.186102],[109.884521,-7.18591],[109.884658,-7.185787],[109.884905,-7.185758],[109.885358,-7.185981],[109.885545,-7.186089],[109.885911,-7.186368],[109.88629,-7.186569],[109.886567,-7.186663],[109.886848,-7.18665],[109.88713,-7.186584],[109.887601,-7.18642],[109.887784,-7.186386],[109.888028,-7.186293],[109.888522,-7.185951],[109.888783,-7.185778],[109.888977,-7.185685],[109.889527,-7.185473],[109.889881,-7.185271],[109.890084,-7.185066],[109.890364,-7.184796],[109.890648,-7.184601],[109.890624,-7.184466],[109.890536,-7.183929],[109.890557,-7.183587],[109.890546,-7.183179],[109.890597,-7.182957],[109.890783,-7.182728],[109.890932,-7.182639],[109.891231,-7.182665],[109.891374,-7.182888]]}},{"type":"Feature","properties":{"id":832,"nomor_ruas":"V.41","nama_ruas":"CONDONGCAMPUR-GEMBOL","titik_awal":"Jalan Prov./Lap. Ds Gembol","titik_akhir":"V.30","panjang_km":1.94,"lebar_m":3},"geometry":{"type":"LineString","coordinates":[[109.867782,-7.225892],[109.867615,-7.22618],[109.867052,-7.227112],[109.866937,-7.227241],[109.866053,-7.227765],[109.865578,-7.228075],[109.865218,-7.228213],[109.865031,-7.228241],[109.864816,-7.228183],[109.864644,-7.228135],[109.864303,-7.228234],[109.863968,-7.228224],[109.863877,-7.228138],[109.86369,-7.228084],[109.863235,-7.228035],[109.862353,-7.22789],[109.862271,-7.228248],[109.862026,-7.228411],[109.861958,-7.229013],[109.861923,-7.229315],[109.861841,-7.229458],[109.861759,-7.229673],[109.861323,-7.229801],[109.861117,-7.229806],[109.860925,-7.229829],[109.860786,-7.229858],[109.860513,-7.229957],[109.86034,-7.22999],[109.860019,-7.229932],[109.859598,-7.229807],[109.859306,-7.229672],[109.859182,-7.229385],[109.859139,-7.22926],[109.858559,-7.229336],[109.858674,-7.229246],[109.858684,-7.229102],[109.858824,-7.228839],[109.858327,-7.228374],[109.857968,-7.228114],[109.857303,-7.227744],[109.856829,-7.227475],[109.856699,-7.227647],[109.85656,-7.227771],[109.85632,-7.227957],[109.855917,-7.228128],[109.855524,-7.228099],[109.855318,-7.227955],[109.855093,-7.227863],[109.854686,-7.227771]]}},{"type":"Feature","properties":{"id":833,"nomor_ruas":"V.5","nama_ruas":"PAYAMAN-PESANTREN","titik_awal":"JL PROP KM 29 HM 1 BNA","titik_akhir":"JL PROP KM 32 HM 4 BNA","panjang_km":3.696,"lebar_m":4},"geometry":{"type":"LineString","coordinates":[[109.74722,-7.252461],[109.74701,-7.252461],[109.74666,-7.252478],[109.74577,-7.252508],[109.745129,-7.252545],[109.744671,-7.252496],[109.744503,-7.252528],[109.744086,-7.252835],[109.743678,-7.252969],[109.743252,-7.253066],[109.742719,-7.253035],[109.742489,-7.253031],[109.742216,-7.253016],[109.74189,-7.252946],[109.74168,-7.252799],[109.741448,-7.252439],[109.741128,-7.252286],[109.740521,-7.251841],[109.74018,-7.251679],[109.739821,-7.25154],[109.7393,-7.251554],[109.738748,-7.251615],[109.738274,-7.251919],[109.737929,-7.252148],[109.737617,-7.252255],[109.737288,-7.252317],[109.737135,-7.25226],[109.736959,-7.252199],[109.736453,-7.251956],[109.736139,-7.25188],[109.735929,-7.251886],[109.735731,-7.251939],[109.735291,-7.251845],[109.735045,-7.25191],[109.734829,-7.252023],[109.734415,-7.252267],[109.734242,-7.252201],[109.734012,-7.252012],[109.733767,-7.251862],[109.733485,-7.25178],[109.733278,-7.251839],[109.733051,-7.251848],[109.732863,-7.251608],[109.732652,-7.251582],[109.732605,-7.251472],[109.732651,-7.251162],[109.732697,-7.250782],[109.732857,-7.250295],[109.733023,-7.250095],[109.733266,-7.249826],[109.733315,-7.249423],[109.733124,-7.249276],[109.733047,-7.248943],[109.73306,-7.248384],[109.732926,-7.248177],[109.732747,-7.247902],[109.732706,-7.247758],[109.732679,-7.247504],[109.732611,-7.247366],[109.73222,-7.246749],[109.731919,-7.246467],[109.731496,-7.246579],[109.73128,-7.24654],[109.731041,-7.246431],[109.731014,-7.246291],[109.73103,-7.24592],[109.731004,-7.245624],[109.730846,-7.245318],[109.730613,-7.245198],[109.730389,-7.245033],[109.730105,-7.244757],[109.729693,-7.244286],[109.729481,-7.244136],[109.729224,-7.244066],[109.728412,-7.243923],[109.727984,-7.243859],[109.727709,-7.243787],[109.727383,-7.243589],[109.727186,-7.24337],[109.726672,-7.242722],[109.726392,-7.242294],[109.726003,-7.242026],[109.725376,-7.242015],[109.725391,-7.241537],[109.725467,-7.241233],[109.72563,-7.240885],[109.725721,-7.240555],[109.725866,-7.240128],[109.726036,-7.239601],[109.726243,-7.239221]]}},{"type":"Feature","properties":{"id":834,"nomor_ruas":"V.6","nama_ruas":"TEMPURAN-BALUN","titik_awal":"JL PROP KM 30 HM 6-7 BNA","titik_akhir":"Jalan Provinsi","panjang_km":2.218,"lebar_m":3},"geometry":{"type":"LineString","coordinates":[[109.741167,-7.238066],[109.721189,-7.235796]]}},{"type":"Feature","properties":{"id":835,"nomor_ruas":"V.7","nama_ruas":"BANTAR-SUWIDAK","titik_awal":"IV.2/IV.8","titik_akhir":"DESA SUWIDAK","panjang_km":1.849,"lebar_m":3.5},"geometry":{"type":"LineString","coordinates":[[109.739223,-7.308535],[109.739296,-7.308654],[109.739382,-7.308855],[109.73945,-7.308929],[109.739653,-7.309097],[109.739674,-7.309247],[109.739727,-7.309398],[109.739882,-7.309483],[109.739952,-7.309597],[109.740191,-7.309856],[109.740299,-7.309873],[109.740542,-7.30982],[109.740557,-7.309969],[109.740543,-7.310144],[109.740561,-7.310301],[109.740589,-7.310482],[109.74058,-7.310734],[109.740971,-7.311025],[109.741153,-7.311032],[109.741237,-7.311076],[109.741132,-7.311164],[109.741339,-7.31133],[109.741412,-7.311373],[109.741674,-7.31148],[109.741828,-7.311528],[109.741919,-7.311756],[109.741912,-7.3119],[109.741941,-7.312083],[109.74202,-7.312227],[109.742192,-7.312505],[109.742209,-7.312666],[109.742281,-7.312809],[109.74234,-7.312978],[109.742412,-7.313099],[109.742458,-7.313154],[109.742735,-7.31338],[109.742807,-7.313528],[109.742875,-7.313685],[109.742941,-7.313771],[109.743021,-7.313965],[109.743086,-7.314114],[109.743232,-7.314234],[109.743334,-7.314383],[109.743368,-7.314584],[109.743411,-7.31475],[109.743484,-7.314825],[109.743687,-7.314915],[109.743898,-7.315017],[109.74408,-7.315071],[109.744313,-7.315284],[109.744366,-7.315418],[109.744378,-7.315578],[109.744583,-7.315804],[109.745102,-7.316267],[109.745251,-7.316433],[109.745378,-7.316579],[109.745492,-7.31668],[109.745539,-7.316828],[109.745534,-7.316952],[109.745473,-7.317118],[109.745394,-7.317327],[109.745335,-7.317647],[109.74525,-7.317846],[109.745306,-7.317984],[109.74541,-7.318108],[109.745469,-7.318136],[109.745732,-7.318227],[109.745778,-7.318354],[109.745701,-7.318495],[109.745723,-7.31859],[109.745821,-7.318775],[109.745897,-7.318881],[109.746046,-7.319129],[109.746183,-7.319222],[109.746291,-7.31939],[109.746307,-7.319595],[109.746337,-7.319701],[109.746498,-7.31985],[109.746747,-7.319914],[109.746942,-7.319849],[109.747107,-7.31985],[109.747289,-7.319889],[109.747427,-7.31999],[109.747514,-7.320192],[109.747541,-7.320369],[109.747599,-7.320467],[109.747674,-7.320493]]}},{"type":"Feature","properties":{"id":836,"nomor_ruas":"VI.47","nama_ruas":"JL KALIBENDA I","titik_awal":"VI.4/Jalan Nasional","titik_akhir":"VI.47","panjang_km":0.131,"lebar_m":3},"geometry":{"type":"LineString","coordinates":[[109.72919,-7.39223],[109.72914,-7.391674],[109.728992,-7.391182],[109.728952,-7.391079]]}},{"type":"Feature","properties":{"id":837,"nomor_ruas":"VI.5","nama_ruas":"JL AL MUNAWAROH","titik_awal":"VI.1/I.15","titik_akhir":"I.30/VI.7","panjang_km":0.787,"lebar_m":8.35},"geometry":{"type":"LineString","coordinates":[[109.686012,-7.399466],[109.686008,-7.398981],[109.686007,-7.398661],[109.686041,-7.398394],[109.686119,-7.398052],[109.68617,-7.397922],[109.686305,-7.397589],[109.686571,-7.397004],[109.68689,-7.396332],[109.687027,-7.396035],[109.687166,-7.3957],[109.687289,-7.395698],[109.687496,-7.395713],[109.688137,-7.395683],[109.688865,-7.395664],[109.68904,-7.395595],[109.689281,-7.395484],[109.68943,-7.395462],[109.689541,-7.395524],[109.68983,-7.39547],[109.69007,-7.395435],[109.690109,-7.3953]]}},{"type":"Feature","properties":{"id":838,"nomor_ruas":"VI.57","nama_ruas":"JL GARUDA","titik_awal":"VI.3/Jalan Nasional","titik_akhir":"VI.69","panjang_km":0.814,"lebar_m":3},"geometry":{"type":"LineString","coordinates":[[109.712746,-7.392343],[109.712659,-7.391566],[109.711693,-7.391694],[109.711137,-7.391788],[109.710426,-7.391939],[109.710118,-7.391996],[109.7095,-7.392118],[109.709129,-7.392131],[109.708782,-7.392155],[109.708303,-7.392251],[109.707986,-7.392238],[109.70775,-7.392235],[109.70742,-7.392194],[109.706838,-7.392252],[109.70664,-7.392242],[109.706145,-7.392115]]}},{"type":"Feature","properties":{"id":839,"nomor_ruas":"II.10","nama_ruas":"MANDIRAJA-SOMAWANGI","titik_awal":"II.11","titik_akhir":"II.8","panjang_km":0.12,"lebar_m":4.5},"geometry":{"type":"LineString","coordinates":[[109.521434,-7.458282],[109.521579,-7.458326],[109.522109,-7.458337],[109.522514,-7.458347]]}},{"type":"Feature","properties":{"id":840,"nomor_ruas":"II.36","nama_ruas":"SUSUKAN-BTS PURBALINGGA","titik_awal":"JL Nasional KM 13 HM 9 BMS","titik_akhir":"K.SERAYU","panjang_km":2.604,"lebar_m":4},"geometry":{"type":"LineString","coordinates":[[109.39308,-7.496406],[109.392699,-7.496205],[109.392269,-7.495857],[109.391988,-7.495766],[109.391803,-7.495622],[109.391708,-7.495328],[109.391271,-7.495052],[109.390751,-7.494691],[109.390111,-7.493149],[109.390015,-7.492918],[109.388933,-7.490348],[109.388262,-7.488761],[109.388041,-7.488652],[109.387376,-7.488518],[109.3867,-7.488294],[109.385963,-7.488208],[109.385197,-7.488064],[109.385218,-7.487295],[109.385215,-7.486917],[109.385163,-7.486783],[109.385102,-7.48629],[109.385189,-7.486085],[109.385682,-7.485154],[109.386184,-7.484151],[109.386599,-7.483358],[109.386777,-7.483157],[109.387027,-7.482981],[109.387073,-7.482178],[109.387807,-7.482099],[109.388307,-7.481862],[109.388528,-7.481618],[109.388755,-7.481155],[109.388447,-7.480283],[109.388357,-7.4799],[109.388191,-7.479383],[109.388049,-7.478937]]}},{"type":"Feature","properties":{"id":841,"nomor_ruas":"III.2","nama_ruas":"PASEH-SIPEDANG","titik_awal":"III.3","titik_akhir":"III.5","panjang_km":5.259,"lebar_m":0},"geometry":{"type":"LineString","coordinates":[[109.670642,-7.352231],[109.670665,-7.35211],[109.670679,-7.352038],[109.670746,-7.351646],[109.670715,-7.351496],[109.670585,-7.351374],[109.670298,-7.351296],[109.670058,-7.35126],[109.670007,-7.351183],[109.669883,-7.350859],[109.669717,-7.35056],[109.669691,-7.350484],[109.669674,-7.350135],[109.669626,-7.349968],[109.6695,-7.349717],[109.669071,-7.349339],[109.669045,-7.349173],[109.669066,-7.349096],[109.669234,-7.348705],[109.669185,-7.34851],[109.669074,-7.348305],[109.668363,-7.347931],[109.668343,-7.347901],[109.668321,-7.347087],[109.668274,-7.346579],[109.668554,-7.346143],[109.668505,-7.345591],[109.668264,-7.345249],[109.668262,-7.344909],[109.668122,-7.344335],[109.668122,-7.344157],[109.667974,-7.344182],[109.667817,-7.344208],[109.667448,-7.344199],[109.667282,-7.344116],[109.667158,-7.343976],[109.666966,-7.343774],[109.666817,-7.343615],[109.66662,-7.343484],[109.666492,-7.343475],[109.666293,-7.343595],[109.666119,-7.343656],[109.665922,-7.343655],[109.665573,-7.343523],[109.66523,-7.343406],[109.665155,-7.343426],[109.665012,-7.343473],[109.664886,-7.343528],[109.664782,-7.343571],[109.664118,-7.343838],[109.664035,-7.343845],[109.663883,-7.34382],[109.663714,-7.34377],[109.663579,-7.34367],[109.663345,-7.343418],[109.663243,-7.34331],[109.663092,-7.343103],[109.663069,-7.342707],[109.662993,-7.342586],[109.662883,-7.342568],[109.662796,-7.342589],[109.6625,-7.342725],[109.662341,-7.342775],[109.662183,-7.34278],[109.662018,-7.342768],[109.661634,-7.342662],[109.661338,-7.342546],[109.661108,-7.342475],[109.661048,-7.342408],[109.661008,-7.342344],[109.660828,-7.342061],[109.660494,-7.341867],[109.66042,-7.341793],[109.660314,-7.34165],[109.660226,-7.341512],[109.660025,-7.341128],[109.659986,-7.341112],[109.659783,-7.341082],[109.659612,-7.340923],[109.659604,-7.34055],[109.659629,-7.340358],[109.659618,-7.340072],[109.659574,-7.339834],[109.659499,-7.339576],[109.659482,-7.339409],[109.659486,-7.339315],[109.659502,-7.339121],[109.659529,-7.338859],[109.65952,-7.338479],[109.659458,-7.338007],[109.659401,-7.337565],[109.659306,-7.337036],[109.659184,-7.336615],[109.659089,-7.336398],[109.658985,-7.336179],[109.658779,-7.335817],[109.658615,-7.335477],[109.658547,-7.335336],[109.658489,-7.335216],[109.658328,-7.334897],[109.658194,-7.334673],[109.657971,-7.334314],[109.657505,-7.333688],[109.657404,-7.333584],[109.657143,-7.33333],[109.657049,-7.333221],[109.656908,-7.332981],[109.656896,-7.332932],[109.656858,-7.332612],[109.656815,-7.332315],[109.656754,-7.332106],[109.656625,-7.331724],[109.65666,-7.331638],[109.656673,-7.33142],[109.656732,-7.3312],[109.656762,-7.331138],[109.65684,-7.330981],[109.656903,-7.330764],[109.656885,-7.33067],[109.656767,-7.330462],[109.656725,-7.33025],[109.656727,-7.330215],[109.656772,-7.329979],[109.656818,-7.329872],[109.656936,-7.329629],[109.657031,-7.329401],[109.657097,-7.329206],[109.657174,-7.329055],[109.65721,-7.328908],[109.657278,-7.328726],[109.657367,-7.328617],[109.657408,-7.328442],[109.65746,-7.328302],[109.657481,-7.328271],[109.657618,-7.328065],[109.657776,-7.327804],[109.657812,-7.327677],[109.657811,-7.327573],[109.657831,-7.32714],[109.657849,-7.327126],[109.658009,-7.326998],[109.658338,-7.326621],[109.658336,-7.326498],[109.658283,-7.326415],[109.658116,-7.326148],[109.658112,-7.32609],[109.658146,-7.325739],[109.658185,-7.325725],[109.658488,-7.325717],[109.65868,-7.325652],[109.658761,-7.325532],[109.658768,-7.325493],[109.658802,-7.32521],[109.658894,-7.32509],[109.659039,-7.325054],[109.659145,-7.32495],[109.659184,-7.324724],[109.659141,-7.324353],[109.65918,-7.324216],[109.659284,-7.32414],[109.659486,-7.324087],[109.659555,-7.324007],[109.659581,-7.323863],[109.659555,-7.32365],[109.659453,-7.323493],[109.659415,-7.323355],[109.659323,-7.322973],[109.659229,-7.322785],[109.659148,-7.322582],[109.659098,-7.322445],[109.659043,-7.322177],[109.659058,-7.321936],[109.659068,-7.321755],[109.658665,-7.321718],[109.658122,-7.321602],[109.657814,-7.321439],[109.657653,-7.321395],[109.656982,-7.321103],[109.6569,-7.321033],[109.656691,-7.320928],[109.65657,-7.32083],[109.656463,-7.320693],[109.656358,-7.320604],[109.656156,-7.320467],[109.655922,-7.32031],[109.655809,-7.320142],[109.655777,-7.320058],[109.655767,-7.319832],[109.655426,-7.319394],[109.655417,-7.319237],[109.655449,-7.319065],[109.655464,-7.318931],[109.655476,-7.31871],[109.655435,-7.318407],[109.655395,-7.318289]]}}]}